-20,99,KrJdnTMMVDWfCp551Qm4vrD43ZQ=,Cw7w2uXABRn6nWuHrr5E4gdYC+Q=
-22,99,KrJdnTMMVDWfCp551Qm4vrD43ZQ=,Cw7w2uXABRn6nWuHrr5E4gdYC+Q=
-23,99,KrJdnTMMVDWfCp551Qm4vrD43ZQ=,Cw7w2uXABRn6nWuHrr5E4gdYC+Q=
-21,99,KrJdnTMMVDWfCp551Qm4vrD43ZQ=,Cw7w2uXABRn6nWuHrr5E4gdYC+Q=
-19,98,KrJdnTMMVDWfCp551Qm4vrD43ZQ=,Cw7w2uXABRn6nWuHrr5E4gdYC+Q=
-21,98,KrJdnTMMVDWfCp551Qm4vrD43ZQ=,Cw7w2uXABRn6nWuHrr5E4gdYC+Q=
-20,98,KrJdnTMMVDWfCp551Qm4vrD43ZQ=,Cw7w2uXABRn6nWuHrr5E4gdYC+Q=
-18,98,KrJdnTMMVDWfCp551Qm4vrD43ZQ=,Cw7w2uXABRn6nWuHrr5E4gdYC+Q=
-22,98,KrJdnTMMVDWfCp551Qm4vrD43ZQ=,Cw7w2uXABRn6nWuHrr5E4gdYC+Q=
-18,102,KrJdnTMMVDWfCp551Qm4vrD43ZQ=,Cw7w2uXABRn6nWuHrr5E4gdYC+Q=
-19,102,KrJdnTMMVDWfCp551Qm4vrD43ZQ=,Cw7w2uXABRn6nWuHrr5E4gdYC+Q=
-20,102,KrJdnTMMVDWfCp551Qm4vrD43ZQ=,Cw7w2uXABRn6nWuHrr5E4gdYC+Q=
-21,102,KrJdnTMMVDWfCp551Qm4vrD43ZQ=,Cw7w2uXABRn6nWuHrr5E4gdYC+Q=
-22,102,KrJdnTMMVDWfCp551Qm4vrD43ZQ=,Cw7w2uXABRn6nWuHrr5E4gdYC+Q=
-23,98,KrJdnTMMVDWfCp551Qm4vrD43ZQ=,Cw7w2uXABRn6nWuHrr5E4gdYC+Q=
-19,97,KrJdnTMMVDWfCp551Qm4vrD43ZQ=,Cw7w2uXABRn6nWuHrr5E4gdYC+Q=
-18,97,KrJdnTMMVDWfCp551Qm4vrD43ZQ=,Cw7w2uXABRn6nWuHrr5E4gdYC+Q=
-23,102,KrJdnTMMVDWfCp551Qm4vrD43ZQ=,Cw7w2uXABRn6nWuHrr5E4gdYC+Q=
-20,97,KrJdnTMMVDWfCp551Qm4vrD43ZQ=,Cw7w2uXABRn6nWuHrr5E4gdYC+Q=
-21,97,KrJdnTMMVDWfCp551Qm4vrD43ZQ=,Cw7w2uXABRn6nWuHrr5E4gdYC+Q=
-22,97,KrJdnTMMVDWfCp551Qm4vrD43ZQ=,Cw7w2uXABRn6nWuHrr5E4gdYC+Q=
-18,101,KrJdnTMMVDWfCp551Qm4vrD43ZQ=,Cw7w2uXABRn6nWuHrr5E4gdYC+Q=
-23,97,KrJdnTMMVDWfCp551Qm4vrD43ZQ=,Cw7w2uXABRn6nWuHrr5E4gdYC+Q=
-19,101,KrJdnTMMVDWfCp551Qm4vrD43ZQ=,Cw7w2uXABRn6nWuHrr5E4gdYC+Q=
-21,101,KrJdnTMMVDWfCp551Qm4vrD43ZQ=,Cw7w2uXABRn6nWuHrr5E4gdYC+Q=
-20,101,KrJdnTMMVDWfCp551Qm4vrD43ZQ=,Cw7w2uXABRn6nWuHrr5E4gdYC+Q=
-23,101,KrJdnTMMVDWfCp551Qm4vrD43ZQ=,Cw7w2uXABRn6nWuHrr5E4gdYC+Q=
-18,100,KrJdnTMMVDWfCp551Qm4vrD43ZQ=,Cw7w2uXABRn6nWuHrr5E4gdYC+Q=
-22,101,KrJdnTMMVDWfCp551Qm4vrD43ZQ=,Cw7w2uXABRn6nWuHrr5E4gdYC+Q=
-19,100,KrJdnTMMVDWfCp551Qm4vrD43ZQ=,Cw7w2uXABRn6nWuHrr5E4gdYC+Q=
-20,100,KrJdnTMMVDWfCp551Qm4vrD43ZQ=,Cw7w2uXABRn6nWuHrr5E4gdYC+Q=
-22,100,KrJdnTMMVDWfCp551Qm4vrD43ZQ=,Cw7w2uXABRn6nWuHrr5E4gdYC+Q=
-23,100,KrJdnTMMVDWfCp551Qm4vrD43ZQ=,Cw7w2uXABRn6nWuHrr5E4gdYC+Q=
-21,100,KrJdnTMMVDWfCp551Qm4vrD43ZQ=,Cw7w2uXABRn6nWuHrr5E4gdYC+Q=
-18,99,KrJdnTMMVDWfCp551Qm4vrD43ZQ=,Cw7w2uXABRn6nWuHrr5E4gdYC+Q=
-19,99,KrJdnTMMVDWfCp551Qm4vrD43ZQ=,Cw7w2uXABRn6nWuHrr5E4gdYC+Q=
-20,107,KrJdnTMMVDWfCp551Qm4vrD43ZQ=,fnwh53JtFxIHQ8zOSu2W2ruOFVA=
-18,107,KrJdnTMMVDWfCp551Qm4vrD43ZQ=,fnwh53JtFxIHQ8zOSu2W2ruOFVA=
-19,107,KrJdnTMMVDWfCp551Qm4vrD43ZQ=,fnwh53JtFxIHQ8zOSu2W2ruOFVA=
-21,107,KrJdnTMMVDWfCp551Qm4vrD43ZQ=,fnwh53JtFxIHQ8zOSu2W2ruOFVA=
-23,107,KrJdnTMMVDWfCp551Qm4vrD43ZQ=,fnwh53JtFxIHQ8zOSu2W2ruOFVA=
-22,107,KrJdnTMMVDWfCp551Qm4vrD43ZQ=,fnwh53JtFxIHQ8zOSu2W2ruOFVA=
-18,106,KrJdnTMMVDWfCp551Qm4vrD43ZQ=,fnwh53JtFxIHQ8zOSu2W2ruOFVA=
-19,103,KrJdnTMMVDWfCp551Qm4vrD43ZQ=,Cw7w2uXABRn6nWuHrr5E4gdYC+Q=
-18,103,KrJdnTMMVDWfCp551Qm4vrD43ZQ=,Cw7w2uXABRn6nWuHrr5E4gdYC+Q=
-20,106,KrJdnTMMVDWfCp551Qm4vrD43ZQ=,fnwh53JtFxIHQ8zOSu2W2ruOFVA=
-19,106,KrJdnTMMVDWfCp551Qm4vrD43ZQ=,fnwh53JtFxIHQ8zOSu2W2ruOFVA=
-21,106,KrJdnTMMVDWfCp551Qm4vrD43ZQ=,fnwh53JtFxIHQ8zOSu2W2ruOFVA=
-20,103,KrJdnTMMVDWfCp551Qm4vrD43ZQ=,Cw7w2uXABRn6nWuHrr5E4gdYC+Q=
-22,108,KrJdnTMMVDWfCp551Qm4vrD43ZQ=,fnwh53JtFxIHQ8zOSu2W2ruOFVA=
-23,108,KrJdnTMMVDWfCp551Qm4vrD43ZQ=,fnwh53JtFxIHQ8zOSu2W2ruOFVA=
-21,108,KrJdnTMMVDWfCp551Qm4vrD43ZQ=,fnwh53JtFxIHQ8zOSu2W2ruOFVA=
-20,108,KrJdnTMMVDWfCp551Qm4vrD43ZQ=,fnwh53JtFxIHQ8zOSu2W2ruOFVA=
-19,108,KrJdnTMMVDWfCp551Qm4vrD43ZQ=,fnwh53JtFxIHQ8zOSu2W2ruOFVA=
-18,108,KrJdnTMMVDWfCp551Qm4vrD43ZQ=,fnwh53JtFxIHQ8zOSu2W2ruOFVA=
-21,103,KrJdnTMMVDWfCp551Qm4vrD43ZQ=,Cw7w2uXABRn6nWuHrr5E4gdYC+Q=
-18,110,KrJdnTMMVDWfCp551Qm4vrD43ZQ=,fnwh53JtFxIHQ8zOSu2W2ruOFVA=
-22,103,KrJdnTMMVDWfCp551Qm4vrD43ZQ=,Cw7w2uXABRn6nWuHrr5E4gdYC+Q=
-23,103,KrJdnTMMVDWfCp551Qm4vrD43ZQ=,Cw7w2uXABRn6nWuHrr5E4gdYC+Q=
-19,110,KrJdnTMMVDWfCp551Qm4vrD43ZQ=,fnwh53JtFxIHQ8zOSu2W2ruOFVA=
-20,110,KrJdnTMMVDWfCp551Qm4vrD43ZQ=,fnwh53JtFxIHQ8zOSu2W2ruOFVA=
-22,106,KrJdnTMMVDWfCp551Qm4vrD43ZQ=,fnwh53JtFxIHQ8zOSu2W2ruOFVA=
-23,106,KrJdnTMMVDWfCp551Qm4vrD43ZQ=,fnwh53JtFxIHQ8zOSu2W2ruOFVA=
-21,110,KrJdnTMMVDWfCp551Qm4vrD43ZQ=,fnwh53JtFxIHQ8zOSu2W2ruOFVA=
-18,105,KrJdnTMMVDWfCp551Qm4vrD43ZQ=,fnwh53JtFxIHQ8zOSu2W2ruOFVA=
-22,110,KrJdnTMMVDWfCp551Qm4vrD43ZQ=,fnwh53JtFxIHQ8zOSu2W2ruOFVA=
-19,105,KrJdnTMMVDWfCp551Qm4vrD43ZQ=,fnwh53JtFxIHQ8zOSu2W2ruOFVA=
-20,105,KrJdnTMMVDWfCp551Qm4vrD43ZQ=,fnwh53JtFxIHQ8zOSu2W2ruOFVA=
-21,105,KrJdnTMMVDWfCp551Qm4vrD43ZQ=,fnwh53JtFxIHQ8zOSu2W2ruOFVA=
-23,110,KrJdnTMMVDWfCp551Qm4vrD43ZQ=,fnwh53JtFxIHQ8zOSu2W2ruOFVA=
-22,105,KrJdnTMMVDWfCp551Qm4vrD43ZQ=,fnwh53JtFxIHQ8zOSu2W2ruOFVA=
-18,109,KrJdnTMMVDWfCp551Qm4vrD43ZQ=,fnwh53JtFxIHQ8zOSu2W2ruOFVA=
-23,105,KrJdnTMMVDWfCp551Qm4vrD43ZQ=,fnwh53JtFxIHQ8zOSu2W2ruOFVA=
-19,109,KrJdnTMMVDWfCp551Qm4vrD43ZQ=,fnwh53JtFxIHQ8zOSu2W2ruOFVA=
-20,109,KrJdnTMMVDWfCp551Qm4vrD43ZQ=,fnwh53JtFxIHQ8zOSu2W2ruOFVA=
-23,109,KrJdnTMMVDWfCp551Qm4vrD43ZQ=,fnwh53JtFxIHQ8zOSu2W2ruOFVA=
-22,109,KrJdnTMMVDWfCp551Qm4vrD43ZQ=,fnwh53JtFxIHQ8zOSu2W2ruOFVA=
-23,104,KrJdnTMMVDWfCp551Qm4vrD43ZQ=,fnwh53JtFxIHQ8zOSu2W2ruOFVA=
-22,104,KrJdnTMMVDWfCp551Qm4vrD43ZQ=,fnwh53JtFxIHQ8zOSu2W2ruOFVA=
-21,109,KrJdnTMMVDWfCp551Qm4vrD43ZQ=,fnwh53JtFxIHQ8zOSu2W2ruOFVA=
-18,104,KrJdnTMMVDWfCp551Qm4vrD43ZQ=,fnwh53JtFxIHQ8zOSu2W2ruOFVA=
-21,104,KrJdnTMMVDWfCp551Qm4vrD43ZQ=,fnwh53JtFxIHQ8zOSu2W2ruOFVA=
-20,104,KrJdnTMMVDWfCp551Qm4vrD43ZQ=,fnwh53JtFxIHQ8zOSu2W2ruOFVA=
-19,104,KrJdnTMMVDWfCp551Qm4vrD43ZQ=,fnwh53JtFxIHQ8zOSu2W2ruOFVA=
-28,99,KrJdnTMMVDWfCp551Qm4vrD43ZQ=,t4mhQMcxtj/6l8cQYNilWxMtq2o=
-27,99,KrJdnTMMVDWfCp551Qm4vrD43ZQ=,t4mhQMcxtj/6l8cQYNilWxMtq2o=
-26,98,KrJdnTMMVDWfCp551Qm4vrD43ZQ=,t4mhQMcxtj/6l8cQYNilWxMtq2o=
-26,99,KrJdnTMMVDWfCp551Qm4vrD43ZQ=,t4mhQMcxtj/6l8cQYNilWxMtq2o=
-29,99,KrJdnTMMVDWfCp551Qm4vrD43ZQ=,t4mhQMcxtj/6l8cQYNilWxMtq2o=
-25,99,KrJdnTMMVDWfCp551Qm4vrD43ZQ=,t4mhQMcxtj/6l8cQYNilWxMtq2o=
-30,99,KrJdnTMMVDWfCp551Qm4vrD43ZQ=,t4mhQMcxtj/6l8cQYNilWxMtq2o=
-30,97,KrJdnTMMVDWfCp551Qm4vrD43ZQ=,t4mhQMcxtj/6l8cQYNilWxMtq2o=
-31,98,KrJdnTMMVDWfCp551Qm4vrD43ZQ=,t4mhQMcxtj/6l8cQYNilWxMtq2o=
-31,100,KrJdnTMMVDWfCp551Qm4vrD43ZQ=,t4mhQMcxtj/6l8cQYNilWxMtq2o=
-25,102,KrJdnTMMVDWfCp551Qm4vrD43ZQ=,t4mhQMcxtj/6l8cQYNilWxMtq2o=
-28,102,KrJdnTMMVDWfCp551Qm4vrD43ZQ=,t4mhQMcxtj/6l8cQYNilWxMtq2o=
-29,102,KrJdnTMMVDWfCp551Qm4vrD43ZQ=,t4mhQMcxtj/6l8cQYNilWxMtq2o=
-24,102,KrJdnTMMVDWfCp551Qm4vrD43ZQ=,Cw7w2uXABRn6nWuHrr5E4gdYC+Q=
-24,97,KrJdnTMMVDWfCp551Qm4vrD43ZQ=,Cw7w2uXABRn6nWuHrr5E4gdYC+Q=
-30,102,KrJdnTMMVDWfCp551Qm4vrD43ZQ=,t4mhQMcxtj/6l8cQYNilWxMtq2o=
-24,99,KrJdnTMMVDWfCp551Qm4vrD43ZQ=,Cw7w2uXABRn6nWuHrr5E4gdYC+Q=
-31,102,KrJdnTMMVDWfCp551Qm4vrD43ZQ=,t4mhQMcxtj/6l8cQYNilWxMtq2o=
-27,98,KrJdnTMMVDWfCp551Qm4vrD43ZQ=,t4mhQMcxtj/6l8cQYNilWxMtq2o=
-26,97,KrJdnTMMVDWfCp551Qm4vrD43ZQ=,t4mhQMcxtj/6l8cQYNilWxMtq2o=
-24,101,KrJdnTMMVDWfCp551Qm4vrD43ZQ=,Cw7w2uXABRn6nWuHrr5E4gdYC+Q=
-28,98,KrJdnTMMVDWfCp551Qm4vrD43ZQ=,t4mhQMcxtj/6l8cQYNilWxMtq2o=
-29,98,KrJdnTMMVDWfCp551Qm4vrD43ZQ=,t4mhQMcxtj/6l8cQYNilWxMtq2o=
-25,97,KrJdnTMMVDWfCp551Qm4vrD43ZQ=,t4mhQMcxtj/6l8cQYNilWxMtq2o=
-25,98,KrJdnTMMVDWfCp551Qm4vrD43ZQ=,t4mhQMcxtj/6l8cQYNilWxMtq2o=
-30,98,KrJdnTMMVDWfCp551Qm4vrD43ZQ=,t4mhQMcxtj/6l8cQYNilWxMtq2o=
-30,100,KrJdnTMMVDWfCp551Qm4vrD43ZQ=,t4mhQMcxtj/6l8cQYNilWxMtq2o=
-29,100,KrJdnTMMVDWfCp551Qm4vrD43ZQ=,t4mhQMcxtj/6l8cQYNilWxMtq2o=
-31,97,KrJdnTMMVDWfCp551Qm4vrD43ZQ=,t4mhQMcxtj/6l8cQYNilWxMtq2o=
-28,100,KrJdnTMMVDWfCp551Qm4vrD43ZQ=,t4mhQMcxtj/6l8cQYNilWxMtq2o=
-27,102,KrJdnTMMVDWfCp551Qm4vrD43ZQ=,t4mhQMcxtj/6l8cQYNilWxMtq2o=
-27,97,KrJdnTMMVDWfCp551Qm4vrD43ZQ=,t4mhQMcxtj/6l8cQYNilWxMtq2o=
-31,99,KrJdnTMMVDWfCp551Qm4vrD43ZQ=,t4mhQMcxtj/6l8cQYNilWxMtq2o=
-28,101,KrJdnTMMVDWfCp551Qm4vrD43ZQ=,t4mhQMcxtj/6l8cQYNilWxMtq2o=
-28,97,KrJdnTMMVDWfCp551Qm4vrD43ZQ=,t4mhQMcxtj/6l8cQYNilWxMtq2o=
-29,101,KrJdnTMMVDWfCp551Qm4vrD43ZQ=,t4mhQMcxtj/6l8cQYNilWxMtq2o=
-31,101,KrJdnTMMVDWfCp551Qm4vrD43ZQ=,t4mhQMcxtj/6l8cQYNilWxMtq2o=
-30,101,KrJdnTMMVDWfCp551Qm4vrD43ZQ=,t4mhQMcxtj/6l8cQYNilWxMtq2o=
-29,97,KrJdnTMMVDWfCp551Qm4vrD43ZQ=,t4mhQMcxtj/6l8cQYNilWxMtq2o=
-27,100,KrJdnTMMVDWfCp551Qm4vrD43ZQ=,t4mhQMcxtj/6l8cQYNilWxMtq2o=
-26,100,KrJdnTMMVDWfCp551Qm4vrD43ZQ=,t4mhQMcxtj/6l8cQYNilWxMtq2o=
-27,101,KrJdnTMMVDWfCp551Qm4vrD43ZQ=,t4mhQMcxtj/6l8cQYNilWxMtq2o=
-26,102,KrJdnTMMVDWfCp551Qm4vrD43ZQ=,t4mhQMcxtj/6l8cQYNilWxMtq2o=
-25,101,KrJdnTMMVDWfCp551Qm4vrD43ZQ=,t4mhQMcxtj/6l8cQYNilWxMtq2o=
-24,98,KrJdnTMMVDWfCp551Qm4vrD43ZQ=,Cw7w2uXABRn6nWuHrr5E4gdYC+Q=
-26,101,KrJdnTMMVDWfCp551Qm4vrD43ZQ=,t4mhQMcxtj/6l8cQYNilWxMtq2o=
-24,100,KrJdnTMMVDWfCp551Qm4vrD43ZQ=,Cw7w2uXABRn6nWuHrr5E4gdYC+Q=
-25,100,KrJdnTMMVDWfCp551Qm4vrD43ZQ=,t4mhQMcxtj/6l8cQYNilWxMtq2o=
-29,107,KrJdnTMMVDWfCp551Qm4vrD43ZQ=,gSQ5Z9O3y0R6KdzdwMztmdORuzQ=
-28,107,KrJdnTMMVDWfCp551Qm4vrD43ZQ=,gSQ5Z9O3y0R6KdzdwMztmdORuzQ=
-29,103,KrJdnTMMVDWfCp551Qm4vrD43ZQ=,t4mhQMcxtj/6l8cQYNilWxMtq2o=
-28,103,KrJdnTMMVDWfCp551Qm4vrD43ZQ=,t4mhQMcxtj/6l8cQYNilWxMtq2o=
-31,107,KrJdnTMMVDWfCp551Qm4vrD43ZQ=,gSQ5Z9O3y0R6KdzdwMztmdORuzQ=
-25,103,KrJdnTMMVDWfCp551Qm4vrD43ZQ=,t4mhQMcxtj/6l8cQYNilWxMtq2o=
-24,103,KrJdnTMMVDWfCp551Qm4vrD43ZQ=,Cw7w2uXABRn6nWuHrr5E4gdYC+Q=
-27,107,KrJdnTMMVDWfCp551Qm4vrD43ZQ=,gSQ5Z9O3y0R6KdzdwMztmdORuzQ=
-30,103,KrJdnTMMVDWfCp551Qm4vrD43ZQ=,t4mhQMcxtj/6l8cQYNilWxMtq2o=
-27,106,KrJdnTMMVDWfCp551Qm4vrD43ZQ=,gSQ5Z9O3y0R6KdzdwMztmdORuzQ=
-26,107,KrJdnTMMVDWfCp551Qm4vrD43ZQ=,gSQ5Z9O3y0R6KdzdwMztmdORuzQ=
-31,103,KrJdnTMMVDWfCp551Qm4vrD43ZQ=,t4mhQMcxtj/6l8cQYNilWxMtq2o=
-30,107,KrJdnTMMVDWfCp551Qm4vrD43ZQ=,gSQ5Z9O3y0R6KdzdwMztmdORuzQ=
-29,106,KrJdnTMMVDWfCp551Qm4vrD43ZQ=,gSQ5Z9O3y0R6KdzdwMztmdORuzQ=
-30,106,KrJdnTMMVDWfCp551Qm4vrD43ZQ=,gSQ5Z9O3y0R6KdzdwMztmdORuzQ=
-28,106,KrJdnTMMVDWfCp551Qm4vrD43ZQ=,gSQ5Z9O3y0R6KdzdwMztmdORuzQ=
-31,106,KrJdnTMMVDWfCp551Qm4vrD43ZQ=,gSQ5Z9O3y0R6KdzdwMztmdORuzQ=
-28,110,KrJdnTMMVDWfCp551Qm4vrD43ZQ=,gSQ5Z9O3y0R6KdzdwMztmdORuzQ=
-29,110,KrJdnTMMVDWfCp551Qm4vrD43ZQ=,gSQ5Z9O3y0R6KdzdwMztmdORuzQ=
-30,110,KrJdnTMMVDWfCp551Qm4vrD43ZQ=,gSQ5Z9O3y0R6KdzdwMztmdORuzQ=
-31,110,KrJdnTMMVDWfCp551Qm4vrD43ZQ=,gSQ5Z9O3y0R6KdzdwMztmdORuzQ=
-24,104,KrJdnTMMVDWfCp551Qm4vrD43ZQ=,fnwh53JtFxIHQ8zOSu2W2ruOFVA=
-25,110,KrJdnTMMVDWfCp551Qm4vrD43ZQ=,gSQ5Z9O3y0R6KdzdwMztmdORuzQ=
-26,110,KrJdnTMMVDWfCp551Qm4vrD43ZQ=,gSQ5Z9O3y0R6KdzdwMztmdORuzQ=
-27,105,KrJdnTMMVDWfCp551Qm4vrD43ZQ=,gSQ5Z9O3y0R6KdzdwMztmdORuzQ=
-28,105,KrJdnTMMVDWfCp551Qm4vrD43ZQ=,gSQ5Z9O3y0R6KdzdwMztmdORuzQ=
-26,106,KrJdnTMMVDWfCp551Qm4vrD43ZQ=,gSQ5Z9O3y0R6KdzdwMztmdORuzQ=
-29,105,KrJdnTMMVDWfCp551Qm4vrD43ZQ=,gSQ5Z9O3y0R6KdzdwMztmdORuzQ=
-25,107,KrJdnTMMVDWfCp551Qm4vrD43ZQ=,gSQ5Z9O3y0R6KdzdwMztmdORuzQ=
-26,105,KrJdnTMMVDWfCp551Qm4vrD43ZQ=,gSQ5Z9O3y0R6KdzdwMztmdORuzQ=
-30,105,KrJdnTMMVDWfCp551Qm4vrD43ZQ=,gSQ5Z9O3y0R6KdzdwMztmdORuzQ=
-25,109,KrJdnTMMVDWfCp551Qm4vrD43ZQ=,gSQ5Z9O3y0R6KdzdwMztmdORuzQ=
-31,105,KrJdnTMMVDWfCp551Qm4vrD43ZQ=,gSQ5Z9O3y0R6KdzdwMztmdORuzQ=
-26,103,KrJdnTMMVDWfCp551Qm4vrD43ZQ=,t4mhQMcxtj/6l8cQYNilWxMtq2o=
-27,110,KrJdnTMMVDWfCp551Qm4vrD43ZQ=,gSQ5Z9O3y0R6KdzdwMztmdORuzQ=
-24,110,KrJdnTMMVDWfCp551Qm4vrD43ZQ=,fnwh53JtFxIHQ8zOSu2W2ruOFVA=
-31,108,KrJdnTMMVDWfCp551Qm4vrD43ZQ=,gSQ5Z9O3y0R6KdzdwMztmdORuzQ=
-30,108,KrJdnTMMVDWfCp551Qm4vrD43ZQ=,gSQ5Z9O3y0R6KdzdwMztmdORuzQ=
-27,103,KrJdnTMMVDWfCp551Qm4vrD43ZQ=,t4mhQMcxtj/6l8cQYNilWxMtq2o=
-24,106,KrJdnTMMVDWfCp551Qm4vrD43ZQ=,fnwh53JtFxIHQ8zOSu2W2ruOFVA=
-24,105,KrJdnTMMVDWfCp551Qm4vrD43ZQ=,fnwh53JtFxIHQ8zOSu2W2ruOFVA=
-30,109,KrJdnTMMVDWfCp551Qm4vrD43ZQ=,gSQ5Z9O3y0R6KdzdwMztmdORuzQ=
-24,107,KrJdnTMMVDWfCp551Qm4vrD43ZQ=,fnwh53JtFxIHQ8zOSu2W2ruOFVA=
-28,104,KrJdnTMMVDWfCp551Qm4vrD43ZQ=,gSQ5Z9O3y0R6KdzdwMztmdORuzQ=
-29,104,KrJdnTMMVDWfCp551Qm4vrD43ZQ=,gSQ5Z9O3y0R6KdzdwMztmdORuzQ=
-26,109,KrJdnTMMVDWfCp551Qm4vrD43ZQ=,gSQ5Z9O3y0R6KdzdwMztmdORuzQ=
-31,104,KrJdnTMMVDWfCp551Qm4vrD43ZQ=,gSQ5Z9O3y0R6KdzdwMztmdORuzQ=
-30,104,KrJdnTMMVDWfCp551Qm4vrD43ZQ=,gSQ5Z9O3y0R6KdzdwMztmdORuzQ=
-27,104,KrJdnTMMVDWfCp551Qm4vrD43ZQ=,gSQ5Z9O3y0R6KdzdwMztmdORuzQ=
-25,106,KrJdnTMMVDWfCp551Qm4vrD43ZQ=,gSQ5Z9O3y0R6KdzdwMztmdORuzQ=
-29,109,KrJdnTMMVDWfCp551Qm4vrD43ZQ=,gSQ5Z9O3y0R6KdzdwMztmdORuzQ=
-25,104,KrJdnTMMVDWfCp551Qm4vrD43ZQ=,gSQ5Z9O3y0R6KdzdwMztmdORuzQ=
-28,109,KrJdnTMMVDWfCp551Qm4vrD43ZQ=,gSQ5Z9O3y0R6KdzdwMztmdORuzQ=
-27,108,KrJdnTMMVDWfCp551Qm4vrD43ZQ=,gSQ5Z9O3y0R6KdzdwMztmdORuzQ=
-25,105,KrJdnTMMVDWfCp551Qm4vrD43ZQ=,gSQ5Z9O3y0R6KdzdwMztmdORuzQ=
-25,108,KrJdnTMMVDWfCp551Qm4vrD43ZQ=,gSQ5Z9O3y0R6KdzdwMztmdORuzQ=
-26,108,KrJdnTMMVDWfCp551Qm4vrD43ZQ=,gSQ5Z9O3y0R6KdzdwMztmdORuzQ=
-24,108,KrJdnTMMVDWfCp551Qm4vrD43ZQ=,fnwh53JtFxIHQ8zOSu2W2ruOFVA=
-24,109,KrJdnTMMVDWfCp551Qm4vrD43ZQ=,fnwh53JtFxIHQ8zOSu2W2ruOFVA=
-29,108,KrJdnTMMVDWfCp551Qm4vrD43ZQ=,gSQ5Z9O3y0R6KdzdwMztmdORuzQ=
-26,104,KrJdnTMMVDWfCp551Qm4vrD43ZQ=,gSQ5Z9O3y0R6KdzdwMztmdORuzQ=
-31,109,KrJdnTMMVDWfCp551Qm4vrD43ZQ=,gSQ5Z9O3y0R6KdzdwMztmdORuzQ=
-27,109,KrJdnTMMVDWfCp551Qm4vrD43ZQ=,gSQ5Z9O3y0R6KdzdwMztmdORuzQ=
-28,108,KrJdnTMMVDWfCp551Qm4vrD43ZQ=,gSQ5Z9O3y0R6KdzdwMztmdORuzQ=
-26,111,KrJdnTMMVDWfCp551Qm4vrD43ZQ=,gSQ5Z9O3y0R6KdzdwMztmdORuzQ=
-19,111,KrJdnTMMVDWfCp551Qm4vrD43ZQ=,fnwh53JtFxIHQ8zOSu2W2ruOFVA=
-31,111,KrJdnTMMVDWfCp551Qm4vrD43ZQ=,gSQ5Z9O3y0R6KdzdwMztmdORuzQ=
-24,111,KrJdnTMMVDWfCp551Qm4vrD43ZQ=,fnwh53JtFxIHQ8zOSu2W2ruOFVA=
-25,111,KrJdnTMMVDWfCp551Qm4vrD43ZQ=,gSQ5Z9O3y0R6KdzdwMztmdORuzQ=
-30,111,KrJdnTMMVDWfCp551Qm4vrD43ZQ=,gSQ5Z9O3y0R6KdzdwMztmdORuzQ=
-18,111,KrJdnTMMVDWfCp551Qm4vrD43ZQ=,fnwh53JtFxIHQ8zOSu2W2ruOFVA=
-23,111,KrJdnTMMVDWfCp551Qm4vrD43ZQ=,fnwh53JtFxIHQ8zOSu2W2ruOFVA=
-20,111,KrJdnTMMVDWfCp551Qm4vrD43ZQ=,fnwh53JtFxIHQ8zOSu2W2ruOFVA=
-28,111,KrJdnTMMVDWfCp551Qm4vrD43ZQ=,gSQ5Z9O3y0R6KdzdwMztmdORuzQ=
-21,111,KrJdnTMMVDWfCp551Qm4vrD43ZQ=,fnwh53JtFxIHQ8zOSu2W2ruOFVA=
-29,111,KrJdnTMMVDWfCp551Qm4vrD43ZQ=,gSQ5Z9O3y0R6KdzdwMztmdORuzQ=
-27,111,KrJdnTMMVDWfCp551Qm4vrD43ZQ=,gSQ5Z9O3y0R6KdzdwMztmdORuzQ=
-22,111,KrJdnTMMVDWfCp551Qm4vrD43ZQ=,fnwh53JtFxIHQ8zOSu2W2ruOFVA=
-17,106,KrJdnTMMVDWfCp551Qm4vrD43ZQ=,fnwh53JtFxIHQ8zOSu2W2ruOFVA=
-17,105,KrJdnTMMVDWfCp551Qm4vrD43ZQ=,fnwh53JtFxIHQ8zOSu2W2ruOFVA=
-17,110,KrJdnTMMVDWfCp551Qm4vrD43ZQ=,fnwh53JtFxIHQ8zOSu2W2ruOFVA=
-17,108,KrJdnTMMVDWfCp551Qm4vrD43ZQ=,fnwh53JtFxIHQ8zOSu2W2ruOFVA=
-17,107,KrJdnTMMVDWfCp551Qm4vrD43ZQ=,fnwh53JtFxIHQ8zOSu2W2ruOFVA=
-17,109,KrJdnTMMVDWfCp551Qm4vrD43ZQ=,fnwh53JtFxIHQ8zOSu2W2ruOFVA=
-17,103,KrJdnTMMVDWfCp551Qm4vrD43ZQ=,Cw7w2uXABRn6nWuHrr5E4gdYC+Q=
-17,98,KrJdnTMMVDWfCp551Qm4vrD43ZQ=,Cw7w2uXABRn6nWuHrr5E4gdYC+Q=
-17,97,KrJdnTMMVDWfCp551Qm4vrD43ZQ=,Cw7w2uXABRn6nWuHrr5E4gdYC+Q=
-17,104,KrJdnTMMVDWfCp551Qm4vrD43ZQ=,fnwh53JtFxIHQ8zOSu2W2ruOFVA=
-17,99,KrJdnTMMVDWfCp551Qm4vrD43ZQ=,Cw7w2uXABRn6nWuHrr5E4gdYC+Q=
-17,102,KrJdnTMMVDWfCp551Qm4vrD43ZQ=,Cw7w2uXABRn6nWuHrr5E4gdYC+Q=
-17,101,KrJdnTMMVDWfCp551Qm4vrD43ZQ=,Cw7w2uXABRn6nWuHrr5E4gdYC+Q=
-17,100,KrJdnTMMVDWfCp551Qm4vrD43ZQ=,Cw7w2uXABRn6nWuHrr5E4gdYC+Q=
-32,99,KrJdnTMMVDWfCp551Qm4vrD43ZQ=,t4mhQMcxtj/6l8cQYNilWxMtq2o=
-32,100,KrJdnTMMVDWfCp551Qm4vrD43ZQ=,t4mhQMcxtj/6l8cQYNilWxMtq2o=
-32,102,KrJdnTMMVDWfCp551Qm4vrD43ZQ=,t4mhQMcxtj/6l8cQYNilWxMtq2o=
-32,101,KrJdnTMMVDWfCp551Qm4vrD43ZQ=,t4mhQMcxtj/6l8cQYNilWxMtq2o=
-32,98,KrJdnTMMVDWfCp551Qm4vrD43ZQ=,t4mhQMcxtj/6l8cQYNilWxMtq2o=
-32,97,KrJdnTMMVDWfCp551Qm4vrD43ZQ=,t4mhQMcxtj/6l8cQYNilWxMtq2o=
-18,96,KrJdnTMMVDWfCp551Qm4vrD43ZQ=,Cw7w2uXABRn6nWuHrr5E4gdYC+Q=
-19,96,KrJdnTMMVDWfCp551Qm4vrD43ZQ=,Cw7w2uXABRn6nWuHrr5E4gdYC+Q=
-23,96,KrJdnTMMVDWfCp551Qm4vrD43ZQ=,Cw7w2uXABRn6nWuHrr5E4gdYC+Q=
-22,96,KrJdnTMMVDWfCp551Qm4vrD43ZQ=,Cw7w2uXABRn6nWuHrr5E4gdYC+Q=
-20,96,KrJdnTMMVDWfCp551Qm4vrD43ZQ=,Cw7w2uXABRn6nWuHrr5E4gdYC+Q=
-21,96,KrJdnTMMVDWfCp551Qm4vrD43ZQ=,Cw7w2uXABRn6nWuHrr5E4gdYC+Q=
-30,96,KrJdnTMMVDWfCp551Qm4vrD43ZQ=,t4mhQMcxtj/6l8cQYNilWxMtq2o=
-27,96,KrJdnTMMVDWfCp551Qm4vrD43ZQ=,t4mhQMcxtj/6l8cQYNilWxMtq2o=
-29,96,KrJdnTMMVDWfCp551Qm4vrD43ZQ=,t4mhQMcxtj/6l8cQYNilWxMtq2o=
-26,96,KrJdnTMMVDWfCp551Qm4vrD43ZQ=,t4mhQMcxtj/6l8cQYNilWxMtq2o=
-28,96,KrJdnTMMVDWfCp551Qm4vrD43ZQ=,t4mhQMcxtj/6l8cQYNilWxMtq2o=
-31,96,KrJdnTMMVDWfCp551Qm4vrD43ZQ=,t4mhQMcxtj/6l8cQYNilWxMtq2o=
-32,103,KrJdnTMMVDWfCp551Qm4vrD43ZQ=,t4mhQMcxtj/6l8cQYNilWxMtq2o=
-32,107,KrJdnTMMVDWfCp551Qm4vrD43ZQ=,gSQ5Z9O3y0R6KdzdwMztmdORuzQ=
-32,105,KrJdnTMMVDWfCp551Qm4vrD43ZQ=,gSQ5Z9O3y0R6KdzdwMztmdORuzQ=
-32,106,KrJdnTMMVDWfCp551Qm4vrD43ZQ=,gSQ5Z9O3y0R6KdzdwMztmdORuzQ=
-32,104,KrJdnTMMVDWfCp551Qm4vrD43ZQ=,gSQ5Z9O3y0R6KdzdwMztmdORuzQ=
-32,108,KrJdnTMMVDWfCp551Qm4vrD43ZQ=,gSQ5Z9O3y0R6KdzdwMztmdORuzQ=
-24,96,KrJdnTMMVDWfCp551Qm4vrD43ZQ=,Cw7w2uXABRn6nWuHrr5E4gdYC+Q=
-32,109,KrJdnTMMVDWfCp551Qm4vrD43ZQ=,gSQ5Z9O3y0R6KdzdwMztmdORuzQ=
-32,110,KrJdnTMMVDWfCp551Qm4vrD43ZQ=,gSQ5Z9O3y0R6KdzdwMztmdORuzQ=
-25,96,KrJdnTMMVDWfCp551Qm4vrD43ZQ=,t4mhQMcxtj/6l8cQYNilWxMtq2o=
-17,96,KrJdnTMMVDWfCp551Qm4vrD43ZQ=,Cw7w2uXABRn6nWuHrr5E4gdYC+Q=
-32,111,KrJdnTMMVDWfCp551Qm4vrD43ZQ=,gSQ5Z9O3y0R6KdzdwMztmdORuzQ=
-17,111,KrJdnTMMVDWfCp551Qm4vrD43ZQ=,fnwh53JtFxIHQ8zOSu2W2ruOFVA=
-32,96,KrJdnTMMVDWfCp551Qm4vrD43ZQ=,t4mhQMcxtj/6l8cQYNilWxMtq2o=
-25,116,krGtidNF/+h/t/A1i3eSc/CyC5I=,/FHsdCXETy0hdN21LvfUC9foKVE=
-32,118,krGtidNF/+h/t/A1i3eSc/CyC5I=,/FHsdCXETy0hdN21LvfUC9foKVE=
-29,119,krGtidNF/+h/t/A1i3eSc/CyC5I=,/FHsdCXETy0hdN21LvfUC9foKVE=
-29,118,krGtidNF/+h/t/A1i3eSc/CyC5I=,/FHsdCXETy0hdN21LvfUC9foKVE=
-30,119,krGtidNF/+h/t/A1i3eSc/CyC5I=,/FHsdCXETy0hdN21LvfUC9foKVE=
-26,117,krGtidNF/+h/t/A1i3eSc/CyC5I=,/FHsdCXETy0hdN21LvfUC9foKVE=
-28,117,krGtidNF/+h/t/A1i3eSc/CyC5I=,/FHsdCXETy0hdN21LvfUC9foKVE=
-27,117,krGtidNF/+h/t/A1i3eSc/CyC5I=,/FHsdCXETy0hdN21LvfUC9foKVE=
-25,118,krGtidNF/+h/t/A1i3eSc/CyC5I=,/FHsdCXETy0hdN21LvfUC9foKVE=
-29,113,krGtidNF/+h/t/A1i3eSc/CyC5I=,/FHsdCXETy0hdN21LvfUC9foKVE=
-26,118,krGtidNF/+h/t/A1i3eSc/CyC5I=,/FHsdCXETy0hdN21LvfUC9foKVE=
-30,112,krGtidNF/+h/t/A1i3eSc/CyC5I=,/FHsdCXETy0hdN21LvfUC9foKVE=
-30,113,krGtidNF/+h/t/A1i3eSc/CyC5I=,/FHsdCXETy0hdN21LvfUC9foKVE=
-29,112,krGtidNF/+h/t/A1i3eSc/CyC5I=,/FHsdCXETy0hdN21LvfUC9foKVE=
-30,117,krGtidNF/+h/t/A1i3eSc/CyC5I=,/FHsdCXETy0hdN21LvfUC9foKVE=
-27,116,krGtidNF/+h/t/A1i3eSc/CyC5I=,/FHsdCXETy0hdN21LvfUC9foKVE=
-29,117,krGtidNF/+h/t/A1i3eSc/CyC5I=,/FHsdCXETy0hdN21LvfUC9foKVE=
-32,113,krGtidNF/+h/t/A1i3eSc/CyC5I=,/FHsdCXETy0hdN21LvfUC9foKVE=
-28,119,krGtidNF/+h/t/A1i3eSc/CyC5I=,/FHsdCXETy0hdN21LvfUC9foKVE=
-31,113,krGtidNF/+h/t/A1i3eSc/CyC5I=,/FHsdCXETy0hdN21LvfUC9foKVE=
-30,116,krGtidNF/+h/t/A1i3eSc/CyC5I=,/FHsdCXETy0hdN21LvfUC9foKVE=
-31,112,krGtidNF/+h/t/A1i3eSc/CyC5I=,/FHsdCXETy0hdN21LvfUC9foKVE=
-25,115,krGtidNF/+h/t/A1i3eSc/CyC5I=,/FHsdCXETy0hdN21LvfUC9foKVE=
-29,116,krGtidNF/+h/t/A1i3eSc/CyC5I=,/FHsdCXETy0hdN21LvfUC9foKVE=
-27,115,krGtidNF/+h/t/A1i3eSc/CyC5I=,/FHsdCXETy0hdN21LvfUC9foKVE=
-28,116,krGtidNF/+h/t/A1i3eSc/CyC5I=,/FHsdCXETy0hdN21LvfUC9foKVE=
-26,115,krGtidNF/+h/t/A1i3eSc/CyC5I=,/FHsdCXETy0hdN21LvfUC9foKVE=
-29,115,krGtidNF/+h/t/A1i3eSc/CyC5I=,/FHsdCXETy0hdN21LvfUC9foKVE=
-28,115,krGtidNF/+h/t/A1i3eSc/CyC5I=,/FHsdCXETy0hdN21LvfUC9foKVE=
-31,117,krGtidNF/+h/t/A1i3eSc/CyC5I=,/FHsdCXETy0hdN21LvfUC9foKVE=
-30,115,krGtidNF/+h/t/A1i3eSc/CyC5I=,/FHsdCXETy0hdN21LvfUC9foKVE=
-31,115,krGtidNF/+h/t/A1i3eSc/CyC5I=,/FHsdCXETy0hdN21LvfUC9foKVE=
-31,116,krGtidNF/+h/t/A1i3eSc/CyC5I=,/FHsdCXETy0hdN21LvfUC9foKVE=
-28,113,krGtidNF/+h/t/A1i3eSc/CyC5I=,/FHsdCXETy0hdN21LvfUC9foKVE=
-30,118,krGtidNF/+h/t/A1i3eSc/CyC5I=,/FHsdCXETy0hdN21LvfUC9foKVE=
-25,112,krGtidNF/+h/t/A1i3eSc/CyC5I=,/FHsdCXETy0hdN21LvfUC9foKVE=
-27,119,krGtidNF/+h/t/A1i3eSc/CyC5I=,/FHsdCXETy0hdN21LvfUC9foKVE=
-27,112,krGtidNF/+h/t/A1i3eSc/CyC5I=,/FHsdCXETy0hdN21LvfUC9foKVE=
-25,114,krGtidNF/+h/t/A1i3eSc/CyC5I=,/FHsdCXETy0hdN21LvfUC9foKVE=
-26,112,krGtidNF/+h/t/A1i3eSc/CyC5I=,/FHsdCXETy0hdN21LvfUC9foKVE=
-26,114,krGtidNF/+h/t/A1i3eSc/CyC5I=,/FHsdCXETy0hdN21LvfUC9foKVE=
-27,114,krGtidNF/+h/t/A1i3eSc/CyC5I=,/FHsdCXETy0hdN21LvfUC9foKVE=
-32,114,krGtidNF/+h/t/A1i3eSc/CyC5I=,/FHsdCXETy0hdN21LvfUC9foKVE=
-32,112,krGtidNF/+h/t/A1i3eSc/CyC5I=,/FHsdCXETy0hdN21LvfUC9foKVE=
-31,119,krGtidNF/+h/t/A1i3eSc/CyC5I=,/FHsdCXETy0hdN21LvfUC9foKVE=
-28,114,krGtidNF/+h/t/A1i3eSc/CyC5I=,/FHsdCXETy0hdN21LvfUC9foKVE=
-26,113,krGtidNF/+h/t/A1i3eSc/CyC5I=,/FHsdCXETy0hdN21LvfUC9foKVE=
-26,119,krGtidNF/+h/t/A1i3eSc/CyC5I=,/FHsdCXETy0hdN21LvfUC9foKVE=
-30,114,krGtidNF/+h/t/A1i3eSc/CyC5I=,/FHsdCXETy0hdN21LvfUC9foKVE=
-29,114,krGtidNF/+h/t/A1i3eSc/CyC5I=,/FHsdCXETy0hdN21LvfUC9foKVE=
-27,113,krGtidNF/+h/t/A1i3eSc/CyC5I=,/FHsdCXETy0hdN21LvfUC9foKVE=
-25,113,krGtidNF/+h/t/A1i3eSc/CyC5I=,/FHsdCXETy0hdN21LvfUC9foKVE=
-32,117,krGtidNF/+h/t/A1i3eSc/CyC5I=,/FHsdCXETy0hdN21LvfUC9foKVE=
-28,112,krGtidNF/+h/t/A1i3eSc/CyC5I=,/FHsdCXETy0hdN21LvfUC9foKVE=
-32,116,krGtidNF/+h/t/A1i3eSc/CyC5I=,/FHsdCXETy0hdN21LvfUC9foKVE=
-25,117,krGtidNF/+h/t/A1i3eSc/CyC5I=,/FHsdCXETy0hdN21LvfUC9foKVE=
-25,119,krGtidNF/+h/t/A1i3eSc/CyC5I=,/FHsdCXETy0hdN21LvfUC9foKVE=
-27,118,krGtidNF/+h/t/A1i3eSc/CyC5I=,/FHsdCXETy0hdN21LvfUC9foKVE=
-32,119,krGtidNF/+h/t/A1i3eSc/CyC5I=,/FHsdCXETy0hdN21LvfUC9foKVE=
-26,116,krGtidNF/+h/t/A1i3eSc/CyC5I=,/FHsdCXETy0hdN21LvfUC9foKVE=
-28,118,krGtidNF/+h/t/A1i3eSc/CyC5I=,/FHsdCXETy0hdN21LvfUC9foKVE=
-31,118,krGtidNF/+h/t/A1i3eSc/CyC5I=,/FHsdCXETy0hdN21LvfUC9foKVE=
-32,115,krGtidNF/+h/t/A1i3eSc/CyC5I=,/FHsdCXETy0hdN21LvfUC9foKVE=
-31,114,krGtidNF/+h/t/A1i3eSc/CyC5I=,/FHsdCXETy0hdN21LvfUC9foKVE=
