5,-19,xBHXHXWEmFaMYu2iKElam8h1Slc=,9T3DJtM2F1dQpUIIQxiqUG2LDFk=
5,-23,xBHXHXWEmFaMYu2iKElam8h1Slc=,9T3DJtM2F1dQpUIIQxiqUG2LDFk=
3,-24,xBHXHXWEmFaMYu2iKElam8h1Slc=,9T3DJtM2F1dQpUIIQxiqUG2LDFk=
0,-23,xBHXHXWEmFaMYu2iKElam8h1Slc=,9T3DJtM2F1dQpUIIQxiqUG2LDFk=
7,-23,xBHXHXWEmFaMYu2iKElam8h1Slc=,9T3DJtM2F1dQpUIIQxiqUG2LDFk=
1,-23,xBHXHXWEmFaMYu2iKElam8h1Slc=,9T3DJtM2F1dQpUIIQxiqUG2LDFk=
2,-23,xBHXHXWEmFaMYu2iKElam8h1Slc=,9T3DJtM2F1dQpUIIQxiqUG2LDFk=
3,-17,xBHXHXWEmFaMYu2iKElam8h1Slc=,9T3DJtM2F1dQpUIIQxiqUG2LDFk=
0,-22,xBHXHXWEmFaMYu2iKElam8h1Slc=,9T3DJtM2F1dQpUIIQxiqUG2LDFk=
2,-24,xBHXHXWEmFaMYu2iKElam8h1Slc=,9T3DJtM2F1dQpUIIQxiqUG2LDFk=
1,-17,xBHXHXWEmFaMYu2iKElam8h1Slc=,9T3DJtM2F1dQpUIIQxiqUG2LDFk=
7,-22,xBHXHXWEmFaMYu2iKElam8h1Slc=,9T3DJtM2F1dQpUIIQxiqUG2LDFk=
7,-21,xBHXHXWEmFaMYu2iKElam8h1Slc=,9T3DJtM2F1dQpUIIQxiqUG2LDFk=
7,-18,xBHXHXWEmFaMYu2iKElam8h1Slc=,9T3DJtM2F1dQpUIIQxiqUG2LDFk=
6,-20,xBHXHXWEmFaMYu2iKElam8h1Slc=,9T3DJtM2F1dQpUIIQxiqUG2LDFk=
2,-17,xBHXHXWEmFaMYu2iKElam8h1Slc=,9T3DJtM2F1dQpUIIQxiqUG2LDFk=
6,-22,xBHXHXWEmFaMYu2iKElam8h1Slc=,9T3DJtM2F1dQpUIIQxiqUG2LDFk=
5,-18,xBHXHXWEmFaMYu2iKElam8h1Slc=,9T3DJtM2F1dQpUIIQxiqUG2LDFk=
4,-23,xBHXHXWEmFaMYu2iKElam8h1Slc=,9T3DJtM2F1dQpUIIQxiqUG2LDFk=
5,-22,xBHXHXWEmFaMYu2iKElam8h1Slc=,9T3DJtM2F1dQpUIIQxiqUG2LDFk=
3,-18,xBHXHXWEmFaMYu2iKElam8h1Slc=,9T3DJtM2F1dQpUIIQxiqUG2LDFk=
3,-23,xBHXHXWEmFaMYu2iKElam8h1Slc=,9T3DJtM2F1dQpUIIQxiqUG2LDFk=
4,-18,xBHXHXWEmFaMYu2iKElam8h1Slc=,9T3DJtM2F1dQpUIIQxiqUG2LDFk=
6,-18,xBHXHXWEmFaMYu2iKElam8h1Slc=,9T3DJtM2F1dQpUIIQxiqUG2LDFk=
7,-17,xBHXHXWEmFaMYu2iKElam8h1Slc=,9T3DJtM2F1dQpUIIQxiqUG2LDFk=
5,-17,xBHXHXWEmFaMYu2iKElam8h1Slc=,9T3DJtM2F1dQpUIIQxiqUG2LDFk=
5,-20,xBHXHXWEmFaMYu2iKElam8h1Slc=,9T3DJtM2F1dQpUIIQxiqUG2LDFk=
3,-22,xBHXHXWEmFaMYu2iKElam8h1Slc=,9T3DJtM2F1dQpUIIQxiqUG2LDFk=
4,-22,xBHXHXWEmFaMYu2iKElam8h1Slc=,9T3DJtM2F1dQpUIIQxiqUG2LDFk=
6,-17,xBHXHXWEmFaMYu2iKElam8h1Slc=,9T3DJtM2F1dQpUIIQxiqUG2LDFk=
2,-22,xBHXHXWEmFaMYu2iKElam8h1Slc=,9T3DJtM2F1dQpUIIQxiqUG2LDFk=
2,-19,xBHXHXWEmFaMYu2iKElam8h1Slc=,9T3DJtM2F1dQpUIIQxiqUG2LDFk=
5,-24,xBHXHXWEmFaMYu2iKElam8h1Slc=,9T3DJtM2F1dQpUIIQxiqUG2LDFk=
6,-24,xBHXHXWEmFaMYu2iKElam8h1Slc=,9T3DJtM2F1dQpUIIQxiqUG2LDFk=
0,-21,xBHXHXWEmFaMYu2iKElam8h1Slc=,9T3DJtM2F1dQpUIIQxiqUG2LDFk=
2,-20,xBHXHXWEmFaMYu2iKElam8h1Slc=,9T3DJtM2F1dQpUIIQxiqUG2LDFk=
1,-24,xBHXHXWEmFaMYu2iKElam8h1Slc=,9T3DJtM2F1dQpUIIQxiqUG2LDFk=
1,-20,xBHXHXWEmFaMYu2iKElam8h1Slc=,9T3DJtM2F1dQpUIIQxiqUG2LDFk=
4,-20,xBHXHXWEmFaMYu2iKElam8h1Slc=,9T3DJtM2F1dQpUIIQxiqUG2LDFk=
3,-20,xBHXHXWEmFaMYu2iKElam8h1Slc=,9T3DJtM2F1dQpUIIQxiqUG2LDFk=
1,-22,xBHXHXWEmFaMYu2iKElam8h1Slc=,9T3DJtM2F1dQpUIIQxiqUG2LDFk=
0,-19,xBHXHXWEmFaMYu2iKElam8h1Slc=,9T3DJtM2F1dQpUIIQxiqUG2LDFk=
1,-19,xBHXHXWEmFaMYu2iKElam8h1Slc=,9T3DJtM2F1dQpUIIQxiqUG2LDFk=
0,-24,xBHXHXWEmFaMYu2iKElam8h1Slc=,9T3DJtM2F1dQpUIIQxiqUG2LDFk=
2,-18,xBHXHXWEmFaMYu2iKElam8h1Slc=,9T3DJtM2F1dQpUIIQxiqUG2LDFk=
5,-21,xBHXHXWEmFaMYu2iKElam8h1Slc=,9T3DJtM2F1dQpUIIQxiqUG2LDFk=
4,-21,xBHXHXWEmFaMYu2iKElam8h1Slc=,9T3DJtM2F1dQpUIIQxiqUG2LDFk=
6,-21,xBHXHXWEmFaMYu2iKElam8h1Slc=,9T3DJtM2F1dQpUIIQxiqUG2LDFk=
0,-20,xBHXHXWEmFaMYu2iKElam8h1Slc=,9T3DJtM2F1dQpUIIQxiqUG2LDFk=
3,-21,xBHXHXWEmFaMYu2iKElam8h1Slc=,9T3DJtM2F1dQpUIIQxiqUG2LDFk=
2,-21,xBHXHXWEmFaMYu2iKElam8h1Slc=,9T3DJtM2F1dQpUIIQxiqUG2LDFk=
7,-19,xBHXHXWEmFaMYu2iKElam8h1Slc=,9T3DJtM2F1dQpUIIQxiqUG2LDFk=
0,-18,xBHXHXWEmFaMYu2iKElam8h1Slc=,9T3DJtM2F1dQpUIIQxiqUG2LDFk=
6,-19,xBHXHXWEmFaMYu2iKElam8h1Slc=,9T3DJtM2F1dQpUIIQxiqUG2LDFk=
7,-20,xBHXHXWEmFaMYu2iKElam8h1Slc=,9T3DJtM2F1dQpUIIQxiqUG2LDFk=
1,-21,xBHXHXWEmFaMYu2iKElam8h1Slc=,9T3DJtM2F1dQpUIIQxiqUG2LDFk=
4,-17,xBHXHXWEmFaMYu2iKElam8h1Slc=,9T3DJtM2F1dQpUIIQxiqUG2LDFk=
1,-18,xBHXHXWEmFaMYu2iKElam8h1Slc=,9T3DJtM2F1dQpUIIQxiqUG2LDFk=
6,-23,xBHXHXWEmFaMYu2iKElam8h1Slc=,9T3DJtM2F1dQpUIIQxiqUG2LDFk=
4,-19,xBHXHXWEmFaMYu2iKElam8h1Slc=,9T3DJtM2F1dQpUIIQxiqUG2LDFk=
4,-24,xBHXHXWEmFaMYu2iKElam8h1Slc=,9T3DJtM2F1dQpUIIQxiqUG2LDFk=
3,-19,xBHXHXWEmFaMYu2iKElam8h1Slc=,9T3DJtM2F1dQpUIIQxiqUG2LDFk=
7,-24,xBHXHXWEmFaMYu2iKElam8h1Slc=,9T3DJtM2F1dQpUIIQxiqUG2LDFk=
0,-17,xBHXHXWEmFaMYu2iKElam8h1Slc=,9T3DJtM2F1dQpUIIQxiqUG2LDFk=
12,-13,xBHXHXWEmFaMYu2iKElam8h1Slc=,46sNUWck0y8PgUjF04/Kqu5MQDI=
11,-13,xBHXHXWEmFaMYu2iKElam8h1Slc=,46sNUWck0y8PgUjF04/Kqu5MQDI=
9,-13,xBHXHXWEmFaMYu2iKElam8h1Slc=,46sNUWck0y8PgUjF04/Kqu5MQDI=
10,-13,xBHXHXWEmFaMYu2iKElam8h1Slc=,46sNUWck0y8PgUjF04/Kqu5MQDI=
14,-14,xBHXHXWEmFaMYu2iKElam8h1Slc=,46sNUWck0y8PgUjF04/Kqu5MQDI=
13,-14,xBHXHXWEmFaMYu2iKElam8h1Slc=,46sNUWck0y8PgUjF04/Kqu5MQDI=
12,-14,xBHXHXWEmFaMYu2iKElam8h1Slc=,46sNUWck0y8PgUjF04/Kqu5MQDI=
11,-14,xBHXHXWEmFaMYu2iKElam8h1Slc=,46sNUWck0y8PgUjF04/Kqu5MQDI=
10,-14,xBHXHXWEmFaMYu2iKElam8h1Slc=,46sNUWck0y8PgUjF04/Kqu5MQDI=
14,-15,xBHXHXWEmFaMYu2iKElam8h1Slc=,46sNUWck0y8PgUjF04/Kqu5MQDI=
9,-14,xBHXHXWEmFaMYu2iKElam8h1Slc=,46sNUWck0y8PgUjF04/Kqu5MQDI=
13,-15,xBHXHXWEmFaMYu2iKElam8h1Slc=,46sNUWck0y8PgUjF04/Kqu5MQDI=
12,-15,xBHXHXWEmFaMYu2iKElam8h1Slc=,46sNUWck0y8PgUjF04/Kqu5MQDI=
11,-15,xBHXHXWEmFaMYu2iKElam8h1Slc=,46sNUWck0y8PgUjF04/Kqu5MQDI=
11,-10,xBHXHXWEmFaMYu2iKElam8h1Slc=,46sNUWck0y8PgUjF04/Kqu5MQDI=
10,-15,xBHXHXWEmFaMYu2iKElam8h1Slc=,46sNUWck0y8PgUjF04/Kqu5MQDI=
13,-10,xBHXHXWEmFaMYu2iKElam8h1Slc=,46sNUWck0y8PgUjF04/Kqu5MQDI=
9,-15,xBHXHXWEmFaMYu2iKElam8h1Slc=,46sNUWck0y8PgUjF04/Kqu5MQDI=
12,-10,xBHXHXWEmFaMYu2iKElam8h1Slc=,46sNUWck0y8PgUjF04/Kqu5MQDI=
14,-11,xBHXHXWEmFaMYu2iKElam8h1Slc=,46sNUWck0y8PgUjF04/Kqu5MQDI=
13,-11,xBHXHXWEmFaMYu2iKElam8h1Slc=,46sNUWck0y8PgUjF04/Kqu5MQDI=
10,-10,xBHXHXWEmFaMYu2iKElam8h1Slc=,46sNUWck0y8PgUjF04/Kqu5MQDI=
12,-11,xBHXHXWEmFaMYu2iKElam8h1Slc=,46sNUWck0y8PgUjF04/Kqu5MQDI=
11,-11,xBHXHXWEmFaMYu2iKElam8h1Slc=,46sNUWck0y8PgUjF04/Kqu5MQDI=
14,-10,xBHXHXWEmFaMYu2iKElam8h1Slc=,46sNUWck0y8PgUjF04/Kqu5MQDI=
14,-12,xBHXHXWEmFaMYu2iKElam8h1Slc=,46sNUWck0y8PgUjF04/Kqu5MQDI=
13,-12,xBHXHXWEmFaMYu2iKElam8h1Slc=,46sNUWck0y8PgUjF04/Kqu5MQDI=
12,-12,xBHXHXWEmFaMYu2iKElam8h1Slc=,46sNUWck0y8PgUjF04/Kqu5MQDI=
11,-12,xBHXHXWEmFaMYu2iKElam8h1Slc=,46sNUWck0y8PgUjF04/Kqu5MQDI=
10,-12,xBHXHXWEmFaMYu2iKElam8h1Slc=,46sNUWck0y8PgUjF04/Kqu5MQDI=
14,-13,xBHXHXWEmFaMYu2iKElam8h1Slc=,46sNUWck0y8PgUjF04/Kqu5MQDI=
13,-13,xBHXHXWEmFaMYu2iKElam8h1Slc=,46sNUWck0y8PgUjF04/Kqu5MQDI=
9,-12,xBHXHXWEmFaMYu2iKElam8h1Slc=,46sNUWck0y8PgUjF04/Kqu5MQDI=
10,-11,xBHXHXWEmFaMYu2iKElam8h1Slc=,46sNUWck0y8PgUjF04/Kqu5MQDI=
9,-10,xBHXHXWEmFaMYu2iKElam8h1Slc=,46sNUWck0y8PgUjF04/Kqu5MQDI=
9,-11,xBHXHXWEmFaMYu2iKElam8h1Slc=,46sNUWck0y8PgUjF04/Kqu5MQDI=
15,-13,xBHXHXWEmFaMYu2iKElam8h1Slc=,46sNUWck0y8PgUjF04/Kqu5MQDI=
15,-14,xBHXHXWEmFaMYu2iKElam8h1Slc=,46sNUWck0y8PgUjF04/Kqu5MQDI=
15,-15,xBHXHXWEmFaMYu2iKElam8h1Slc=,46sNUWck0y8PgUjF04/Kqu5MQDI=
15,-10,xBHXHXWEmFaMYu2iKElam8h1Slc=,46sNUWck0y8PgUjF04/Kqu5MQDI=
15,-11,xBHXHXWEmFaMYu2iKElam8h1Slc=,46sNUWck0y8PgUjF04/Kqu5MQDI=
15,-12,xBHXHXWEmFaMYu2iKElam8h1Slc=,46sNUWck0y8PgUjF04/Kqu5MQDI=
12,-5,xBHXHXWEmFaMYu2iKElam8h1Slc=,/k7Jb8i53UaQOskxnoKdRyTiFgo=
11,-5,xBHXHXWEmFaMYu2iKElam8h1Slc=,/k7Jb8i53UaQOskxnoKdRyTiFgo=
10,-5,xBHXHXWEmFaMYu2iKElam8h1Slc=,/k7Jb8i53UaQOskxnoKdRyTiFgo=
11,-9,xBHXHXWEmFaMYu2iKElam8h1Slc=,46sNUWck0y8PgUjF04/Kqu5MQDI=
15,-9,xBHXHXWEmFaMYu2iKElam8h1Slc=,46sNUWck0y8PgUjF04/Kqu5MQDI=
10,-9,xBHXHXWEmFaMYu2iKElam8h1Slc=,46sNUWck0y8PgUjF04/Kqu5MQDI=
12,-9,xBHXHXWEmFaMYu2iKElam8h1Slc=,46sNUWck0y8PgUjF04/Kqu5MQDI=
15,-6,xBHXHXWEmFaMYu2iKElam8h1Slc=,/k7Jb8i53UaQOskxnoKdRyTiFgo=
14,-9,xBHXHXWEmFaMYu2iKElam8h1Slc=,46sNUWck0y8PgUjF04/Kqu5MQDI=
14,-6,xBHXHXWEmFaMYu2iKElam8h1Slc=,/k7Jb8i53UaQOskxnoKdRyTiFgo=
13,-9,xBHXHXWEmFaMYu2iKElam8h1Slc=,46sNUWck0y8PgUjF04/Kqu5MQDI=
15,-2,xBHXHXWEmFaMYu2iKElam8h1Slc=,/k7Jb8i53UaQOskxnoKdRyTiFgo=
14,-2,xBHXHXWEmFaMYu2iKElam8h1Slc=,/k7Jb8i53UaQOskxnoKdRyTiFgo=
9,-5,xBHXHXWEmFaMYu2iKElam8h1Slc=,/k7Jb8i53UaQOskxnoKdRyTiFgo=
11,-6,xBHXHXWEmFaMYu2iKElam8h1Slc=,/k7Jb8i53UaQOskxnoKdRyTiFgo=
9,-9,xBHXHXWEmFaMYu2iKElam8h1Slc=,46sNUWck0y8PgUjF04/Kqu5MQDI=
15,-3,xBHXHXWEmFaMYu2iKElam8h1Slc=,/k7Jb8i53UaQOskxnoKdRyTiFgo=
14,-3,xBHXHXWEmFaMYu2iKElam8h1Slc=,/k7Jb8i53UaQOskxnoKdRyTiFgo=
12,-6,xBHXHXWEmFaMYu2iKElam8h1Slc=,/k7Jb8i53UaQOskxnoKdRyTiFgo=
14,-1,xBHXHXWEmFaMYu2iKElam8h1Slc=,/k7Jb8i53UaQOskxnoKdRyTiFgo=
13,-2,xBHXHXWEmFaMYu2iKElam8h1Slc=,/k7Jb8i53UaQOskxnoKdRyTiFgo=
12,-1,xBHXHXWEmFaMYu2iKElam8h1Slc=,/k7Jb8i53UaQOskxnoKdRyTiFgo=
13,-1,xBHXHXWEmFaMYu2iKElam8h1Slc=,/k7Jb8i53UaQOskxnoKdRyTiFgo=
11,-1,xBHXHXWEmFaMYu2iKElam8h1Slc=,/k7Jb8i53UaQOskxnoKdRyTiFgo=
13,-6,xBHXHXWEmFaMYu2iKElam8h1Slc=,/k7Jb8i53UaQOskxnoKdRyTiFgo=
15,-4,xBHXHXWEmFaMYu2iKElam8h1Slc=,/k7Jb8i53UaQOskxnoKdRyTiFgo=
14,-4,xBHXHXWEmFaMYu2iKElam8h1Slc=,/k7Jb8i53UaQOskxnoKdRyTiFgo=
10,-1,xBHXHXWEmFaMYu2iKElam8h1Slc=,/k7Jb8i53UaQOskxnoKdRyTiFgo=
10,-6,xBHXHXWEmFaMYu2iKElam8h1Slc=,/k7Jb8i53UaQOskxnoKdRyTiFgo=
9,-1,xBHXHXWEmFaMYu2iKElam8h1Slc=,/k7Jb8i53UaQOskxnoKdRyTiFgo=
10,-4,xBHXHXWEmFaMYu2iKElam8h1Slc=,/k7Jb8i53UaQOskxnoKdRyTiFgo=
13,-4,xBHXHXWEmFaMYu2iKElam8h1Slc=,/k7Jb8i53UaQOskxnoKdRyTiFgo=
15,-7,xBHXHXWEmFaMYu2iKElam8h1Slc=,/k7Jb8i53UaQOskxnoKdRyTiFgo=
12,-2,xBHXHXWEmFaMYu2iKElam8h1Slc=,/k7Jb8i53UaQOskxnoKdRyTiFgo=
9,-3,xBHXHXWEmFaMYu2iKElam8h1Slc=,/k7Jb8i53UaQOskxnoKdRyTiFgo=
12,-4,xBHXHXWEmFaMYu2iKElam8h1Slc=,/k7Jb8i53UaQOskxnoKdRyTiFgo=
11,-7,xBHXHXWEmFaMYu2iKElam8h1Slc=,/k7Jb8i53UaQOskxnoKdRyTiFgo=
13,-3,xBHXHXWEmFaMYu2iKElam8h1Slc=,/k7Jb8i53UaQOskxnoKdRyTiFgo=
11,-3,xBHXHXWEmFaMYu2iKElam8h1Slc=,/k7Jb8i53UaQOskxnoKdRyTiFgo=
10,-3,xBHXHXWEmFaMYu2iKElam8h1Slc=,/k7Jb8i53UaQOskxnoKdRyTiFgo=
15,-5,xBHXHXWEmFaMYu2iKElam8h1Slc=,/k7Jb8i53UaQOskxnoKdRyTiFgo=
12,-3,xBHXHXWEmFaMYu2iKElam8h1Slc=,/k7Jb8i53UaQOskxnoKdRyTiFgo=
14,-7,xBHXHXWEmFaMYu2iKElam8h1Slc=,/k7Jb8i53UaQOskxnoKdRyTiFgo=
11,-4,xBHXHXWEmFaMYu2iKElam8h1Slc=,/k7Jb8i53UaQOskxnoKdRyTiFgo=
11,-8,xBHXHXWEmFaMYu2iKElam8h1Slc=,/k7Jb8i53UaQOskxnoKdRyTiFgo=
11,-2,xBHXHXWEmFaMYu2iKElam8h1Slc=,/k7Jb8i53UaQOskxnoKdRyTiFgo=
10,-2,xBHXHXWEmFaMYu2iKElam8h1Slc=,/k7Jb8i53UaQOskxnoKdRyTiFgo=
15,-8,xBHXHXWEmFaMYu2iKElam8h1Slc=,/k7Jb8i53UaQOskxnoKdRyTiFgo=
14,-5,xBHXHXWEmFaMYu2iKElam8h1Slc=,/k7Jb8i53UaQOskxnoKdRyTiFgo=
12,-7,xBHXHXWEmFaMYu2iKElam8h1Slc=,/k7Jb8i53UaQOskxnoKdRyTiFgo=
10,-8,xBHXHXWEmFaMYu2iKElam8h1Slc=,/k7Jb8i53UaQOskxnoKdRyTiFgo=
9,-2,xBHXHXWEmFaMYu2iKElam8h1Slc=,/k7Jb8i53UaQOskxnoKdRyTiFgo=
10,-7,xBHXHXWEmFaMYu2iKElam8h1Slc=,/k7Jb8i53UaQOskxnoKdRyTiFgo=
9,-6,xBHXHXWEmFaMYu2iKElam8h1Slc=,/k7Jb8i53UaQOskxnoKdRyTiFgo=
9,-7,xBHXHXWEmFaMYu2iKElam8h1Slc=,/k7Jb8i53UaQOskxnoKdRyTiFgo=
13,-7,xBHXHXWEmFaMYu2iKElam8h1Slc=,/k7Jb8i53UaQOskxnoKdRyTiFgo=
9,-8,xBHXHXWEmFaMYu2iKElam8h1Slc=,/k7Jb8i53UaQOskxnoKdRyTiFgo=
13,-5,xBHXHXWEmFaMYu2iKElam8h1Slc=,/k7Jb8i53UaQOskxnoKdRyTiFgo=
12,-8,xBHXHXWEmFaMYu2iKElam8h1Slc=,/k7Jb8i53UaQOskxnoKdRyTiFgo=
14,-8,xBHXHXWEmFaMYu2iKElam8h1Slc=,/k7Jb8i53UaQOskxnoKdRyTiFgo=
13,-8,xBHXHXWEmFaMYu2iKElam8h1Slc=,/k7Jb8i53UaQOskxnoKdRyTiFgo=
11,-16,xBHXHXWEmFaMYu2iKElam8h1Slc=,46sNUWck0y8PgUjF04/Kqu5MQDI=
10,-16,xBHXHXWEmFaMYu2iKElam8h1Slc=,46sNUWck0y8PgUjF04/Kqu5MQDI=
9,-16,xBHXHXWEmFaMYu2iKElam8h1Slc=,46sNUWck0y8PgUjF04/Kqu5MQDI=
12,-16,xBHXHXWEmFaMYu2iKElam8h1Slc=,46sNUWck0y8PgUjF04/Kqu5MQDI=
13,-16,xBHXHXWEmFaMYu2iKElam8h1Slc=,46sNUWck0y8PgUjF04/Kqu5MQDI=
9,-4,xBHXHXWEmFaMYu2iKElam8h1Slc=,/k7Jb8i53UaQOskxnoKdRyTiFgo=
14,-16,xBHXHXWEmFaMYu2iKElam8h1Slc=,46sNUWck0y8PgUjF04/Kqu5MQDI=
6,-14,xBHXHXWEmFaMYu2iKElam8h1Slc=,OupIuXp7rxq3XMVIkJn2etWtRdw=
4,-16,xBHXHXWEmFaMYu2iKElam8h1Slc=,OupIuXp7rxq3XMVIkJn2etWtRdw=
5,-14,xBHXHXWEmFaMYu2iKElam8h1Slc=,OupIuXp7rxq3XMVIkJn2etWtRdw=
7,-14,xBHXHXWEmFaMYu2iKElam8h1Slc=,OupIuXp7rxq3XMVIkJn2etWtRdw=
8,-13,xBHXHXWEmFaMYu2iKElam8h1Slc=,46sNUWck0y8PgUjF04/Kqu5MQDI=
8,-14,xBHXHXWEmFaMYu2iKElam8h1Slc=,46sNUWck0y8PgUjF04/Kqu5MQDI=
0,-13,xBHXHXWEmFaMYu2iKElam8h1Slc=,OupIuXp7rxq3XMVIkJn2etWtRdw=
7,-15,xBHXHXWEmFaMYu2iKElam8h1Slc=,OupIuXp7rxq3XMVIkJn2etWtRdw=
6,-15,xBHXHXWEmFaMYu2iKElam8h1Slc=,OupIuXp7rxq3XMVIkJn2etWtRdw=
8,-15,xBHXHXWEmFaMYu2iKElam8h1Slc=,46sNUWck0y8PgUjF04/Kqu5MQDI=
8,-11,xBHXHXWEmFaMYu2iKElam8h1Slc=,46sNUWck0y8PgUjF04/Kqu5MQDI=
5,-15,xBHXHXWEmFaMYu2iKElam8h1Slc=,OupIuXp7rxq3XMVIkJn2etWtRdw=
8,-16,xBHXHXWEmFaMYu2iKElam8h1Slc=,46sNUWck0y8PgUjF04/Kqu5MQDI=
6,-10,xBHXHXWEmFaMYu2iKElam8h1Slc=,OupIuXp7rxq3XMVIkJn2etWtRdw=
8,-10,xBHXHXWEmFaMYu2iKElam8h1Slc=,46sNUWck0y8PgUjF04/Kqu5MQDI=
7,-16,xBHXHXWEmFaMYu2iKElam8h1Slc=,OupIuXp7rxq3XMVIkJn2etWtRdw=
3,-16,xBHXHXWEmFaMYu2iKElam8h1Slc=,OupIuXp7rxq3XMVIkJn2etWtRdw=
4,-14,xBHXHXWEmFaMYu2iKElam8h1Slc=,OupIuXp7rxq3XMVIkJn2etWtRdw=
7,-10,xBHXHXWEmFaMYu2iKElam8h1Slc=,OupIuXp7rxq3XMVIkJn2etWtRdw=
1,-13,xBHXHXWEmFaMYu2iKElam8h1Slc=,OupIuXp7rxq3XMVIkJn2etWtRdw=
5,-10,xBHXHXWEmFaMYu2iKElam8h1Slc=,OupIuXp7rxq3XMVIkJn2etWtRdw=
1,-15,xBHXHXWEmFaMYu2iKElam8h1Slc=,OupIuXp7rxq3XMVIkJn2etWtRdw=
0,-15,xBHXHXWEmFaMYu2iKElam8h1Slc=,OupIuXp7rxq3XMVIkJn2etWtRdw=
3,-14,xBHXHXWEmFaMYu2iKElam8h1Slc=,OupIuXp7rxq3XMVIkJn2etWtRdw=
0,-14,xBHXHXWEmFaMYu2iKElam8h1Slc=,OupIuXp7rxq3XMVIkJn2etWtRdw=
2,-14,xBHXHXWEmFaMYu2iKElam8h1Slc=,OupIuXp7rxq3XMVIkJn2etWtRdw=
4,-10,xBHXHXWEmFaMYu2iKElam8h1Slc=,OupIuXp7rxq3XMVIkJn2etWtRdw=
3,-10,xBHXHXWEmFaMYu2iKElam8h1Slc=,OupIuXp7rxq3XMVIkJn2etWtRdw=
8,-12,xBHXHXWEmFaMYu2iKElam8h1Slc=,46sNUWck0y8PgUjF04/Kqu5MQDI=
2,-10,xBHXHXWEmFaMYu2iKElam8h1Slc=,OupIuXp7rxq3XMVIkJn2etWtRdw=
1,-10,xBHXHXWEmFaMYu2iKElam8h1Slc=,OupIuXp7rxq3XMVIkJn2etWtRdw=
6,-11,xBHXHXWEmFaMYu2iKElam8h1Slc=,OupIuXp7rxq3XMVIkJn2etWtRdw=
2,-16,xBHXHXWEmFaMYu2iKElam8h1Slc=,OupIuXp7rxq3XMVIkJn2etWtRdw=
0,-10,xBHXHXWEmFaMYu2iKElam8h1Slc=,OupIuXp7rxq3XMVIkJn2etWtRdw=
1,-14,xBHXHXWEmFaMYu2iKElam8h1Slc=,OupIuXp7rxq3XMVIkJn2etWtRdw=
7,-11,xBHXHXWEmFaMYu2iKElam8h1Slc=,OupIuXp7rxq3XMVIkJn2etWtRdw=
5,-11,xBHXHXWEmFaMYu2iKElam8h1Slc=,OupIuXp7rxq3XMVIkJn2etWtRdw=
2,-13,xBHXHXWEmFaMYu2iKElam8h1Slc=,OupIuXp7rxq3XMVIkJn2etWtRdw=
6,-16,xBHXHXWEmFaMYu2iKElam8h1Slc=,OupIuXp7rxq3XMVIkJn2etWtRdw=
3,-13,xBHXHXWEmFaMYu2iKElam8h1Slc=,OupIuXp7rxq3XMVIkJn2etWtRdw=
5,-16,xBHXHXWEmFaMYu2iKElam8h1Slc=,OupIuXp7rxq3XMVIkJn2etWtRdw=
4,-13,xBHXHXWEmFaMYu2iKElam8h1Slc=,OupIuXp7rxq3XMVIkJn2etWtRdw=
4,-11,xBHXHXWEmFaMYu2iKElam8h1Slc=,OupIuXp7rxq3XMVIkJn2etWtRdw=
3,-11,xBHXHXWEmFaMYu2iKElam8h1Slc=,OupIuXp7rxq3XMVIkJn2etWtRdw=
5,-13,xBHXHXWEmFaMYu2iKElam8h1Slc=,OupIuXp7rxq3XMVIkJn2etWtRdw=
7,-13,xBHXHXWEmFaMYu2iKElam8h1Slc=,OupIuXp7rxq3XMVIkJn2etWtRdw=
6,-13,xBHXHXWEmFaMYu2iKElam8h1Slc=,OupIuXp7rxq3XMVIkJn2etWtRdw=
4,-15,xBHXHXWEmFaMYu2iKElam8h1Slc=,OupIuXp7rxq3XMVIkJn2etWtRdw=
3,-15,xBHXHXWEmFaMYu2iKElam8h1Slc=,OupIuXp7rxq3XMVIkJn2etWtRdw=
1,-16,xBHXHXWEmFaMYu2iKElam8h1Slc=,OupIuXp7rxq3XMVIkJn2etWtRdw=
2,-11,xBHXHXWEmFaMYu2iKElam8h1Slc=,OupIuXp7rxq3XMVIkJn2etWtRdw=
7,-12,xBHXHXWEmFaMYu2iKElam8h1Slc=,OupIuXp7rxq3XMVIkJn2etWtRdw=
2,-15,xBHXHXWEmFaMYu2iKElam8h1Slc=,OupIuXp7rxq3XMVIkJn2etWtRdw=
6,-12,xBHXHXWEmFaMYu2iKElam8h1Slc=,OupIuXp7rxq3XMVIkJn2etWtRdw=
5,-12,xBHXHXWEmFaMYu2iKElam8h1Slc=,OupIuXp7rxq3XMVIkJn2etWtRdw=
1,-11,xBHXHXWEmFaMYu2iKElam8h1Slc=,OupIuXp7rxq3XMVIkJn2etWtRdw=
0,-11,xBHXHXWEmFaMYu2iKElam8h1Slc=,OupIuXp7rxq3XMVIkJn2etWtRdw=
2,-12,xBHXHXWEmFaMYu2iKElam8h1Slc=,OupIuXp7rxq3XMVIkJn2etWtRdw=
0,-12,xBHXHXWEmFaMYu2iKElam8h1Slc=,OupIuXp7rxq3XMVIkJn2etWtRdw=
4,-12,xBHXHXWEmFaMYu2iKElam8h1Slc=,OupIuXp7rxq3XMVIkJn2etWtRdw=
1,-12,xBHXHXWEmFaMYu2iKElam8h1Slc=,OupIuXp7rxq3XMVIkJn2etWtRdw=
3,-12,xBHXHXWEmFaMYu2iKElam8h1Slc=,OupIuXp7rxq3XMVIkJn2etWtRdw=
2,-3,xBHXHXWEmFaMYu2iKElam8h1Slc=,0dPDDdvfA8lmu4vm7giOVc9kC5Y=
0,-3,xBHXHXWEmFaMYu2iKElam8h1Slc=,0dPDDdvfA8lmu4vm7giOVc9kC5Y=
7,-9,xBHXHXWEmFaMYu2iKElam8h1Slc=,OupIuXp7rxq3XMVIkJn2etWtRdw=
5,-4,xBHXHXWEmFaMYu2iKElam8h1Slc=,0dPDDdvfA8lmu4vm7giOVc9kC5Y=
7,-4,xBHXHXWEmFaMYu2iKElam8h1Slc=,0dPDDdvfA8lmu4vm7giOVc9kC5Y=
6,-4,xBHXHXWEmFaMYu2iKElam8h1Slc=,0dPDDdvfA8lmu4vm7giOVc9kC5Y=
4,-4,xBHXHXWEmFaMYu2iKElam8h1Slc=,0dPDDdvfA8lmu4vm7giOVc9kC5Y=
4,-3,xBHXHXWEmFaMYu2iKElam8h1Slc=,0dPDDdvfA8lmu4vm7giOVc9kC5Y=
1,-4,xBHXHXWEmFaMYu2iKElam8h1Slc=,0dPDDdvfA8lmu4vm7giOVc9kC5Y=
3,-3,xBHXHXWEmFaMYu2iKElam8h1Slc=,0dPDDdvfA8lmu4vm7giOVc9kC5Y=
5,-3,xBHXHXWEmFaMYu2iKElam8h1Slc=,0dPDDdvfA8lmu4vm7giOVc9kC5Y=
3,-4,xBHXHXWEmFaMYu2iKElam8h1Slc=,0dPDDdvfA8lmu4vm7giOVc9kC5Y=
0,-4,xBHXHXWEmFaMYu2iKElam8h1Slc=,0dPDDdvfA8lmu4vm7giOVc9kC5Y=
1,-3,xBHXHXWEmFaMYu2iKElam8h1Slc=,0dPDDdvfA8lmu4vm7giOVc9kC5Y=
5,-9,xBHXHXWEmFaMYu2iKElam8h1Slc=,OupIuXp7rxq3XMVIkJn2etWtRdw=
4,-9,xBHXHXWEmFaMYu2iKElam8h1Slc=,OupIuXp7rxq3XMVIkJn2etWtRdw=
7,-5,xBHXHXWEmFaMYu2iKElam8h1Slc=,0dPDDdvfA8lmu4vm7giOVc9kC5Y=
5,-5,xBHXHXWEmFaMYu2iKElam8h1Slc=,0dPDDdvfA8lmu4vm7giOVc9kC5Y=
6,-3,xBHXHXWEmFaMYu2iKElam8h1Slc=,0dPDDdvfA8lmu4vm7giOVc9kC5Y=
4,-5,xBHXHXWEmFaMYu2iKElam8h1Slc=,0dPDDdvfA8lmu4vm7giOVc9kC5Y=
6,-5,xBHXHXWEmFaMYu2iKElam8h1Slc=,0dPDDdvfA8lmu4vm7giOVc9kC5Y=
3,-9,xBHXHXWEmFaMYu2iKElam8h1Slc=,OupIuXp7rxq3XMVIkJn2etWtRdw=
6,-9,xBHXHXWEmFaMYu2iKElam8h1Slc=,OupIuXp7rxq3XMVIkJn2etWtRdw=
3,-5,xBHXHXWEmFaMYu2iKElam8h1Slc=,0dPDDdvfA8lmu4vm7giOVc9kC5Y=
2,-5,xBHXHXWEmFaMYu2iKElam8h1Slc=,0dPDDdvfA8lmu4vm7giOVc9kC5Y=
7,-6,xBHXHXWEmFaMYu2iKElam8h1Slc=,0dPDDdvfA8lmu4vm7giOVc9kC5Y=
8,-9,xBHXHXWEmFaMYu2iKElam8h1Slc=,46sNUWck0y8PgUjF04/Kqu5MQDI=
1,-5,xBHXHXWEmFaMYu2iKElam8h1Slc=,0dPDDdvfA8lmu4vm7giOVc9kC5Y=
7,-3,xBHXHXWEmFaMYu2iKElam8h1Slc=,0dPDDdvfA8lmu4vm7giOVc9kC5Y=
6,-6,xBHXHXWEmFaMYu2iKElam8h1Slc=,0dPDDdvfA8lmu4vm7giOVc9kC5Y=
1,-6,xBHXHXWEmFaMYu2iKElam8h1Slc=,0dPDDdvfA8lmu4vm7giOVc9kC5Y=
3,-6,xBHXHXWEmFaMYu2iKElam8h1Slc=,0dPDDdvfA8lmu4vm7giOVc9kC5Y=
0,-5,xBHXHXWEmFaMYu2iKElam8h1Slc=,0dPDDdvfA8lmu4vm7giOVc9kC5Y=
5,-6,xBHXHXWEmFaMYu2iKElam8h1Slc=,0dPDDdvfA8lmu4vm7giOVc9kC5Y=
4,-6,xBHXHXWEmFaMYu2iKElam8h1Slc=,0dPDDdvfA8lmu4vm7giOVc9kC5Y=
0,-6,xBHXHXWEmFaMYu2iKElam8h1Slc=,0dPDDdvfA8lmu4vm7giOVc9kC5Y=
0,-2,xBHXHXWEmFaMYu2iKElam8h1Slc=,0dPDDdvfA8lmu4vm7giOVc9kC5Y=
6,-7,xBHXHXWEmFaMYu2iKElam8h1Slc=,0dPDDdvfA8lmu4vm7giOVc9kC5Y=
0,-9,xBHXHXWEmFaMYu2iKElam8h1Slc=,OupIuXp7rxq3XMVIkJn2etWtRdw=
2,-9,xBHXHXWEmFaMYu2iKElam8h1Slc=,OupIuXp7rxq3XMVIkJn2etWtRdw=
5,-7,xBHXHXWEmFaMYu2iKElam8h1Slc=,0dPDDdvfA8lmu4vm7giOVc9kC5Y=
7,-7,xBHXHXWEmFaMYu2iKElam8h1Slc=,0dPDDdvfA8lmu4vm7giOVc9kC5Y=
3,-7,xBHXHXWEmFaMYu2iKElam8h1Slc=,0dPDDdvfA8lmu4vm7giOVc9kC5Y=
2,-6,xBHXHXWEmFaMYu2iKElam8h1Slc=,0dPDDdvfA8lmu4vm7giOVc9kC5Y=
1,-7,xBHXHXWEmFaMYu2iKElam8h1Slc=,0dPDDdvfA8lmu4vm7giOVc9kC5Y=
4,-7,xBHXHXWEmFaMYu2iKElam8h1Slc=,0dPDDdvfA8lmu4vm7giOVc9kC5Y=
0,-7,xBHXHXWEmFaMYu2iKElam8h1Slc=,0dPDDdvfA8lmu4vm7giOVc9kC5Y=
2,-7,xBHXHXWEmFaMYu2iKElam8h1Slc=,0dPDDdvfA8lmu4vm7giOVc9kC5Y=
1,-2,xBHXHXWEmFaMYu2iKElam8h1Slc=,0dPDDdvfA8lmu4vm7giOVc9kC5Y=
7,-8,xBHXHXWEmFaMYu2iKElam8h1Slc=,0dPDDdvfA8lmu4vm7giOVc9kC5Y=
8,-1,xBHXHXWEmFaMYu2iKElam8h1Slc=,/k7Jb8i53UaQOskxnoKdRyTiFgo=
6,-8,xBHXHXWEmFaMYu2iKElam8h1Slc=,0dPDDdvfA8lmu4vm7giOVc9kC5Y=
8,-2,xBHXHXWEmFaMYu2iKElam8h1Slc=,/k7Jb8i53UaQOskxnoKdRyTiFgo=
8,-3,xBHXHXWEmFaMYu2iKElam8h1Slc=,/k7Jb8i53UaQOskxnoKdRyTiFgo=
5,-8,xBHXHXWEmFaMYu2iKElam8h1Slc=,0dPDDdvfA8lmu4vm7giOVc9kC5Y=
3,-8,xBHXHXWEmFaMYu2iKElam8h1Slc=,0dPDDdvfA8lmu4vm7giOVc9kC5Y=
1,-9,xBHXHXWEmFaMYu2iKElam8h1Slc=,OupIuXp7rxq3XMVIkJn2etWtRdw=
2,-8,xBHXHXWEmFaMYu2iKElam8h1Slc=,0dPDDdvfA8lmu4vm7giOVc9kC5Y=
1,-8,xBHXHXWEmFaMYu2iKElam8h1Slc=,0dPDDdvfA8lmu4vm7giOVc9kC5Y=
8,-7,xBHXHXWEmFaMYu2iKElam8h1Slc=,/k7Jb8i53UaQOskxnoKdRyTiFgo=
0,-8,xBHXHXWEmFaMYu2iKElam8h1Slc=,0dPDDdvfA8lmu4vm7giOVc9kC5Y=
8,-6,xBHXHXWEmFaMYu2iKElam8h1Slc=,/k7Jb8i53UaQOskxnoKdRyTiFgo=
2,-2,xBHXHXWEmFaMYu2iKElam8h1Slc=,0dPDDdvfA8lmu4vm7giOVc9kC5Y=
8,-8,xBHXHXWEmFaMYu2iKElam8h1Slc=,/k7Jb8i53UaQOskxnoKdRyTiFgo=
8,-4,xBHXHXWEmFaMYu2iKElam8h1Slc=,/k7Jb8i53UaQOskxnoKdRyTiFgo=
4,-8,xBHXHXWEmFaMYu2iKElam8h1Slc=,0dPDDdvfA8lmu4vm7giOVc9kC5Y=
7,-1,xBHXHXWEmFaMYu2iKElam8h1Slc=,0dPDDdvfA8lmu4vm7giOVc9kC5Y=
7,-2,xBHXHXWEmFaMYu2iKElam8h1Slc=,0dPDDdvfA8lmu4vm7giOVc9kC5Y=
6,-1,xBHXHXWEmFaMYu2iKElam8h1Slc=,0dPDDdvfA8lmu4vm7giOVc9kC5Y=
4,-1,xBHXHXWEmFaMYu2iKElam8h1Slc=,0dPDDdvfA8lmu4vm7giOVc9kC5Y=
5,-1,xBHXHXWEmFaMYu2iKElam8h1Slc=,0dPDDdvfA8lmu4vm7giOVc9kC5Y=
8,-5,xBHXHXWEmFaMYu2iKElam8h1Slc=,/k7Jb8i53UaQOskxnoKdRyTiFgo=
2,-1,xBHXHXWEmFaMYu2iKElam8h1Slc=,0dPDDdvfA8lmu4vm7giOVc9kC5Y=
3,-1,xBHXHXWEmFaMYu2iKElam8h1Slc=,0dPDDdvfA8lmu4vm7giOVc9kC5Y=
1,-1,xBHXHXWEmFaMYu2iKElam8h1Slc=,0dPDDdvfA8lmu4vm7giOVc9kC5Y=
3,-2,xBHXHXWEmFaMYu2iKElam8h1Slc=,0dPDDdvfA8lmu4vm7giOVc9kC5Y=
6,-2,xBHXHXWEmFaMYu2iKElam8h1Slc=,0dPDDdvfA8lmu4vm7giOVc9kC5Y=
4,-2,xBHXHXWEmFaMYu2iKElam8h1Slc=,0dPDDdvfA8lmu4vm7giOVc9kC5Y=
2,-4,xBHXHXWEmFaMYu2iKElam8h1Slc=,0dPDDdvfA8lmu4vm7giOVc9kC5Y=
5,-2,xBHXHXWEmFaMYu2iKElam8h1Slc=,0dPDDdvfA8lmu4vm7giOVc9kC5Y=
15,-1,xBHXHXWEmFaMYu2iKElam8h1Slc=,/k7Jb8i53UaQOskxnoKdRyTiFgo=
0,-16,xBHXHXWEmFaMYu2iKElam8h1Slc=,OupIuXp7rxq3XMVIkJn2etWtRdw=
15,-16,xBHXHXWEmFaMYu2iKElam8h1Slc=,46sNUWck0y8PgUjF04/Kqu5MQDI=
0,-1,xBHXHXWEmFaMYu2iKElam8h1Slc=,0dPDDdvfA8lmu4vm7giOVc9kC5Y=
28,-3,COWMx0Uh1/EiNqy6D5t1lsCF4Y0=,xIC7vwl/0ZMGY9nQk2lCt03IcsI=
29,-4,COWMx0Uh1/EiNqy6D5t1lsCF4Y0=,xIC7vwl/0ZMGY9nQk2lCt03IcsI=
31,-7,COWMx0Uh1/EiNqy6D5t1lsCF4Y0=,xIC7vwl/0ZMGY9nQk2lCt03IcsI=
29,-5,COWMx0Uh1/EiNqy6D5t1lsCF4Y0=,xIC7vwl/0ZMGY9nQk2lCt03IcsI=
25,-7,COWMx0Uh1/EiNqy6D5t1lsCF4Y0=,xIC7vwl/0ZMGY9nQk2lCt03IcsI=
27,-3,COWMx0Uh1/EiNqy6D5t1lsCF4Y0=,xIC7vwl/0ZMGY9nQk2lCt03IcsI=
26,-3,COWMx0Uh1/EiNqy6D5t1lsCF4Y0=,xIC7vwl/0ZMGY9nQk2lCt03IcsI=
31,-4,COWMx0Uh1/EiNqy6D5t1lsCF4Y0=,xIC7vwl/0ZMGY9nQk2lCt03IcsI=
25,-3,COWMx0Uh1/EiNqy6D5t1lsCF4Y0=,xIC7vwl/0ZMGY9nQk2lCt03IcsI=
31,-6,COWMx0Uh1/EiNqy6D5t1lsCF4Y0=,xIC7vwl/0ZMGY9nQk2lCt03IcsI=
30,-4,COWMx0Uh1/EiNqy6D5t1lsCF4Y0=,xIC7vwl/0ZMGY9nQk2lCt03IcsI=
27,-8,COWMx0Uh1/EiNqy6D5t1lsCF4Y0=,xIC7vwl/0ZMGY9nQk2lCt03IcsI=
30,-6,COWMx0Uh1/EiNqy6D5t1lsCF4Y0=,xIC7vwl/0ZMGY9nQk2lCt03IcsI=
28,-6,COWMx0Uh1/EiNqy6D5t1lsCF4Y0=,xIC7vwl/0ZMGY9nQk2lCt03IcsI=
29,-6,COWMx0Uh1/EiNqy6D5t1lsCF4Y0=,xIC7vwl/0ZMGY9nQk2lCt03IcsI=
26,-6,COWMx0Uh1/EiNqy6D5t1lsCF4Y0=,xIC7vwl/0ZMGY9nQk2lCt03IcsI=
27,-6,COWMx0Uh1/EiNqy6D5t1lsCF4Y0=,xIC7vwl/0ZMGY9nQk2lCt03IcsI=
31,-8,COWMx0Uh1/EiNqy6D5t1lsCF4Y0=,xIC7vwl/0ZMGY9nQk2lCt03IcsI=
26,-8,COWMx0Uh1/EiNqy6D5t1lsCF4Y0=,xIC7vwl/0ZMGY9nQk2lCt03IcsI=
25,-8,COWMx0Uh1/EiNqy6D5t1lsCF4Y0=,xIC7vwl/0ZMGY9nQk2lCt03IcsI=
25,-6,COWMx0Uh1/EiNqy6D5t1lsCF4Y0=,xIC7vwl/0ZMGY9nQk2lCt03IcsI=
28,-4,COWMx0Uh1/EiNqy6D5t1lsCF4Y0=,xIC7vwl/0ZMGY9nQk2lCt03IcsI=
27,-4,COWMx0Uh1/EiNqy6D5t1lsCF4Y0=,xIC7vwl/0ZMGY9nQk2lCt03IcsI=
26,-4,COWMx0Uh1/EiNqy6D5t1lsCF4Y0=,xIC7vwl/0ZMGY9nQk2lCt03IcsI=
25,-4,COWMx0Uh1/EiNqy6D5t1lsCF4Y0=,xIC7vwl/0ZMGY9nQk2lCt03IcsI=
28,-5,COWMx0Uh1/EiNqy6D5t1lsCF4Y0=,xIC7vwl/0ZMGY9nQk2lCt03IcsI=
31,-5,COWMx0Uh1/EiNqy6D5t1lsCF4Y0=,xIC7vwl/0ZMGY9nQk2lCt03IcsI=
30,-7,COWMx0Uh1/EiNqy6D5t1lsCF4Y0=,xIC7vwl/0ZMGY9nQk2lCt03IcsI=
29,-7,COWMx0Uh1/EiNqy6D5t1lsCF4Y0=,xIC7vwl/0ZMGY9nQk2lCt03IcsI=
30,-5,COWMx0Uh1/EiNqy6D5t1lsCF4Y0=,xIC7vwl/0ZMGY9nQk2lCt03IcsI=
30,-8,COWMx0Uh1/EiNqy6D5t1lsCF4Y0=,xIC7vwl/0ZMGY9nQk2lCt03IcsI=
29,-8,COWMx0Uh1/EiNqy6D5t1lsCF4Y0=,xIC7vwl/0ZMGY9nQk2lCt03IcsI=
27,-5,COWMx0Uh1/EiNqy6D5t1lsCF4Y0=,xIC7vwl/0ZMGY9nQk2lCt03IcsI=
26,-5,COWMx0Uh1/EiNqy6D5t1lsCF4Y0=,xIC7vwl/0ZMGY9nQk2lCt03IcsI=
28,-7,COWMx0Uh1/EiNqy6D5t1lsCF4Y0=,xIC7vwl/0ZMGY9nQk2lCt03IcsI=
25,-5,COWMx0Uh1/EiNqy6D5t1lsCF4Y0=,xIC7vwl/0ZMGY9nQk2lCt03IcsI=
31,-1,COWMx0Uh1/EiNqy6D5t1lsCF4Y0=,xIC7vwl/0ZMGY9nQk2lCt03IcsI=
30,-1,COWMx0Uh1/EiNqy6D5t1lsCF4Y0=,xIC7vwl/0ZMGY9nQk2lCt03IcsI=
27,-7,COWMx0Uh1/EiNqy6D5t1lsCF4Y0=,xIC7vwl/0ZMGY9nQk2lCt03IcsI=
31,-2,COWMx0Uh1/EiNqy6D5t1lsCF4Y0=,xIC7vwl/0ZMGY9nQk2lCt03IcsI=
30,-2,COWMx0Uh1/EiNqy6D5t1lsCF4Y0=,xIC7vwl/0ZMGY9nQk2lCt03IcsI=
29,-2,COWMx0Uh1/EiNqy6D5t1lsCF4Y0=,xIC7vwl/0ZMGY9nQk2lCt03IcsI=
29,-1,COWMx0Uh1/EiNqy6D5t1lsCF4Y0=,xIC7vwl/0ZMGY9nQk2lCt03IcsI=
28,-2,COWMx0Uh1/EiNqy6D5t1lsCF4Y0=,xIC7vwl/0ZMGY9nQk2lCt03IcsI=
26,-2,COWMx0Uh1/EiNqy6D5t1lsCF4Y0=,xIC7vwl/0ZMGY9nQk2lCt03IcsI=
28,-1,COWMx0Uh1/EiNqy6D5t1lsCF4Y0=,xIC7vwl/0ZMGY9nQk2lCt03IcsI=
27,-2,COWMx0Uh1/EiNqy6D5t1lsCF4Y0=,xIC7vwl/0ZMGY9nQk2lCt03IcsI=
31,-3,COWMx0Uh1/EiNqy6D5t1lsCF4Y0=,xIC7vwl/0ZMGY9nQk2lCt03IcsI=
28,-8,COWMx0Uh1/EiNqy6D5t1lsCF4Y0=,xIC7vwl/0ZMGY9nQk2lCt03IcsI=
30,-3,COWMx0Uh1/EiNqy6D5t1lsCF4Y0=,xIC7vwl/0ZMGY9nQk2lCt03IcsI=
29,-3,COWMx0Uh1/EiNqy6D5t1lsCF4Y0=,xIC7vwl/0ZMGY9nQk2lCt03IcsI=
26,-7,COWMx0Uh1/EiNqy6D5t1lsCF4Y0=,xIC7vwl/0ZMGY9nQk2lCt03IcsI=
25,-2,COWMx0Uh1/EiNqy6D5t1lsCF4Y0=,xIC7vwl/0ZMGY9nQk2lCt03IcsI=
27,-1,COWMx0Uh1/EiNqy6D5t1lsCF4Y0=,xIC7vwl/0ZMGY9nQk2lCt03IcsI=
26,-1,COWMx0Uh1/EiNqy6D5t1lsCF4Y0=,xIC7vwl/0ZMGY9nQk2lCt03IcsI=
25,-1,COWMx0Uh1/EiNqy6D5t1lsCF4Y0=,xIC7vwl/0ZMGY9nQk2lCt03IcsI=
17,-5,COWMx0Uh1/EiNqy6D5t1lsCF4Y0=,Htfog4rTxho+DgUDfACljtD3OnE=
19,-5,COWMx0Uh1/EiNqy6D5t1lsCF4Y0=,Htfog4rTxho+DgUDfACljtD3OnE=
16,-5,COWMx0Uh1/EiNqy6D5t1lsCF4Y0=,Htfog4rTxho+DgUDfACljtD3OnE=
18,-5,COWMx0Uh1/EiNqy6D5t1lsCF4Y0=,Htfog4rTxho+DgUDfACljtD3OnE=
23,-2,COWMx0Uh1/EiNqy6D5t1lsCF4Y0=,Htfog4rTxho+DgUDfACljtD3OnE=
22,-2,COWMx0Uh1/EiNqy6D5t1lsCF4Y0=,Htfog4rTxho+DgUDfACljtD3OnE=
21,-2,COWMx0Uh1/EiNqy6D5t1lsCF4Y0=,Htfog4rTxho+DgUDfACljtD3OnE=
22,-6,COWMx0Uh1/EiNqy6D5t1lsCF4Y0=,Htfog4rTxho+DgUDfACljtD3OnE=
24,-3,COWMx0Uh1/EiNqy6D5t1lsCF4Y0=,xIC7vwl/0ZMGY9nQk2lCt03IcsI=
24,-7,COWMx0Uh1/EiNqy6D5t1lsCF4Y0=,xIC7vwl/0ZMGY9nQk2lCt03IcsI=
21,-6,COWMx0Uh1/EiNqy6D5t1lsCF4Y0=,Htfog4rTxho+DgUDfACljtD3OnE=
18,-2,COWMx0Uh1/EiNqy6D5t1lsCF4Y0=,Htfog4rTxho+DgUDfACljtD3OnE=
20,-5,COWMx0Uh1/EiNqy6D5t1lsCF4Y0=,Htfog4rTxho+DgUDfACljtD3OnE=
24,-6,COWMx0Uh1/EiNqy6D5t1lsCF4Y0=,xIC7vwl/0ZMGY9nQk2lCt03IcsI=
17,-2,COWMx0Uh1/EiNqy6D5t1lsCF4Y0=,Htfog4rTxho+DgUDfACljtD3OnE=
16,-2,COWMx0Uh1/EiNqy6D5t1lsCF4Y0=,Htfog4rTxho+DgUDfACljtD3OnE=
24,-2,COWMx0Uh1/EiNqy6D5t1lsCF4Y0=,xIC7vwl/0ZMGY9nQk2lCt03IcsI=
23,-3,COWMx0Uh1/EiNqy6D5t1lsCF4Y0=,Htfog4rTxho+DgUDfACljtD3OnE=
24,-5,COWMx0Uh1/EiNqy6D5t1lsCF4Y0=,xIC7vwl/0ZMGY9nQk2lCt03IcsI=
20,-6,COWMx0Uh1/EiNqy6D5t1lsCF4Y0=,Htfog4rTxho+DgUDfACljtD3OnE=
19,-6,COWMx0Uh1/EiNqy6D5t1lsCF4Y0=,Htfog4rTxho+DgUDfACljtD3OnE=
18,-6,COWMx0Uh1/EiNqy6D5t1lsCF4Y0=,Htfog4rTxho+DgUDfACljtD3OnE=
22,-3,COWMx0Uh1/EiNqy6D5t1lsCF4Y0=,Htfog4rTxho+DgUDfACljtD3OnE=
24,-8,COWMx0Uh1/EiNqy6D5t1lsCF4Y0=,xIC7vwl/0ZMGY9nQk2lCt03IcsI=
21,-3,COWMx0Uh1/EiNqy6D5t1lsCF4Y0=,Htfog4rTxho+DgUDfACljtD3OnE=
20,-3,COWMx0Uh1/EiNqy6D5t1lsCF4Y0=,Htfog4rTxho+DgUDfACljtD3OnE=
24,-4,COWMx0Uh1/EiNqy6D5t1lsCF4Y0=,xIC7vwl/0ZMGY9nQk2lCt03IcsI=
17,-6,COWMx0Uh1/EiNqy6D5t1lsCF4Y0=,Htfog4rTxho+DgUDfACljtD3OnE=
16,-6,COWMx0Uh1/EiNqy6D5t1lsCF4Y0=,Htfog4rTxho+DgUDfACljtD3OnE=
18,-3,COWMx0Uh1/EiNqy6D5t1lsCF4Y0=,Htfog4rTxho+DgUDfACljtD3OnE=
23,-7,COWMx0Uh1/EiNqy6D5t1lsCF4Y0=,Htfog4rTxho+DgUDfACljtD3OnE=
17,-3,COWMx0Uh1/EiNqy6D5t1lsCF4Y0=,Htfog4rTxho+DgUDfACljtD3OnE=
22,-7,COWMx0Uh1/EiNqy6D5t1lsCF4Y0=,Htfog4rTxho+DgUDfACljtD3OnE=
21,-7,COWMx0Uh1/EiNqy6D5t1lsCF4Y0=,Htfog4rTxho+DgUDfACljtD3OnE=
20,-7,COWMx0Uh1/EiNqy6D5t1lsCF4Y0=,Htfog4rTxho+DgUDfACljtD3OnE=
16,-3,COWMx0Uh1/EiNqy6D5t1lsCF4Y0=,Htfog4rTxho+DgUDfACljtD3OnE=
19,-7,COWMx0Uh1/EiNqy6D5t1lsCF4Y0=,Htfog4rTxho+DgUDfACljtD3OnE=
22,-4,COWMx0Uh1/EiNqy6D5t1lsCF4Y0=,Htfog4rTxho+DgUDfACljtD3OnE=
23,-4,COWMx0Uh1/EiNqy6D5t1lsCF4Y0=,Htfog4rTxho+DgUDfACljtD3OnE=
18,-7,COWMx0Uh1/EiNqy6D5t1lsCF4Y0=,Htfog4rTxho+DgUDfACljtD3OnE=
21,-4,COWMx0Uh1/EiNqy6D5t1lsCF4Y0=,Htfog4rTxho+DgUDfACljtD3OnE=
20,-2,COWMx0Uh1/EiNqy6D5t1lsCF4Y0=,Htfog4rTxho+DgUDfACljtD3OnE=
20,-4,COWMx0Uh1/EiNqy6D5t1lsCF4Y0=,Htfog4rTxho+DgUDfACljtD3OnE=
19,-4,COWMx0Uh1/EiNqy6D5t1lsCF4Y0=,Htfog4rTxho+DgUDfACljtD3OnE=
17,-7,COWMx0Uh1/EiNqy6D5t1lsCF4Y0=,Htfog4rTxho+DgUDfACljtD3OnE=
18,-4,COWMx0Uh1/EiNqy6D5t1lsCF4Y0=,Htfog4rTxho+DgUDfACljtD3OnE=
16,-7,COWMx0Uh1/EiNqy6D5t1lsCF4Y0=,Htfog4rTxho+DgUDfACljtD3OnE=
23,-8,COWMx0Uh1/EiNqy6D5t1lsCF4Y0=,Htfog4rTxho+DgUDfACljtD3OnE=
22,-8,COWMx0Uh1/EiNqy6D5t1lsCF4Y0=,Htfog4rTxho+DgUDfACljtD3OnE=
17,-4,COWMx0Uh1/EiNqy6D5t1lsCF4Y0=,Htfog4rTxho+DgUDfACljtD3OnE=
21,-8,COWMx0Uh1/EiNqy6D5t1lsCF4Y0=,Htfog4rTxho+DgUDfACljtD3OnE=
16,-4,COWMx0Uh1/EiNqy6D5t1lsCF4Y0=,Htfog4rTxho+DgUDfACljtD3OnE=
20,-8,COWMx0Uh1/EiNqy6D5t1lsCF4Y0=,Htfog4rTxho+DgUDfACljtD3OnE=
19,-8,COWMx0Uh1/EiNqy6D5t1lsCF4Y0=,Htfog4rTxho+DgUDfACljtD3OnE=
18,-8,COWMx0Uh1/EiNqy6D5t1lsCF4Y0=,Htfog4rTxho+DgUDfACljtD3OnE=
17,-8,COWMx0Uh1/EiNqy6D5t1lsCF4Y0=,Htfog4rTxho+DgUDfACljtD3OnE=
16,-8,COWMx0Uh1/EiNqy6D5t1lsCF4Y0=,Htfog4rTxho+DgUDfACljtD3OnE=
22,-5,COWMx0Uh1/EiNqy6D5t1lsCF4Y0=,Htfog4rTxho+DgUDfACljtD3OnE=
23,-5,COWMx0Uh1/EiNqy6D5t1lsCF4Y0=,Htfog4rTxho+DgUDfACljtD3OnE=
21,-5,COWMx0Uh1/EiNqy6D5t1lsCF4Y0=,Htfog4rTxho+DgUDfACljtD3OnE=
19,-3,COWMx0Uh1/EiNqy6D5t1lsCF4Y0=,Htfog4rTxho+DgUDfACljtD3OnE=
23,-6,COWMx0Uh1/EiNqy6D5t1lsCF4Y0=,Htfog4rTxho+DgUDfACljtD3OnE=
19,-2,COWMx0Uh1/EiNqy6D5t1lsCF4Y0=,Htfog4rTxho+DgUDfACljtD3OnE=
22,-1,COWMx0Uh1/EiNqy6D5t1lsCF4Y0=,Htfog4rTxho+DgUDfACljtD3OnE=
20,-1,COWMx0Uh1/EiNqy6D5t1lsCF4Y0=,Htfog4rTxho+DgUDfACljtD3OnE=
21,-1,COWMx0Uh1/EiNqy6D5t1lsCF4Y0=,Htfog4rTxho+DgUDfACljtD3OnE=
19,-1,COWMx0Uh1/EiNqy6D5t1lsCF4Y0=,Htfog4rTxho+DgUDfACljtD3OnE=
17,-1,COWMx0Uh1/EiNqy6D5t1lsCF4Y0=,Htfog4rTxho+DgUDfACljtD3OnE=
16,-1,COWMx0Uh1/EiNqy6D5t1lsCF4Y0=,Htfog4rTxho+DgUDfACljtD3OnE=
23,-1,COWMx0Uh1/EiNqy6D5t1lsCF4Y0=,Htfog4rTxho+DgUDfACljtD3OnE=
18,-1,COWMx0Uh1/EiNqy6D5t1lsCF4Y0=,Htfog4rTxho+DgUDfACljtD3OnE=
24,-1,COWMx0Uh1/EiNqy6D5t1lsCF4Y0=,xIC7vwl/0ZMGY9nQk2lCt03IcsI=
