46,2,COWMx0Uh1/EiNqy6D5t1lsCF4Y0=,k6KrSkMdSYCrR1HsX7PcUkFmQ48=
47,7,COWMx0Uh1/EiNqy6D5t1lsCF4Y0=,k6KrSkMdSYCrR1HsX7PcUkFmQ48=
45,2,COWMx0Uh1/EiNqy6D5t1lsCF4Y0=,k6KrSkMdSYCrR1HsX7PcUkFmQ48=
44,2,COWMx0Uh1/EiNqy6D5t1lsCF4Y0=,k6KrSkMdSYCrR1HsX7PcUkFmQ48=
43,2,COWMx0Uh1/EiNqy6D5t1lsCF4Y0=,k6KrSkMdSYCrR1HsX7PcUkFmQ48=
42,2,COWMx0Uh1/EiNqy6D5t1lsCF4Y0=,k6KrSkMdSYCrR1HsX7PcUkFmQ48=
46,7,COWMx0Uh1/EiNqy6D5t1lsCF4Y0=,k6KrSkMdSYCrR1HsX7PcUkFmQ48=
45,7,COWMx0Uh1/EiNqy6D5t1lsCF4Y0=,k6KrSkMdSYCrR1HsX7PcUkFmQ48=
41,2,COWMx0Uh1/EiNqy6D5t1lsCF4Y0=,k6KrSkMdSYCrR1HsX7PcUkFmQ48=
46,1,COWMx0Uh1/EiNqy6D5t1lsCF4Y0=,k6KrSkMdSYCrR1HsX7PcUkFmQ48=
47,1,COWMx0Uh1/EiNqy6D5t1lsCF4Y0=,k6KrSkMdSYCrR1HsX7PcUkFmQ48=
44,7,COWMx0Uh1/EiNqy6D5t1lsCF4Y0=,k6KrSkMdSYCrR1HsX7PcUkFmQ48=
43,7,COWMx0Uh1/EiNqy6D5t1lsCF4Y0=,k6KrSkMdSYCrR1HsX7PcUkFmQ48=
45,1,COWMx0Uh1/EiNqy6D5t1lsCF4Y0=,k6KrSkMdSYCrR1HsX7PcUkFmQ48=
44,1,COWMx0Uh1/EiNqy6D5t1lsCF4Y0=,k6KrSkMdSYCrR1HsX7PcUkFmQ48=
42,7,COWMx0Uh1/EiNqy6D5t1lsCF4Y0=,k6KrSkMdSYCrR1HsX7PcUkFmQ48=
43,1,COWMx0Uh1/EiNqy6D5t1lsCF4Y0=,k6KrSkMdSYCrR1HsX7PcUkFmQ48=
41,7,COWMx0Uh1/EiNqy6D5t1lsCF4Y0=,k6KrSkMdSYCrR1HsX7PcUkFmQ48=
41,1,COWMx0Uh1/EiNqy6D5t1lsCF4Y0=,k6KrSkMdSYCrR1HsX7PcUkFmQ48=
47,0,COWMx0Uh1/EiNqy6D5t1lsCF4Y0=,k6KrSkMdSYCrR1HsX7PcUkFmQ48=
42,1,COWMx0Uh1/EiNqy6D5t1lsCF4Y0=,k6KrSkMdSYCrR1HsX7PcUkFmQ48=
46,0,COWMx0Uh1/EiNqy6D5t1lsCF4Y0=,k6KrSkMdSYCrR1HsX7PcUkFmQ48=
45,0,COWMx0Uh1/EiNqy6D5t1lsCF4Y0=,k6KrSkMdSYCrR1HsX7PcUkFmQ48=
44,0,COWMx0Uh1/EiNqy6D5t1lsCF4Y0=,k6KrSkMdSYCrR1HsX7PcUkFmQ48=
47,6,COWMx0Uh1/EiNqy6D5t1lsCF4Y0=,k6KrSkMdSYCrR1HsX7PcUkFmQ48=
43,0,COWMx0Uh1/EiNqy6D5t1lsCF4Y0=,k6KrSkMdSYCrR1HsX7PcUkFmQ48=
42,0,COWMx0Uh1/EiNqy6D5t1lsCF4Y0=,k6KrSkMdSYCrR1HsX7PcUkFmQ48=
46,6,COWMx0Uh1/EiNqy6D5t1lsCF4Y0=,k6KrSkMdSYCrR1HsX7PcUkFmQ48=
41,0,COWMx0Uh1/EiNqy6D5t1lsCF4Y0=,k6KrSkMdSYCrR1HsX7PcUkFmQ48=
45,6,COWMx0Uh1/EiNqy6D5t1lsCF4Y0=,k6KrSkMdSYCrR1HsX7PcUkFmQ48=
44,6,COWMx0Uh1/EiNqy6D5t1lsCF4Y0=,k6KrSkMdSYCrR1HsX7PcUkFmQ48=
43,6,COWMx0Uh1/EiNqy6D5t1lsCF4Y0=,k6KrSkMdSYCrR1HsX7PcUkFmQ48=
42,6,COWMx0Uh1/EiNqy6D5t1lsCF4Y0=,k6KrSkMdSYCrR1HsX7PcUkFmQ48=
41,6,COWMx0Uh1/EiNqy6D5t1lsCF4Y0=,k6KrSkMdSYCrR1HsX7PcUkFmQ48=
47,5,COWMx0Uh1/EiNqy6D5t1lsCF4Y0=,k6KrSkMdSYCrR1HsX7PcUkFmQ48=
46,5,COWMx0Uh1/EiNqy6D5t1lsCF4Y0=,k6KrSkMdSYCrR1HsX7PcUkFmQ48=
45,5,COWMx0Uh1/EiNqy6D5t1lsCF4Y0=,k6KrSkMdSYCrR1HsX7PcUkFmQ48=
44,5,COWMx0Uh1/EiNqy6D5t1lsCF4Y0=,k6KrSkMdSYCrR1HsX7PcUkFmQ48=
43,5,COWMx0Uh1/EiNqy6D5t1lsCF4Y0=,k6KrSkMdSYCrR1HsX7PcUkFmQ48=
42,5,COWMx0Uh1/EiNqy6D5t1lsCF4Y0=,k6KrSkMdSYCrR1HsX7PcUkFmQ48=
41,5,COWMx0Uh1/EiNqy6D5t1lsCF4Y0=,k6KrSkMdSYCrR1HsX7PcUkFmQ48=
45,4,COWMx0Uh1/EiNqy6D5t1lsCF4Y0=,k6KrSkMdSYCrR1HsX7PcUkFmQ48=
47,4,COWMx0Uh1/EiNqy6D5t1lsCF4Y0=,k6KrSkMdSYCrR1HsX7PcUkFmQ48=
44,4,COWMx0Uh1/EiNqy6D5t1lsCF4Y0=,k6KrSkMdSYCrR1HsX7PcUkFmQ48=
46,4,COWMx0Uh1/EiNqy6D5t1lsCF4Y0=,k6KrSkMdSYCrR1HsX7PcUkFmQ48=
43,4,COWMx0Uh1/EiNqy6D5t1lsCF4Y0=,k6KrSkMdSYCrR1HsX7PcUkFmQ48=
42,4,COWMx0Uh1/EiNqy6D5t1lsCF4Y0=,k6KrSkMdSYCrR1HsX7PcUkFmQ48=
41,4,COWMx0Uh1/EiNqy6D5t1lsCF4Y0=,k6KrSkMdSYCrR1HsX7PcUkFmQ48=
47,3,COWMx0Uh1/EiNqy6D5t1lsCF4Y0=,k6KrSkMdSYCrR1HsX7PcUkFmQ48=
46,3,COWMx0Uh1/EiNqy6D5t1lsCF4Y0=,k6KrSkMdSYCrR1HsX7PcUkFmQ48=
45,3,COWMx0Uh1/EiNqy6D5t1lsCF4Y0=,k6KrSkMdSYCrR1HsX7PcUkFmQ48=
44,3,COWMx0Uh1/EiNqy6D5t1lsCF4Y0=,k6KrSkMdSYCrR1HsX7PcUkFmQ48=
42,3,COWMx0Uh1/EiNqy6D5t1lsCF4Y0=,k6KrSkMdSYCrR1HsX7PcUkFmQ48=
41,3,COWMx0Uh1/EiNqy6D5t1lsCF4Y0=,k6KrSkMdSYCrR1HsX7PcUkFmQ48=
43,3,COWMx0Uh1/EiNqy6D5t1lsCF4Y0=,k6KrSkMdSYCrR1HsX7PcUkFmQ48=
47,2,COWMx0Uh1/EiNqy6D5t1lsCF4Y0=,k6KrSkMdSYCrR1HsX7PcUkFmQ48=
37,12,COWMx0Uh1/EiNqy6D5t1lsCF4Y0=,BFIvRJBD+Al0kC4dwqdkua7nLEU=
35,12,COWMx0Uh1/EiNqy6D5t1lsCF4Y0=,BFIvRJBD+Al0kC4dwqdkua7nLEU=
38,12,COWMx0Uh1/EiNqy6D5t1lsCF4Y0=,BFIvRJBD+Al0kC4dwqdkua7nLEU=
36,12,COWMx0Uh1/EiNqy6D5t1lsCF4Y0=,BFIvRJBD+Al0kC4dwqdkua7nLEU=
34,12,COWMx0Uh1/EiNqy6D5t1lsCF4Y0=,BFIvRJBD+Al0kC4dwqdkua7nLEU=
39,12,COWMx0Uh1/EiNqy6D5t1lsCF4Y0=,BFIvRJBD+Al0kC4dwqdkua7nLEU=
32,13,COWMx0Uh1/EiNqy6D5t1lsCF4Y0=,BFIvRJBD+Al0kC4dwqdkua7nLEU=
33,13,COWMx0Uh1/EiNqy6D5t1lsCF4Y0=,BFIvRJBD+Al0kC4dwqdkua7nLEU=
34,13,COWMx0Uh1/EiNqy6D5t1lsCF4Y0=,BFIvRJBD+Al0kC4dwqdkua7nLEU=
36,13,COWMx0Uh1/EiNqy6D5t1lsCF4Y0=,BFIvRJBD+Al0kC4dwqdkua7nLEU=
35,13,COWMx0Uh1/EiNqy6D5t1lsCF4Y0=,BFIvRJBD+Al0kC4dwqdkua7nLEU=
37,13,COWMx0Uh1/EiNqy6D5t1lsCF4Y0=,BFIvRJBD+Al0kC4dwqdkua7nLEU=
33,12,COWMx0Uh1/EiNqy6D5t1lsCF4Y0=,BFIvRJBD+Al0kC4dwqdkua7nLEU=
32,12,COWMx0Uh1/EiNqy6D5t1lsCF4Y0=,BFIvRJBD+Al0kC4dwqdkua7nLEU=
39,11,COWMx0Uh1/EiNqy6D5t1lsCF4Y0=,BFIvRJBD+Al0kC4dwqdkua7nLEU=
37,11,COWMx0Uh1/EiNqy6D5t1lsCF4Y0=,BFIvRJBD+Al0kC4dwqdkua7nLEU=
38,13,COWMx0Uh1/EiNqy6D5t1lsCF4Y0=,BFIvRJBD+Al0kC4dwqdkua7nLEU=
36,11,COWMx0Uh1/EiNqy6D5t1lsCF4Y0=,BFIvRJBD+Al0kC4dwqdkua7nLEU=
34,11,COWMx0Uh1/EiNqy6D5t1lsCF4Y0=,BFIvRJBD+Al0kC4dwqdkua7nLEU=
33,11,COWMx0Uh1/EiNqy6D5t1lsCF4Y0=,BFIvRJBD+Al0kC4dwqdkua7nLEU=
32,11,COWMx0Uh1/EiNqy6D5t1lsCF4Y0=,BFIvRJBD+Al0kC4dwqdkua7nLEU=
35,11,COWMx0Uh1/EiNqy6D5t1lsCF4Y0=,BFIvRJBD+Al0kC4dwqdkua7nLEU=
37,10,COWMx0Uh1/EiNqy6D5t1lsCF4Y0=,BFIvRJBD+Al0kC4dwqdkua7nLEU=
36,10,COWMx0Uh1/EiNqy6D5t1lsCF4Y0=,BFIvRJBD+Al0kC4dwqdkua7nLEU=
35,10,COWMx0Uh1/EiNqy6D5t1lsCF4Y0=,BFIvRJBD+Al0kC4dwqdkua7nLEU=
39,13,COWMx0Uh1/EiNqy6D5t1lsCF4Y0=,BFIvRJBD+Al0kC4dwqdkua7nLEU=
33,14,COWMx0Uh1/EiNqy6D5t1lsCF4Y0=,BFIvRJBD+Al0kC4dwqdkua7nLEU=
32,14,COWMx0Uh1/EiNqy6D5t1lsCF4Y0=,BFIvRJBD+Al0kC4dwqdkua7nLEU=
35,14,COWMx0Uh1/EiNqy6D5t1lsCF4Y0=,BFIvRJBD+Al0kC4dwqdkua7nLEU=
34,10,COWMx0Uh1/EiNqy6D5t1lsCF4Y0=,BFIvRJBD+Al0kC4dwqdkua7nLEU=
36,14,COWMx0Uh1/EiNqy6D5t1lsCF4Y0=,BFIvRJBD+Al0kC4dwqdkua7nLEU=
34,14,COWMx0Uh1/EiNqy6D5t1lsCF4Y0=,BFIvRJBD+Al0kC4dwqdkua7nLEU=
33,10,COWMx0Uh1/EiNqy6D5t1lsCF4Y0=,BFIvRJBD+Al0kC4dwqdkua7nLEU=
37,14,COWMx0Uh1/EiNqy6D5t1lsCF4Y0=,BFIvRJBD+Al0kC4dwqdkua7nLEU=
37,9,COWMx0Uh1/EiNqy6D5t1lsCF4Y0=,BFIvRJBD+Al0kC4dwqdkua7nLEU=
32,10,COWMx0Uh1/EiNqy6D5t1lsCF4Y0=,BFIvRJBD+Al0kC4dwqdkua7nLEU=
36,9,COWMx0Uh1/EiNqy6D5t1lsCF4Y0=,BFIvRJBD+Al0kC4dwqdkua7nLEU=
35,9,COWMx0Uh1/EiNqy6D5t1lsCF4Y0=,BFIvRJBD+Al0kC4dwqdkua7nLEU=
34,9,COWMx0Uh1/EiNqy6D5t1lsCF4Y0=,BFIvRJBD+Al0kC4dwqdkua7nLEU=
33,9,COWMx0Uh1/EiNqy6D5t1lsCF4Y0=,BFIvRJBD+Al0kC4dwqdkua7nLEU=
37,15,COWMx0Uh1/EiNqy6D5t1lsCF4Y0=,BFIvRJBD+Al0kC4dwqdkua7nLEU=
32,9,COWMx0Uh1/EiNqy6D5t1lsCF4Y0=,BFIvRJBD+Al0kC4dwqdkua7nLEU=
35,15,COWMx0Uh1/EiNqy6D5t1lsCF4Y0=,BFIvRJBD+Al0kC4dwqdkua7nLEU=
36,15,COWMx0Uh1/EiNqy6D5t1lsCF4Y0=,BFIvRJBD+Al0kC4dwqdkua7nLEU=
39,10,COWMx0Uh1/EiNqy6D5t1lsCF4Y0=,BFIvRJBD+Al0kC4dwqdkua7nLEU=
34,15,COWMx0Uh1/EiNqy6D5t1lsCF4Y0=,BFIvRJBD+Al0kC4dwqdkua7nLEU=
33,15,COWMx0Uh1/EiNqy6D5t1lsCF4Y0=,BFIvRJBD+Al0kC4dwqdkua7nLEU=
32,15,COWMx0Uh1/EiNqy6D5t1lsCF4Y0=,BFIvRJBD+Al0kC4dwqdkua7nLEU=
39,15,COWMx0Uh1/EiNqy6D5t1lsCF4Y0=,BFIvRJBD+Al0kC4dwqdkua7nLEU=
39,9,COWMx0Uh1/EiNqy6D5t1lsCF4Y0=,BFIvRJBD+Al0kC4dwqdkua7nLEU=
38,11,COWMx0Uh1/EiNqy6D5t1lsCF4Y0=,BFIvRJBD+Al0kC4dwqdkua7nLEU=
39,14,COWMx0Uh1/EiNqy6D5t1lsCF4Y0=,BFIvRJBD+Al0kC4dwqdkua7nLEU=
38,10,COWMx0Uh1/EiNqy6D5t1lsCF4Y0=,BFIvRJBD+Al0kC4dwqdkua7nLEU=
38,15,COWMx0Uh1/EiNqy6D5t1lsCF4Y0=,BFIvRJBD+Al0kC4dwqdkua7nLEU=
38,14,COWMx0Uh1/EiNqy6D5t1lsCF4Y0=,BFIvRJBD+Al0kC4dwqdkua7nLEU=
38,9,COWMx0Uh1/EiNqy6D5t1lsCF4Y0=,BFIvRJBD+Al0kC4dwqdkua7nLEU=
35,3,COWMx0Uh1/EiNqy6D5t1lsCF4Y0=,if6JKrEoQ+p3DiL+y7sQ05ZfdOY=
36,7,COWMx0Uh1/EiNqy6D5t1lsCF4Y0=,if6JKrEoQ+p3DiL+y7sQ05ZfdOY=
35,7,COWMx0Uh1/EiNqy6D5t1lsCF4Y0=,if6JKrEoQ+p3DiL+y7sQ05ZfdOY=
36,3,COWMx0Uh1/EiNqy6D5t1lsCF4Y0=,if6JKrEoQ+p3DiL+y7sQ05ZfdOY=
40,7,COWMx0Uh1/EiNqy6D5t1lsCF4Y0=,k6KrSkMdSYCrR1HsX7PcUkFmQ48=
34,3,COWMx0Uh1/EiNqy6D5t1lsCF4Y0=,if6JKrEoQ+p3DiL+y7sQ05ZfdOY=
37,7,COWMx0Uh1/EiNqy6D5t1lsCF4Y0=,if6JKrEoQ+p3DiL+y7sQ05ZfdOY=
34,7,COWMx0Uh1/EiNqy6D5t1lsCF4Y0=,if6JKrEoQ+p3DiL+y7sQ05ZfdOY=
33,7,COWMx0Uh1/EiNqy6D5t1lsCF4Y0=,if6JKrEoQ+p3DiL+y7sQ05ZfdOY=
40,1,COWMx0Uh1/EiNqy6D5t1lsCF4Y0=,k6KrSkMdSYCrR1HsX7PcUkFmQ48=
40,2,COWMx0Uh1/EiNqy6D5t1lsCF4Y0=,k6KrSkMdSYCrR1HsX7PcUkFmQ48=
40,3,COWMx0Uh1/EiNqy6D5t1lsCF4Y0=,k6KrSkMdSYCrR1HsX7PcUkFmQ48=
36,2,COWMx0Uh1/EiNqy6D5t1lsCF4Y0=,if6JKrEoQ+p3DiL+y7sQ05ZfdOY=
33,3,COWMx0Uh1/EiNqy6D5t1lsCF4Y0=,if6JKrEoQ+p3DiL+y7sQ05ZfdOY=
32,7,COWMx0Uh1/EiNqy6D5t1lsCF4Y0=,if6JKrEoQ+p3DiL+y7sQ05ZfdOY=
37,6,COWMx0Uh1/EiNqy6D5t1lsCF4Y0=,if6JKrEoQ+p3DiL+y7sQ05ZfdOY=
36,6,COWMx0Uh1/EiNqy6D5t1lsCF4Y0=,if6JKrEoQ+p3DiL+y7sQ05ZfdOY=
40,6,COWMx0Uh1/EiNqy6D5t1lsCF4Y0=,k6KrSkMdSYCrR1HsX7PcUkFmQ48=
32,3,COWMx0Uh1/EiNqy6D5t1lsCF4Y0=,if6JKrEoQ+p3DiL+y7sQ05ZfdOY=
35,6,COWMx0Uh1/EiNqy6D5t1lsCF4Y0=,if6JKrEoQ+p3DiL+y7sQ05ZfdOY=
37,8,COWMx0Uh1/EiNqy6D5t1lsCF4Y0=,BFIvRJBD+Al0kC4dwqdkua7nLEU=
36,8,COWMx0Uh1/EiNqy6D5t1lsCF4Y0=,BFIvRJBD+Al0kC4dwqdkua7nLEU=
35,8,COWMx0Uh1/EiNqy6D5t1lsCF4Y0=,BFIvRJBD+Al0kC4dwqdkua7nLEU=
34,6,COWMx0Uh1/EiNqy6D5t1lsCF4Y0=,if6JKrEoQ+p3DiL+y7sQ05ZfdOY=
34,8,COWMx0Uh1/EiNqy6D5t1lsCF4Y0=,BFIvRJBD+Al0kC4dwqdkua7nLEU=
35,2,COWMx0Uh1/EiNqy6D5t1lsCF4Y0=,if6JKrEoQ+p3DiL+y7sQ05ZfdOY=
33,6,COWMx0Uh1/EiNqy6D5t1lsCF4Y0=,if6JKrEoQ+p3DiL+y7sQ05ZfdOY=
37,2,COWMx0Uh1/EiNqy6D5t1lsCF4Y0=,if6JKrEoQ+p3DiL+y7sQ05ZfdOY=
40,0,COWMx0Uh1/EiNqy6D5t1lsCF4Y0=,k6KrSkMdSYCrR1HsX7PcUkFmQ48=
32,6,COWMx0Uh1/EiNqy6D5t1lsCF4Y0=,if6JKrEoQ+p3DiL+y7sQ05ZfdOY=
33,8,COWMx0Uh1/EiNqy6D5t1lsCF4Y0=,BFIvRJBD+Al0kC4dwqdkua7nLEU=
32,8,COWMx0Uh1/EiNqy6D5t1lsCF4Y0=,BFIvRJBD+Al0kC4dwqdkua7nLEU=
39,8,COWMx0Uh1/EiNqy6D5t1lsCF4Y0=,BFIvRJBD+Al0kC4dwqdkua7nLEU=
39,1,COWMx0Uh1/EiNqy6D5t1lsCF4Y0=,if6JKrEoQ+p3DiL+y7sQ05ZfdOY=
39,7,COWMx0Uh1/EiNqy6D5t1lsCF4Y0=,if6JKrEoQ+p3DiL+y7sQ05ZfdOY=
38,7,COWMx0Uh1/EiNqy6D5t1lsCF4Y0=,if6JKrEoQ+p3DiL+y7sQ05ZfdOY=
38,8,COWMx0Uh1/EiNqy6D5t1lsCF4Y0=,BFIvRJBD+Al0kC4dwqdkua7nLEU=
36,5,COWMx0Uh1/EiNqy6D5t1lsCF4Y0=,if6JKrEoQ+p3DiL+y7sQ05ZfdOY=
39,6,COWMx0Uh1/EiNqy6D5t1lsCF4Y0=,if6JKrEoQ+p3DiL+y7sQ05ZfdOY=
35,5,COWMx0Uh1/EiNqy6D5t1lsCF4Y0=,if6JKrEoQ+p3DiL+y7sQ05ZfdOY=
33,1,COWMx0Uh1/EiNqy6D5t1lsCF4Y0=,if6JKrEoQ+p3DiL+y7sQ05ZfdOY=
37,5,COWMx0Uh1/EiNqy6D5t1lsCF4Y0=,if6JKrEoQ+p3DiL+y7sQ05ZfdOY=
38,6,COWMx0Uh1/EiNqy6D5t1lsCF4Y0=,if6JKrEoQ+p3DiL+y7sQ05ZfdOY=
38,1,COWMx0Uh1/EiNqy6D5t1lsCF4Y0=,if6JKrEoQ+p3DiL+y7sQ05ZfdOY=
35,0,COWMx0Uh1/EiNqy6D5t1lsCF4Y0=,if6JKrEoQ+p3DiL+y7sQ05ZfdOY=
34,5,COWMx0Uh1/EiNqy6D5t1lsCF4Y0=,if6JKrEoQ+p3DiL+y7sQ05ZfdOY=
34,2,COWMx0Uh1/EiNqy6D5t1lsCF4Y0=,if6JKrEoQ+p3DiL+y7sQ05ZfdOY=
37,1,COWMx0Uh1/EiNqy6D5t1lsCF4Y0=,if6JKrEoQ+p3DiL+y7sQ05ZfdOY=
32,0,COWMx0Uh1/EiNqy6D5t1lsCF4Y0=,if6JKrEoQ+p3DiL+y7sQ05ZfdOY=
33,2,COWMx0Uh1/EiNqy6D5t1lsCF4Y0=,if6JKrEoQ+p3DiL+y7sQ05ZfdOY=
32,1,COWMx0Uh1/EiNqy6D5t1lsCF4Y0=,if6JKrEoQ+p3DiL+y7sQ05ZfdOY=
32,2,COWMx0Uh1/EiNqy6D5t1lsCF4Y0=,if6JKrEoQ+p3DiL+y7sQ05ZfdOY=
36,1,COWMx0Uh1/EiNqy6D5t1lsCF4Y0=,if6JKrEoQ+p3DiL+y7sQ05ZfdOY=
33,5,COWMx0Uh1/EiNqy6D5t1lsCF4Y0=,if6JKrEoQ+p3DiL+y7sQ05ZfdOY=
39,5,COWMx0Uh1/EiNqy6D5t1lsCF4Y0=,if6JKrEoQ+p3DiL+y7sQ05ZfdOY=
32,5,COWMx0Uh1/EiNqy6D5t1lsCF4Y0=,if6JKrEoQ+p3DiL+y7sQ05ZfdOY=
34,1,COWMx0Uh1/EiNqy6D5t1lsCF4Y0=,if6JKrEoQ+p3DiL+y7sQ05ZfdOY=
34,0,COWMx0Uh1/EiNqy6D5t1lsCF4Y0=,if6JKrEoQ+p3DiL+y7sQ05ZfdOY=
38,5,COWMx0Uh1/EiNqy6D5t1lsCF4Y0=,if6JKrEoQ+p3DiL+y7sQ05ZfdOY=
36,4,COWMx0Uh1/EiNqy6D5t1lsCF4Y0=,if6JKrEoQ+p3DiL+y7sQ05ZfdOY=
40,5,COWMx0Uh1/EiNqy6D5t1lsCF4Y0=,k6KrSkMdSYCrR1HsX7PcUkFmQ48=
34,4,COWMx0Uh1/EiNqy6D5t1lsCF4Y0=,if6JKrEoQ+p3DiL+y7sQ05ZfdOY=
35,4,COWMx0Uh1/EiNqy6D5t1lsCF4Y0=,if6JKrEoQ+p3DiL+y7sQ05ZfdOY=
33,4,COWMx0Uh1/EiNqy6D5t1lsCF4Y0=,if6JKrEoQ+p3DiL+y7sQ05ZfdOY=
36,0,COWMx0Uh1/EiNqy6D5t1lsCF4Y0=,if6JKrEoQ+p3DiL+y7sQ05ZfdOY=
32,4,COWMx0Uh1/EiNqy6D5t1lsCF4Y0=,if6JKrEoQ+p3DiL+y7sQ05ZfdOY=
37,3,COWMx0Uh1/EiNqy6D5t1lsCF4Y0=,if6JKrEoQ+p3DiL+y7sQ05ZfdOY=
37,4,COWMx0Uh1/EiNqy6D5t1lsCF4Y0=,if6JKrEoQ+p3DiL+y7sQ05ZfdOY=
40,4,COWMx0Uh1/EiNqy6D5t1lsCF4Y0=,k6KrSkMdSYCrR1HsX7PcUkFmQ48=
35,1,COWMx0Uh1/EiNqy6D5t1lsCF4Y0=,if6JKrEoQ+p3DiL+y7sQ05ZfdOY=
33,0,COWMx0Uh1/EiNqy6D5t1lsCF4Y0=,if6JKrEoQ+p3DiL+y7sQ05ZfdOY=
37,0,COWMx0Uh1/EiNqy6D5t1lsCF4Y0=,if6JKrEoQ+p3DiL+y7sQ05ZfdOY=
38,2,COWMx0Uh1/EiNqy6D5t1lsCF4Y0=,if6JKrEoQ+p3DiL+y7sQ05ZfdOY=
38,0,COWMx0Uh1/EiNqy6D5t1lsCF4Y0=,if6JKrEoQ+p3DiL+y7sQ05ZfdOY=
39,2,COWMx0Uh1/EiNqy6D5t1lsCF4Y0=,if6JKrEoQ+p3DiL+y7sQ05ZfdOY=
39,4,COWMx0Uh1/EiNqy6D5t1lsCF4Y0=,if6JKrEoQ+p3DiL+y7sQ05ZfdOY=
39,0,COWMx0Uh1/EiNqy6D5t1lsCF4Y0=,if6JKrEoQ+p3DiL+y7sQ05ZfdOY=
38,4,COWMx0Uh1/EiNqy6D5t1lsCF4Y0=,if6JKrEoQ+p3DiL+y7sQ05ZfdOY=
38,3,COWMx0Uh1/EiNqy6D5t1lsCF4Y0=,if6JKrEoQ+p3DiL+y7sQ05ZfdOY=
39,3,COWMx0Uh1/EiNqy6D5t1lsCF4Y0=,if6JKrEoQ+p3DiL+y7sQ05ZfdOY=
44,21,COWMx0Uh1/EiNqy6D5t1lsCF4Y0=,ic1dPw36EZz9MegseJSMAP6SHQs=
43,21,COWMx0Uh1/EiNqy6D5t1lsCF4Y0=,ic1dPw36EZz9MegseJSMAP6SHQs=
42,21,COWMx0Uh1/EiNqy6D5t1lsCF4Y0=,ic1dPw36EZz9MegseJSMAP6SHQs=
46,20,COWMx0Uh1/EiNqy6D5t1lsCF4Y0=,ic1dPw36EZz9MegseJSMAP6SHQs=
41,21,COWMx0Uh1/EiNqy6D5t1lsCF4Y0=,ic1dPw36EZz9MegseJSMAP6SHQs=
47,20,COWMx0Uh1/EiNqy6D5t1lsCF4Y0=,ic1dPw36EZz9MegseJSMAP6SHQs=
45,20,COWMx0Uh1/EiNqy6D5t1lsCF4Y0=,ic1dPw36EZz9MegseJSMAP6SHQs=
44,20,COWMx0Uh1/EiNqy6D5t1lsCF4Y0=,ic1dPw36EZz9MegseJSMAP6SHQs=
43,20,COWMx0Uh1/EiNqy6D5t1lsCF4Y0=,ic1dPw36EZz9MegseJSMAP6SHQs=
41,20,COWMx0Uh1/EiNqy6D5t1lsCF4Y0=,ic1dPw36EZz9MegseJSMAP6SHQs=
42,20,COWMx0Uh1/EiNqy6D5t1lsCF4Y0=,ic1dPw36EZz9MegseJSMAP6SHQs=
47,19,COWMx0Uh1/EiNqy6D5t1lsCF4Y0=,ic1dPw36EZz9MegseJSMAP6SHQs=
46,19,COWMx0Uh1/EiNqy6D5t1lsCF4Y0=,ic1dPw36EZz9MegseJSMAP6SHQs=
44,19,COWMx0Uh1/EiNqy6D5t1lsCF4Y0=,ic1dPw36EZz9MegseJSMAP6SHQs=
45,19,COWMx0Uh1/EiNqy6D5t1lsCF4Y0=,ic1dPw36EZz9MegseJSMAP6SHQs=
42,19,COWMx0Uh1/EiNqy6D5t1lsCF4Y0=,ic1dPw36EZz9MegseJSMAP6SHQs=
43,19,COWMx0Uh1/EiNqy6D5t1lsCF4Y0=,ic1dPw36EZz9MegseJSMAP6SHQs=
41,19,COWMx0Uh1/EiNqy6D5t1lsCF4Y0=,ic1dPw36EZz9MegseJSMAP6SHQs=
46,18,COWMx0Uh1/EiNqy6D5t1lsCF4Y0=,ic1dPw36EZz9MegseJSMAP6SHQs=
47,18,COWMx0Uh1/EiNqy6D5t1lsCF4Y0=,ic1dPw36EZz9MegseJSMAP6SHQs=
45,18,COWMx0Uh1/EiNqy6D5t1lsCF4Y0=,ic1dPw36EZz9MegseJSMAP6SHQs=
43,18,COWMx0Uh1/EiNqy6D5t1lsCF4Y0=,ic1dPw36EZz9MegseJSMAP6SHQs=
44,18,COWMx0Uh1/EiNqy6D5t1lsCF4Y0=,ic1dPw36EZz9MegseJSMAP6SHQs=
42,18,COWMx0Uh1/EiNqy6D5t1lsCF4Y0=,ic1dPw36EZz9MegseJSMAP6SHQs=
47,17,COWMx0Uh1/EiNqy6D5t1lsCF4Y0=,ic1dPw36EZz9MegseJSMAP6SHQs=
41,18,COWMx0Uh1/EiNqy6D5t1lsCF4Y0=,ic1dPw36EZz9MegseJSMAP6SHQs=
44,17,COWMx0Uh1/EiNqy6D5t1lsCF4Y0=,ic1dPw36EZz9MegseJSMAP6SHQs=
45,17,COWMx0Uh1/EiNqy6D5t1lsCF4Y0=,ic1dPw36EZz9MegseJSMAP6SHQs=
43,17,COWMx0Uh1/EiNqy6D5t1lsCF4Y0=,ic1dPw36EZz9MegseJSMAP6SHQs=
46,17,COWMx0Uh1/EiNqy6D5t1lsCF4Y0=,ic1dPw36EZz9MegseJSMAP6SHQs=
42,17,COWMx0Uh1/EiNqy6D5t1lsCF4Y0=,ic1dPw36EZz9MegseJSMAP6SHQs=
41,17,COWMx0Uh1/EiNqy6D5t1lsCF4Y0=,ic1dPw36EZz9MegseJSMAP6SHQs=
47,16,COWMx0Uh1/EiNqy6D5t1lsCF4Y0=,ic1dPw36EZz9MegseJSMAP6SHQs=
46,16,COWMx0Uh1/EiNqy6D5t1lsCF4Y0=,ic1dPw36EZz9MegseJSMAP6SHQs=
45,16,COWMx0Uh1/EiNqy6D5t1lsCF4Y0=,ic1dPw36EZz9MegseJSMAP6SHQs=
47,23,COWMx0Uh1/EiNqy6D5t1lsCF4Y0=,ic1dPw36EZz9MegseJSMAP6SHQs=
46,23,COWMx0Uh1/EiNqy6D5t1lsCF4Y0=,ic1dPw36EZz9MegseJSMAP6SHQs=
45,23,COWMx0Uh1/EiNqy6D5t1lsCF4Y0=,ic1dPw36EZz9MegseJSMAP6SHQs=
44,23,COWMx0Uh1/EiNqy6D5t1lsCF4Y0=,ic1dPw36EZz9MegseJSMAP6SHQs=
43,23,COWMx0Uh1/EiNqy6D5t1lsCF4Y0=,ic1dPw36EZz9MegseJSMAP6SHQs=
42,23,COWMx0Uh1/EiNqy6D5t1lsCF4Y0=,ic1dPw36EZz9MegseJSMAP6SHQs=
41,23,COWMx0Uh1/EiNqy6D5t1lsCF4Y0=,ic1dPw36EZz9MegseJSMAP6SHQs=
44,16,COWMx0Uh1/EiNqy6D5t1lsCF4Y0=,ic1dPw36EZz9MegseJSMAP6SHQs=
43,16,COWMx0Uh1/EiNqy6D5t1lsCF4Y0=,ic1dPw36EZz9MegseJSMAP6SHQs=
47,22,COWMx0Uh1/EiNqy6D5t1lsCF4Y0=,ic1dPw36EZz9MegseJSMAP6SHQs=
46,22,COWMx0Uh1/EiNqy6D5t1lsCF4Y0=,ic1dPw36EZz9MegseJSMAP6SHQs=
45,22,COWMx0Uh1/EiNqy6D5t1lsCF4Y0=,ic1dPw36EZz9MegseJSMAP6SHQs=
44,22,COWMx0Uh1/EiNqy6D5t1lsCF4Y0=,ic1dPw36EZz9MegseJSMAP6SHQs=
43,22,COWMx0Uh1/EiNqy6D5t1lsCF4Y0=,ic1dPw36EZz9MegseJSMAP6SHQs=
42,22,COWMx0Uh1/EiNqy6D5t1lsCF4Y0=,ic1dPw36EZz9MegseJSMAP6SHQs=
42,16,COWMx0Uh1/EiNqy6D5t1lsCF4Y0=,ic1dPw36EZz9MegseJSMAP6SHQs=
41,16,COWMx0Uh1/EiNqy6D5t1lsCF4Y0=,ic1dPw36EZz9MegseJSMAP6SHQs=
41,22,COWMx0Uh1/EiNqy6D5t1lsCF4Y0=,ic1dPw36EZz9MegseJSMAP6SHQs=
46,21,COWMx0Uh1/EiNqy6D5t1lsCF4Y0=,ic1dPw36EZz9MegseJSMAP6SHQs=
47,21,COWMx0Uh1/EiNqy6D5t1lsCF4Y0=,ic1dPw36EZz9MegseJSMAP6SHQs=
45,21,COWMx0Uh1/EiNqy6D5t1lsCF4Y0=,ic1dPw36EZz9MegseJSMAP6SHQs=
35,23,COWMx0Uh1/EiNqy6D5t1lsCF4Y0=,M5Ym/axWIf+GvEDJ8UPFMQsx4AQ=
32,23,COWMx0Uh1/EiNqy6D5t1lsCF4Y0=,M5Ym/axWIf+GvEDJ8UPFMQsx4AQ=
39,22,COWMx0Uh1/EiNqy6D5t1lsCF4Y0=,M5Ym/axWIf+GvEDJ8UPFMQsx4AQ=
37,22,COWMx0Uh1/EiNqy6D5t1lsCF4Y0=,M5Ym/axWIf+GvEDJ8UPFMQsx4AQ=
40,20,COWMx0Uh1/EiNqy6D5t1lsCF4Y0=,ic1dPw36EZz9MegseJSMAP6SHQs=
35,17,COWMx0Uh1/EiNqy6D5t1lsCF4Y0=,M5Ym/axWIf+GvEDJ8UPFMQsx4AQ=
35,22,COWMx0Uh1/EiNqy6D5t1lsCF4Y0=,M5Ym/axWIf+GvEDJ8UPFMQsx4AQ=
36,22,COWMx0Uh1/EiNqy6D5t1lsCF4Y0=,M5Ym/axWIf+GvEDJ8UPFMQsx4AQ=
35,16,COWMx0Uh1/EiNqy6D5t1lsCF4Y0=,M5Ym/axWIf+GvEDJ8UPFMQsx4AQ=
32,18,COWMx0Uh1/EiNqy6D5t1lsCF4Y0=,M5Ym/axWIf+GvEDJ8UPFMQsx4AQ=
34,22,COWMx0Uh1/EiNqy6D5t1lsCF4Y0=,M5Ym/axWIf+GvEDJ8UPFMQsx4AQ=
36,23,COWMx0Uh1/EiNqy6D5t1lsCF4Y0=,M5Ym/axWIf+GvEDJ8UPFMQsx4AQ=
37,20,COWMx0Uh1/EiNqy6D5t1lsCF4Y0=,M5Ym/axWIf+GvEDJ8UPFMQsx4AQ=
35,21,COWMx0Uh1/EiNqy6D5t1lsCF4Y0=,M5Ym/axWIf+GvEDJ8UPFMQsx4AQ=
38,20,COWMx0Uh1/EiNqy6D5t1lsCF4Y0=,M5Ym/axWIf+GvEDJ8UPFMQsx4AQ=
36,20,COWMx0Uh1/EiNqy6D5t1lsCF4Y0=,M5Ym/axWIf+GvEDJ8UPFMQsx4AQ=
37,21,COWMx0Uh1/EiNqy6D5t1lsCF4Y0=,M5Ym/axWIf+GvEDJ8UPFMQsx4AQ=
34,20,COWMx0Uh1/EiNqy6D5t1lsCF4Y0=,M5Ym/axWIf+GvEDJ8UPFMQsx4AQ=
35,20,COWMx0Uh1/EiNqy6D5t1lsCF4Y0=,M5Ym/axWIf+GvEDJ8UPFMQsx4AQ=
32,20,COWMx0Uh1/EiNqy6D5t1lsCF4Y0=,M5Ym/axWIf+GvEDJ8UPFMQsx4AQ=
40,19,COWMx0Uh1/EiNqy6D5t1lsCF4Y0=,ic1dPw36EZz9MegseJSMAP6SHQs=
33,20,COWMx0Uh1/EiNqy6D5t1lsCF4Y0=,M5Ym/axWIf+GvEDJ8UPFMQsx4AQ=
32,19,COWMx0Uh1/EiNqy6D5t1lsCF4Y0=,M5Ym/axWIf+GvEDJ8UPFMQsx4AQ=
34,16,COWMx0Uh1/EiNqy6D5t1lsCF4Y0=,M5Ym/axWIf+GvEDJ8UPFMQsx4AQ=
32,16,COWMx0Uh1/EiNqy6D5t1lsCF4Y0=,M5Ym/axWIf+GvEDJ8UPFMQsx4AQ=
33,22,COWMx0Uh1/EiNqy6D5t1lsCF4Y0=,M5Ym/axWIf+GvEDJ8UPFMQsx4AQ=
38,22,COWMx0Uh1/EiNqy6D5t1lsCF4Y0=,M5Ym/axWIf+GvEDJ8UPFMQsx4AQ=
34,21,COWMx0Uh1/EiNqy6D5t1lsCF4Y0=,M5Ym/axWIf+GvEDJ8UPFMQsx4AQ=
40,18,COWMx0Uh1/EiNqy6D5t1lsCF4Y0=,ic1dPw36EZz9MegseJSMAP6SHQs=
34,17,COWMx0Uh1/EiNqy6D5t1lsCF4Y0=,M5Ym/axWIf+GvEDJ8UPFMQsx4AQ=
39,20,COWMx0Uh1/EiNqy6D5t1lsCF4Y0=,M5Ym/axWIf+GvEDJ8UPFMQsx4AQ=
33,21,COWMx0Uh1/EiNqy6D5t1lsCF4Y0=,M5Ym/axWIf+GvEDJ8UPFMQsx4AQ=
32,22,COWMx0Uh1/EiNqy6D5t1lsCF4Y0=,M5Ym/axWIf+GvEDJ8UPFMQsx4AQ=
33,17,COWMx0Uh1/EiNqy6D5t1lsCF4Y0=,M5Ym/axWIf+GvEDJ8UPFMQsx4AQ=
39,19,COWMx0Uh1/EiNqy6D5t1lsCF4Y0=,M5Ym/axWIf+GvEDJ8UPFMQsx4AQ=
39,18,COWMx0Uh1/EiNqy6D5t1lsCF4Y0=,M5Ym/axWIf+GvEDJ8UPFMQsx4AQ=
37,23,COWMx0Uh1/EiNqy6D5t1lsCF4Y0=,M5Ym/axWIf+GvEDJ8UPFMQsx4AQ=
32,17,COWMx0Uh1/EiNqy6D5t1lsCF4Y0=,M5Ym/axWIf+GvEDJ8UPFMQsx4AQ=
38,19,COWMx0Uh1/EiNqy6D5t1lsCF4Y0=,M5Ym/axWIf+GvEDJ8UPFMQsx4AQ=
33,16,COWMx0Uh1/EiNqy6D5t1lsCF4Y0=,M5Ym/axWIf+GvEDJ8UPFMQsx4AQ=
37,19,COWMx0Uh1/EiNqy6D5t1lsCF4Y0=,M5Ym/axWIf+GvEDJ8UPFMQsx4AQ=
38,18,COWMx0Uh1/EiNqy6D5t1lsCF4Y0=,M5Ym/axWIf+GvEDJ8UPFMQsx4AQ=
36,21,COWMx0Uh1/EiNqy6D5t1lsCF4Y0=,M5Ym/axWIf+GvEDJ8UPFMQsx4AQ=
39,21,COWMx0Uh1/EiNqy6D5t1lsCF4Y0=,M5Ym/axWIf+GvEDJ8UPFMQsx4AQ=
36,17,COWMx0Uh1/EiNqy6D5t1lsCF4Y0=,M5Ym/axWIf+GvEDJ8UPFMQsx4AQ=
36,18,COWMx0Uh1/EiNqy6D5t1lsCF4Y0=,M5Ym/axWIf+GvEDJ8UPFMQsx4AQ=
36,19,COWMx0Uh1/EiNqy6D5t1lsCF4Y0=,M5Ym/axWIf+GvEDJ8UPFMQsx4AQ=
35,18,COWMx0Uh1/EiNqy6D5t1lsCF4Y0=,M5Ym/axWIf+GvEDJ8UPFMQsx4AQ=
40,22,COWMx0Uh1/EiNqy6D5t1lsCF4Y0=,ic1dPw36EZz9MegseJSMAP6SHQs=
34,18,COWMx0Uh1/EiNqy6D5t1lsCF4Y0=,M5Ym/axWIf+GvEDJ8UPFMQsx4AQ=
33,18,COWMx0Uh1/EiNqy6D5t1lsCF4Y0=,M5Ym/axWIf+GvEDJ8UPFMQsx4AQ=
33,23,COWMx0Uh1/EiNqy6D5t1lsCF4Y0=,M5Ym/axWIf+GvEDJ8UPFMQsx4AQ=
38,23,COWMx0Uh1/EiNqy6D5t1lsCF4Y0=,M5Ym/axWIf+GvEDJ8UPFMQsx4AQ=
35,19,COWMx0Uh1/EiNqy6D5t1lsCF4Y0=,M5Ym/axWIf+GvEDJ8UPFMQsx4AQ=
34,19,COWMx0Uh1/EiNqy6D5t1lsCF4Y0=,M5Ym/axWIf+GvEDJ8UPFMQsx4AQ=
40,23,COWMx0Uh1/EiNqy6D5t1lsCF4Y0=,ic1dPw36EZz9MegseJSMAP6SHQs=
36,16,COWMx0Uh1/EiNqy6D5t1lsCF4Y0=,M5Ym/axWIf+GvEDJ8UPFMQsx4AQ=
39,23,COWMx0Uh1/EiNqy6D5t1lsCF4Y0=,M5Ym/axWIf+GvEDJ8UPFMQsx4AQ=
32,21,COWMx0Uh1/EiNqy6D5t1lsCF4Y0=,M5Ym/axWIf+GvEDJ8UPFMQsx4AQ=
38,21,COWMx0Uh1/EiNqy6D5t1lsCF4Y0=,M5Ym/axWIf+GvEDJ8UPFMQsx4AQ=
33,19,COWMx0Uh1/EiNqy6D5t1lsCF4Y0=,M5Ym/axWIf+GvEDJ8UPFMQsx4AQ=
40,21,COWMx0Uh1/EiNqy6D5t1lsCF4Y0=,ic1dPw36EZz9MegseJSMAP6SHQs=
34,23,COWMx0Uh1/EiNqy6D5t1lsCF4Y0=,M5Ym/axWIf+GvEDJ8UPFMQsx4AQ=
37,18,COWMx0Uh1/EiNqy6D5t1lsCF4Y0=,M5Ym/axWIf+GvEDJ8UPFMQsx4AQ=
37,17,COWMx0Uh1/EiNqy6D5t1lsCF4Y0=,M5Ym/axWIf+GvEDJ8UPFMQsx4AQ=
40,16,COWMx0Uh1/EiNqy6D5t1lsCF4Y0=,ic1dPw36EZz9MegseJSMAP6SHQs=
39,17,COWMx0Uh1/EiNqy6D5t1lsCF4Y0=,M5Ym/axWIf+GvEDJ8UPFMQsx4AQ=
37,16,COWMx0Uh1/EiNqy6D5t1lsCF4Y0=,M5Ym/axWIf+GvEDJ8UPFMQsx4AQ=
39,16,COWMx0Uh1/EiNqy6D5t1lsCF4Y0=,M5Ym/axWIf+GvEDJ8UPFMQsx4AQ=
40,17,COWMx0Uh1/EiNqy6D5t1lsCF4Y0=,ic1dPw36EZz9MegseJSMAP6SHQs=
38,17,COWMx0Uh1/EiNqy6D5t1lsCF4Y0=,M5Ym/axWIf+GvEDJ8UPFMQsx4AQ=
38,16,COWMx0Uh1/EiNqy6D5t1lsCF4Y0=,M5Ym/axWIf+GvEDJ8UPFMQsx4AQ=
