20,-5,5UA5Hc/SQoM6Bd+CsrFNM5ZE5sA=,9t/Gag2ENQlkxiC7panc2cMYgzE=
19,-4,5UA5Hc/SQoM6Bd+CsrFNM5ZE5sA=,9t/Gag2ENQlkxiC7panc2cMYgzE=
19,-5,5UA5Hc/SQoM6Bd+CsrFNM5ZE5sA=,9t/Gag2ENQlkxiC7panc2cMYgzE=
20,-4,5UA5Hc/SQoM6Bd+CsrFNM5ZE5sA=,9t/Gag2ENQlkxiC7panc2cMYgzE=
27,-13,SRY4XiKUKZ/jV27iO9LtoumF1cU=,5emomhEu4/vpSOUQantBBF6LlWA=
28,-12,SRY4XiKUKZ/jV27iO9LtoumF1cU=,5emomhEu4/vpSOUQantBBF6LlWA=
27,-12,SRY4XiKUKZ/jV27iO9LtoumF1cU=,5emomhEu4/vpSOUQantBBF6LlWA=
28,-13,SRY4XiKUKZ/jV27iO9LtoumF1cU=,5emomhEu4/vpSOUQantBBF6LlWA=
27,-14,SRY4XiKUKZ/jV27iO9LtoumF1cU=,5emomhEu4/vpSOUQantBBF6LlWA=
28,-14,SRY4XiKUKZ/jV27iO9LtoumF1cU=,5emomhEu4/vpSOUQantBBF6LlWA=
27,-15,SRY4XiKUKZ/jV27iO9LtoumF1cU=,5emomhEu4/vpSOUQantBBF6LlWA=
28,-15,SRY4XiKUKZ/jV27iO9LtoumF1cU=,5emomhEu4/vpSOUQantBBF6LlWA=
28,-16,SRY4XiKUKZ/jV27iO9LtoumF1cU=,5emomhEu4/vpSOUQantBBF6LlWA=
27,-16,SRY4XiKUKZ/jV27iO9LtoumF1cU=,5emomhEu4/vpSOUQantBBF6LlWA=
20,-13,SRY4XiKUKZ/jV27iO9LtoumF1cU=,RQ26p6xZ+qqWX39eSFU5Cc8wtaU=
19,-13,SRY4XiKUKZ/jV27iO9LtoumF1cU=,RQ26p6xZ+qqWX39eSFU5Cc8wtaU=
19,-16,SRY4XiKUKZ/jV27iO9LtoumF1cU=,RQ26p6xZ+qqWX39eSFU5Cc8wtaU=
21,-13,SRY4XiKUKZ/jV27iO9LtoumF1cU=,RQ26p6xZ+qqWX39eSFU5Cc8wtaU=
22,-13,SRY4XiKUKZ/jV27iO9LtoumF1cU=,RQ26p6xZ+qqWX39eSFU5Cc8wtaU=
21,-14,SRY4XiKUKZ/jV27iO9LtoumF1cU=,RQ26p6xZ+qqWX39eSFU5Cc8wtaU=
18,-13,SRY4XiKUKZ/jV27iO9LtoumF1cU=,RQ26p6xZ+qqWX39eSFU5Cc8wtaU=
26,-16,SRY4XiKUKZ/jV27iO9LtoumF1cU=,5emomhEu4/vpSOUQantBBF6LlWA=
23,-16,SRY4XiKUKZ/jV27iO9LtoumF1cU=,RQ26p6xZ+qqWX39eSFU5Cc8wtaU=
25,-16,SRY4XiKUKZ/jV27iO9LtoumF1cU=,5emomhEu4/vpSOUQantBBF6LlWA=
24,-16,SRY4XiKUKZ/jV27iO9LtoumF1cU=,5emomhEu4/vpSOUQantBBF6LlWA=
23,-13,SRY4XiKUKZ/jV27iO9LtoumF1cU=,RQ26p6xZ+qqWX39eSFU5Cc8wtaU=
20,-6,SRY4XiKUKZ/jV27iO9LtoumF1cU=,9t/Gag2ENQlkxiC7panc2cMYgzE=
24,-15,SRY4XiKUKZ/jV27iO9LtoumF1cU=,5emomhEu4/vpSOUQantBBF6LlWA=
16,-12,SRY4XiKUKZ/jV27iO9LtoumF1cU=,RQ26p6xZ+qqWX39eSFU5Cc8wtaU=
17,-12,SRY4XiKUKZ/jV27iO9LtoumF1cU=,RQ26p6xZ+qqWX39eSFU5Cc8wtaU=
22,-14,SRY4XiKUKZ/jV27iO9LtoumF1cU=,RQ26p6xZ+qqWX39eSFU5Cc8wtaU=
19,-6,SRY4XiKUKZ/jV27iO9LtoumF1cU=,9t/Gag2ENQlkxiC7panc2cMYgzE=
26,-12,SRY4XiKUKZ/jV27iO9LtoumF1cU=,5emomhEu4/vpSOUQantBBF6LlWA=
25,-12,SRY4XiKUKZ/jV27iO9LtoumF1cU=,5emomhEu4/vpSOUQantBBF6LlWA=
24,-12,SRY4XiKUKZ/jV27iO9LtoumF1cU=,5emomhEu4/vpSOUQantBBF6LlWA=
20,-7,SRY4XiKUKZ/jV27iO9LtoumF1cU=,9t/Gag2ENQlkxiC7panc2cMYgzE=
18,-12,SRY4XiKUKZ/jV27iO9LtoumF1cU=,RQ26p6xZ+qqWX39eSFU5Cc8wtaU=
19,-12,SRY4XiKUKZ/jV27iO9LtoumF1cU=,RQ26p6xZ+qqWX39eSFU5Cc8wtaU=
24,-14,SRY4XiKUKZ/jV27iO9LtoumF1cU=,5emomhEu4/vpSOUQantBBF6LlWA=
25,-14,SRY4XiKUKZ/jV27iO9LtoumF1cU=,5emomhEu4/vpSOUQantBBF6LlWA=
26,-14,SRY4XiKUKZ/jV27iO9LtoumF1cU=,5emomhEu4/vpSOUQantBBF6LlWA=
20,-12,SRY4XiKUKZ/jV27iO9LtoumF1cU=,RQ26p6xZ+qqWX39eSFU5Cc8wtaU=
19,-7,SRY4XiKUKZ/jV27iO9LtoumF1cU=,9t/Gag2ENQlkxiC7panc2cMYgzE=
20,-8,SRY4XiKUKZ/jV27iO9LtoumF1cU=,9t/Gag2ENQlkxiC7panc2cMYgzE=
19,-8,SRY4XiKUKZ/jV27iO9LtoumF1cU=,9t/Gag2ENQlkxiC7panc2cMYgzE=
26,-15,SRY4XiKUKZ/jV27iO9LtoumF1cU=,5emomhEu4/vpSOUQantBBF6LlWA=
17,-13,SRY4XiKUKZ/jV27iO9LtoumF1cU=,RQ26p6xZ+qqWX39eSFU5Cc8wtaU=
20,-9,SRY4XiKUKZ/jV27iO9LtoumF1cU=,RQ26p6xZ+qqWX39eSFU5Cc8wtaU=
19,-9,SRY4XiKUKZ/jV27iO9LtoumF1cU=,RQ26p6xZ+qqWX39eSFU5Cc8wtaU=
25,-15,SRY4XiKUKZ/jV27iO9LtoumF1cU=,5emomhEu4/vpSOUQantBBF6LlWA=
20,-14,SRY4XiKUKZ/jV27iO9LtoumF1cU=,RQ26p6xZ+qqWX39eSFU5Cc8wtaU=
23,-15,SRY4XiKUKZ/jV27iO9LtoumF1cU=,RQ26p6xZ+qqWX39eSFU5Cc8wtaU=
22,-15,SRY4XiKUKZ/jV27iO9LtoumF1cU=,RQ26p6xZ+qqWX39eSFU5Cc8wtaU=
19,-14,SRY4XiKUKZ/jV27iO9LtoumF1cU=,RQ26p6xZ+qqWX39eSFU5Cc8wtaU=
26,-13,SRY4XiKUKZ/jV27iO9LtoumF1cU=,5emomhEu4/vpSOUQantBBF6LlWA=
20,-10,SRY4XiKUKZ/jV27iO9LtoumF1cU=,RQ26p6xZ+qqWX39eSFU5Cc8wtaU=
19,-10,SRY4XiKUKZ/jV27iO9LtoumF1cU=,RQ26p6xZ+qqWX39eSFU5Cc8wtaU=
21,-15,SRY4XiKUKZ/jV27iO9LtoumF1cU=,RQ26p6xZ+qqWX39eSFU5Cc8wtaU=
25,-13,SRY4XiKUKZ/jV27iO9LtoumF1cU=,5emomhEu4/vpSOUQantBBF6LlWA=
16,-13,SRY4XiKUKZ/jV27iO9LtoumF1cU=,RQ26p6xZ+qqWX39eSFU5Cc8wtaU=
23,-14,SRY4XiKUKZ/jV27iO9LtoumF1cU=,RQ26p6xZ+qqWX39eSFU5Cc8wtaU=
20,-15,SRY4XiKUKZ/jV27iO9LtoumF1cU=,RQ26p6xZ+qqWX39eSFU5Cc8wtaU=
24,-13,SRY4XiKUKZ/jV27iO9LtoumF1cU=,5emomhEu4/vpSOUQantBBF6LlWA=
19,-15,SRY4XiKUKZ/jV27iO9LtoumF1cU=,RQ26p6xZ+qqWX39eSFU5Cc8wtaU=
20,-11,SRY4XiKUKZ/jV27iO9LtoumF1cU=,RQ26p6xZ+qqWX39eSFU5Cc8wtaU=
19,-11,SRY4XiKUKZ/jV27iO9LtoumF1cU=,RQ26p6xZ+qqWX39eSFU5Cc8wtaU=
23,-12,SRY4XiKUKZ/jV27iO9LtoumF1cU=,RQ26p6xZ+qqWX39eSFU5Cc8wtaU=
22,-12,SRY4XiKUKZ/jV27iO9LtoumF1cU=,RQ26p6xZ+qqWX39eSFU5Cc8wtaU=
21,-12,SRY4XiKUKZ/jV27iO9LtoumF1cU=,RQ26p6xZ+qqWX39eSFU5Cc8wtaU=
22,-16,SRY4XiKUKZ/jV27iO9LtoumF1cU=,RQ26p6xZ+qqWX39eSFU5Cc8wtaU=
21,-16,SRY4XiKUKZ/jV27iO9LtoumF1cU=,RQ26p6xZ+qqWX39eSFU5Cc8wtaU=
20,-16,SRY4XiKUKZ/jV27iO9LtoumF1cU=,RQ26p6xZ+qqWX39eSFU5Cc8wtaU=
16,-4,inULD8cmleMhatYPrvDmzZAsfHo=,9t/Gag2ENQlkxiC7panc2cMYgzE=
18,-5,inULD8cmleMhatYPrvDmzZAsfHo=,9t/Gag2ENQlkxiC7panc2cMYgzE=
17,-5,inULD8cmleMhatYPrvDmzZAsfHo=,9t/Gag2ENQlkxiC7panc2cMYgzE=
16,-5,inULD8cmleMhatYPrvDmzZAsfHo=,9t/Gag2ENQlkxiC7panc2cMYgzE=
18,-6,inULD8cmleMhatYPrvDmzZAsfHo=,9t/Gag2ENQlkxiC7panc2cMYgzE=
17,-6,inULD8cmleMhatYPrvDmzZAsfHo=,9t/Gag2ENQlkxiC7panc2cMYgzE=
16,-6,inULD8cmleMhatYPrvDmzZAsfHo=,9t/Gag2ENQlkxiC7panc2cMYgzE=
30,-12,inULD8cmleMhatYPrvDmzZAsfHo=,5emomhEu4/vpSOUQantBBF6LlWA=
31,-12,inULD8cmleMhatYPrvDmzZAsfHo=,5emomhEu4/vpSOUQantBBF6LlWA=
29,-13,inULD8cmleMhatYPrvDmzZAsfHo=,5emomhEu4/vpSOUQantBBF6LlWA=
30,-13,inULD8cmleMhatYPrvDmzZAsfHo=,5emomhEu4/vpSOUQantBBF6LlWA=
31,-13,inULD8cmleMhatYPrvDmzZAsfHo=,5emomhEu4/vpSOUQantBBF6LlWA=
29,-12,inULD8cmleMhatYPrvDmzZAsfHo=,5emomhEu4/vpSOUQantBBF6LlWA=
18,-7,inULD8cmleMhatYPrvDmzZAsfHo=,9t/Gag2ENQlkxiC7panc2cMYgzE=
17,-7,inULD8cmleMhatYPrvDmzZAsfHo=,9t/Gag2ENQlkxiC7panc2cMYgzE=
16,-7,inULD8cmleMhatYPrvDmzZAsfHo=,9t/Gag2ENQlkxiC7panc2cMYgzE=
18,-8,inULD8cmleMhatYPrvDmzZAsfHo=,9t/Gag2ENQlkxiC7panc2cMYgzE=
17,-8,inULD8cmleMhatYPrvDmzZAsfHo=,9t/Gag2ENQlkxiC7panc2cMYgzE=
16,-8,inULD8cmleMhatYPrvDmzZAsfHo=,9t/Gag2ENQlkxiC7panc2cMYgzE=
18,-9,inULD8cmleMhatYPrvDmzZAsfHo=,RQ26p6xZ+qqWX39eSFU5Cc8wtaU=
17,-9,inULD8cmleMhatYPrvDmzZAsfHo=,RQ26p6xZ+qqWX39eSFU5Cc8wtaU=
16,-9,inULD8cmleMhatYPrvDmzZAsfHo=,RQ26p6xZ+qqWX39eSFU5Cc8wtaU=
18,-10,inULD8cmleMhatYPrvDmzZAsfHo=,RQ26p6xZ+qqWX39eSFU5Cc8wtaU=
17,-10,inULD8cmleMhatYPrvDmzZAsfHo=,RQ26p6xZ+qqWX39eSFU5Cc8wtaU=
16,-10,inULD8cmleMhatYPrvDmzZAsfHo=,RQ26p6xZ+qqWX39eSFU5Cc8wtaU=
18,-4,inULD8cmleMhatYPrvDmzZAsfHo=,9t/Gag2ENQlkxiC7panc2cMYgzE=
18,-11,inULD8cmleMhatYPrvDmzZAsfHo=,RQ26p6xZ+qqWX39eSFU5Cc8wtaU=
17,-11,inULD8cmleMhatYPrvDmzZAsfHo=,RQ26p6xZ+qqWX39eSFU5Cc8wtaU=
16,-11,inULD8cmleMhatYPrvDmzZAsfHo=,RQ26p6xZ+qqWX39eSFU5Cc8wtaU=
17,-4,inULD8cmleMhatYPrvDmzZAsfHo=,9t/Gag2ENQlkxiC7panc2cMYgzE=
30,-15,inULD8cmleMhatYPrvDmzZAsfHo=,5emomhEu4/vpSOUQantBBF6LlWA=
31,-15,inULD8cmleMhatYPrvDmzZAsfHo=,5emomhEu4/vpSOUQantBBF6LlWA=
29,-14,inULD8cmleMhatYPrvDmzZAsfHo=,5emomhEu4/vpSOUQantBBF6LlWA=
30,-14,inULD8cmleMhatYPrvDmzZAsfHo=,5emomhEu4/vpSOUQantBBF6LlWA=
31,-14,inULD8cmleMhatYPrvDmzZAsfHo=,5emomhEu4/vpSOUQantBBF6LlWA=
29,-16,inULD8cmleMhatYPrvDmzZAsfHo=,5emomhEu4/vpSOUQantBBF6LlWA=
30,-16,inULD8cmleMhatYPrvDmzZAsfHo=,5emomhEu4/vpSOUQantBBF6LlWA=
31,-16,inULD8cmleMhatYPrvDmzZAsfHo=,5emomhEu4/vpSOUQantBBF6LlWA=
29,-15,inULD8cmleMhatYPrvDmzZAsfHo=,5emomhEu4/vpSOUQantBBF6LlWA=
16,-14,inULD8cmleMhatYPrvDmzZAsfHo=,RQ26p6xZ+qqWX39eSFU5Cc8wtaU=
18,-15,inULD8cmleMhatYPrvDmzZAsfHo=,RQ26p6xZ+qqWX39eSFU5Cc8wtaU=
18,-16,inULD8cmleMhatYPrvDmzZAsfHo=,RQ26p6xZ+qqWX39eSFU5Cc8wtaU=
17,-16,inULD8cmleMhatYPrvDmzZAsfHo=,RQ26p6xZ+qqWX39eSFU5Cc8wtaU=
16,-16,inULD8cmleMhatYPrvDmzZAsfHo=,RQ26p6xZ+qqWX39eSFU5Cc8wtaU=
17,-15,inULD8cmleMhatYPrvDmzZAsfHo=,RQ26p6xZ+qqWX39eSFU5Cc8wtaU=
16,-15,inULD8cmleMhatYPrvDmzZAsfHo=,RQ26p6xZ+qqWX39eSFU5Cc8wtaU=
18,-14,inULD8cmleMhatYPrvDmzZAsfHo=,RQ26p6xZ+qqWX39eSFU5Cc8wtaU=
17,-14,inULD8cmleMhatYPrvDmzZAsfHo=,RQ26p6xZ+qqWX39eSFU5Cc8wtaU=
24,-8,inULD8cmleMhatYPrvDmzZAsfHo=,xu9veydsfnxUR7tfh1tVR93J2rs=
21,-5,inULD8cmleMhatYPrvDmzZAsfHo=,9t/Gag2ENQlkxiC7panc2cMYgzE=
27,-4,inULD8cmleMhatYPrvDmzZAsfHo=,xu9veydsfnxUR7tfh1tVR93J2rs=
26,-4,inULD8cmleMhatYPrvDmzZAsfHo=,xu9veydsfnxUR7tfh1tVR93J2rs=
25,-4,inULD8cmleMhatYPrvDmzZAsfHo=,xu9veydsfnxUR7tfh1tVR93J2rs=
23,-6,inULD8cmleMhatYPrvDmzZAsfHo=,9t/Gag2ENQlkxiC7panc2cMYgzE=
22,-6,inULD8cmleMhatYPrvDmzZAsfHo=,9t/Gag2ENQlkxiC7panc2cMYgzE=
21,-6,inULD8cmleMhatYPrvDmzZAsfHo=,9t/Gag2ENQlkxiC7panc2cMYgzE=
29,-10,inULD8cmleMhatYPrvDmzZAsfHo=,5emomhEu4/vpSOUQantBBF6LlWA=
28,-10,inULD8cmleMhatYPrvDmzZAsfHo=,5emomhEu4/vpSOUQantBBF6LlWA=
27,-10,inULD8cmleMhatYPrvDmzZAsfHo=,5emomhEu4/vpSOUQantBBF6LlWA=
31,-9,inULD8cmleMhatYPrvDmzZAsfHo=,5emomhEu4/vpSOUQantBBF6LlWA=
26,-10,inULD8cmleMhatYPrvDmzZAsfHo=,5emomhEu4/vpSOUQantBBF6LlWA=
30,-9,inULD8cmleMhatYPrvDmzZAsfHo=,5emomhEu4/vpSOUQantBBF6LlWA=
31,-3,inULD8cmleMhatYPrvDmzZAsfHo=,xu9veydsfnxUR7tfh1tVR93J2rs=
30,-3,inULD8cmleMhatYPrvDmzZAsfHo=,xu9veydsfnxUR7tfh1tVR93J2rs=
29,-3,inULD8cmleMhatYPrvDmzZAsfHo=,xu9veydsfnxUR7tfh1tVR93J2rs=
26,-5,inULD8cmleMhatYPrvDmzZAsfHo=,xu9veydsfnxUR7tfh1tVR93J2rs=
23,-7,inULD8cmleMhatYPrvDmzZAsfHo=,9t/Gag2ENQlkxiC7panc2cMYgzE=
22,-7,inULD8cmleMhatYPrvDmzZAsfHo=,9t/Gag2ENQlkxiC7panc2cMYgzE=
25,-5,inULD8cmleMhatYPrvDmzZAsfHo=,xu9veydsfnxUR7tfh1tVR93J2rs=
25,-10,inULD8cmleMhatYPrvDmzZAsfHo=,5emomhEu4/vpSOUQantBBF6LlWA=
24,-10,inULD8cmleMhatYPrvDmzZAsfHo=,5emomhEu4/vpSOUQantBBF6LlWA=
31,-11,inULD8cmleMhatYPrvDmzZAsfHo=,5emomhEu4/vpSOUQantBBF6LlWA=
24,-4,inULD8cmleMhatYPrvDmzZAsfHo=,xu9veydsfnxUR7tfh1tVR93J2rs=
31,-1,inULD8cmleMhatYPrvDmzZAsfHo=,xu9veydsfnxUR7tfh1tVR93J2rs=
30,-1,inULD8cmleMhatYPrvDmzZAsfHo=,xu9veydsfnxUR7tfh1tVR93J2rs=
24,-5,inULD8cmleMhatYPrvDmzZAsfHo=,xu9veydsfnxUR7tfh1tVR93J2rs=
31,-5,inULD8cmleMhatYPrvDmzZAsfHo=,xu9veydsfnxUR7tfh1tVR93J2rs=
21,-7,inULD8cmleMhatYPrvDmzZAsfHo=,9t/Gag2ENQlkxiC7panc2cMYgzE=
25,-6,inULD8cmleMhatYPrvDmzZAsfHo=,xu9veydsfnxUR7tfh1tVR93J2rs=
29,-1,inULD8cmleMhatYPrvDmzZAsfHo=,xu9veydsfnxUR7tfh1tVR93J2rs=
29,-9,inULD8cmleMhatYPrvDmzZAsfHo=,5emomhEu4/vpSOUQantBBF6LlWA=
23,-8,inULD8cmleMhatYPrvDmzZAsfHo=,9t/Gag2ENQlkxiC7panc2cMYgzE=
22,-8,inULD8cmleMhatYPrvDmzZAsfHo=,9t/Gag2ENQlkxiC7panc2cMYgzE=
21,-8,inULD8cmleMhatYPrvDmzZAsfHo=,9t/Gag2ENQlkxiC7panc2cMYgzE=
31,-6,inULD8cmleMhatYPrvDmzZAsfHo=,xu9veydsfnxUR7tfh1tVR93J2rs=
30,-11,inULD8cmleMhatYPrvDmzZAsfHo=,5emomhEu4/vpSOUQantBBF6LlWA=
30,-6,inULD8cmleMhatYPrvDmzZAsfHo=,xu9veydsfnxUR7tfh1tVR93J2rs=
28,-9,inULD8cmleMhatYPrvDmzZAsfHo=,5emomhEu4/vpSOUQantBBF6LlWA=
29,-11,inULD8cmleMhatYPrvDmzZAsfHo=,5emomhEu4/vpSOUQantBBF6LlWA=
29,-6,inULD8cmleMhatYPrvDmzZAsfHo=,xu9veydsfnxUR7tfh1tVR93J2rs=
31,-4,inULD8cmleMhatYPrvDmzZAsfHo=,xu9veydsfnxUR7tfh1tVR93J2rs=
28,-1,inULD8cmleMhatYPrvDmzZAsfHo=,xu9veydsfnxUR7tfh1tVR93J2rs=
28,-11,inULD8cmleMhatYPrvDmzZAsfHo=,5emomhEu4/vpSOUQantBBF6LlWA=
27,-9,inULD8cmleMhatYPrvDmzZAsfHo=,5emomhEu4/vpSOUQantBBF6LlWA=
27,-11,inULD8cmleMhatYPrvDmzZAsfHo=,5emomhEu4/vpSOUQantBBF6LlWA=
23,-9,inULD8cmleMhatYPrvDmzZAsfHo=,RQ26p6xZ+qqWX39eSFU5Cc8wtaU=
22,-9,y72ykeHj68hpBz8qrRxOApoS3ew=,RQ26p6xZ+qqWX39eSFU5Cc8wtaU=
26,-9,y72ykeHj68hpBz8qrRxOApoS3ew=,5emomhEu4/vpSOUQantBBF6LlWA=
21,-9,y72ykeHj68hpBz8qrRxOApoS3ew=,RQ26p6xZ+qqWX39eSFU5Cc8wtaU=
30,-4,y72ykeHj68hpBz8qrRxOApoS3ew=,xu9veydsfnxUR7tfh1tVR93J2rs=
27,-1,y72ykeHj68hpBz8qrRxOApoS3ew=,xu9veydsfnxUR7tfh1tVR93J2rs=
30,-5,y72ykeHj68hpBz8qrRxOApoS3ew=,xu9veydsfnxUR7tfh1tVR93J2rs=
27,-3,y72ykeHj68hpBz8qrRxOApoS3ew=,xu9veydsfnxUR7tfh1tVR93J2rs=
24,-7,y72ykeHj68hpBz8qrRxOApoS3ew=,xu9veydsfnxUR7tfh1tVR93J2rs=
28,-3,y72ykeHj68hpBz8qrRxOApoS3ew=,xu9veydsfnxUR7tfh1tVR93J2rs=
25,-9,y72ykeHj68hpBz8qrRxOApoS3ew=,5emomhEu4/vpSOUQantBBF6LlWA=
24,-9,y72ykeHj68hpBz8qrRxOApoS3ew=,5emomhEu4/vpSOUQantBBF6LlWA=
31,-8,y72ykeHj68hpBz8qrRxOApoS3ew=,xu9veydsfnxUR7tfh1tVR93J2rs=
30,-8,y72ykeHj68hpBz8qrRxOApoS3ew=,xu9veydsfnxUR7tfh1tVR93J2rs=
23,-10,y72ykeHj68hpBz8qrRxOApoS3ew=,RQ26p6xZ+qqWX39eSFU5Cc8wtaU=
22,-10,y72ykeHj68hpBz8qrRxOApoS3ew=,RQ26p6xZ+qqWX39eSFU5Cc8wtaU=
21,-10,y72ykeHj68hpBz8qrRxOApoS3ew=,RQ26p6xZ+qqWX39eSFU5Cc8wtaU=
24,-6,y72ykeHj68hpBz8qrRxOApoS3ew=,xu9veydsfnxUR7tfh1tVR93J2rs=
29,-8,y72ykeHj68hpBz8qrRxOApoS3ew=,xu9veydsfnxUR7tfh1tVR93J2rs=
23,-4,y72ykeHj68hpBz8qrRxOApoS3ew=,9t/Gag2ENQlkxiC7panc2cMYgzE=
22,-4,y72ykeHj68hpBz8qrRxOApoS3ew=,9t/Gag2ENQlkxiC7panc2cMYgzE=
31,-7,y72ykeHj68hpBz8qrRxOApoS3ew=,xu9veydsfnxUR7tfh1tVR93J2rs=
30,-7,y72ykeHj68hpBz8qrRxOApoS3ew=,xu9veydsfnxUR7tfh1tVR93J2rs=
29,-5,y72ykeHj68hpBz8qrRxOApoS3ew=,xu9veydsfnxUR7tfh1tVR93J2rs=
26,-11,y72ykeHj68hpBz8qrRxOApoS3ew=,5emomhEu4/vpSOUQantBBF6LlWA=
28,-5,y72ykeHj68hpBz8qrRxOApoS3ew=,xu9veydsfnxUR7tfh1tVR93J2rs=
21,-4,y72ykeHj68hpBz8qrRxOApoS3ew=,9t/Gag2ENQlkxiC7panc2cMYgzE=
23,-11,y72ykeHj68hpBz8qrRxOApoS3ew=,RQ26p6xZ+qqWX39eSFU5Cc8wtaU=
22,-11,y72ykeHj68hpBz8qrRxOApoS3ew=,RQ26p6xZ+qqWX39eSFU5Cc8wtaU=
29,-7,y72ykeHj68hpBz8qrRxOApoS3ew=,xu9veydsfnxUR7tfh1tVR93J2rs=
25,-11,y72ykeHj68hpBz8qrRxOApoS3ew=,5emomhEu4/vpSOUQantBBF6LlWA=
21,-11,y72ykeHj68hpBz8qrRxOApoS3ew=,RQ26p6xZ+qqWX39eSFU5Cc8wtaU=
28,-7,y72ykeHj68hpBz8qrRxOApoS3ew=,xu9veydsfnxUR7tfh1tVR93J2rs=
24,-11,y72ykeHj68hpBz8qrRxOApoS3ew=,5emomhEu4/vpSOUQantBBF6LlWA=
29,-4,y72ykeHj68hpBz8qrRxOApoS3ew=,xu9veydsfnxUR7tfh1tVR93J2rs=
27,-5,y72ykeHj68hpBz8qrRxOApoS3ew=,xu9veydsfnxUR7tfh1tVR93J2rs=
31,-10,y72ykeHj68hpBz8qrRxOApoS3ew=,5emomhEu4/vpSOUQantBBF6LlWA=
30,-10,y72ykeHj68hpBz8qrRxOApoS3ew=,5emomhEu4/vpSOUQantBBF6LlWA=
27,-7,y72ykeHj68hpBz8qrRxOApoS3ew=,xu9veydsfnxUR7tfh1tVR93J2rs=
28,-8,y72ykeHj68hpBz8qrRxOApoS3ew=,xu9veydsfnxUR7tfh1tVR93J2rs=
28,-4,y72ykeHj68hpBz8qrRxOApoS3ew=,xu9veydsfnxUR7tfh1tVR93J2rs=
28,-6,y72ykeHj68hpBz8qrRxOApoS3ew=,xu9veydsfnxUR7tfh1tVR93J2rs=
31,-2,y72ykeHj68hpBz8qrRxOApoS3ew=,xu9veydsfnxUR7tfh1tVR93J2rs=
26,-7,y72ykeHj68hpBz8qrRxOApoS3ew=,xu9veydsfnxUR7tfh1tVR93J2rs=
30,-2,y72ykeHj68hpBz8qrRxOApoS3ew=,xu9veydsfnxUR7tfh1tVR93J2rs=
28,-2,y72ykeHj68hpBz8qrRxOApoS3ew=,xu9veydsfnxUR7tfh1tVR93J2rs=
27,-8,y72ykeHj68hpBz8qrRxOApoS3ew=,xu9veydsfnxUR7tfh1tVR93J2rs=
27,-2,y72ykeHj68hpBz8qrRxOApoS3ew=,xu9veydsfnxUR7tfh1tVR93J2rs=
29,-2,y72ykeHj68hpBz8qrRxOApoS3ew=,xu9veydsfnxUR7tfh1tVR93J2rs=
27,-6,y72ykeHj68hpBz8qrRxOApoS3ew=,xu9veydsfnxUR7tfh1tVR93J2rs=
25,-7,y72ykeHj68hpBz8qrRxOApoS3ew=,xu9veydsfnxUR7tfh1tVR93J2rs=
26,-8,y72ykeHj68hpBz8qrRxOApoS3ew=,xu9veydsfnxUR7tfh1tVR93J2rs=
26,-6,y72ykeHj68hpBz8qrRxOApoS3ew=,xu9veydsfnxUR7tfh1tVR93J2rs=
23,-5,y72ykeHj68hpBz8qrRxOApoS3ew=,9t/Gag2ENQlkxiC7panc2cMYgzE=
22,-5,y72ykeHj68hpBz8qrRxOApoS3ew=,9t/Gag2ENQlkxiC7panc2cMYgzE=
25,-8,y72ykeHj68hpBz8qrRxOApoS3ew=,xu9veydsfnxUR7tfh1tVR93J2rs=
16,-1,y72ykeHj68hpBz8qrRxOApoS3ew=,9t/Gag2ENQlkxiC7panc2cMYgzE=
21,-2,y72ykeHj68hpBz8qrRxOApoS3ew=,9t/Gag2ENQlkxiC7panc2cMYgzE=
18,-1,y72ykeHj68hpBz8qrRxOApoS3ew=,9t/Gag2ENQlkxiC7panc2cMYgzE=
24,-3,y72ykeHj68hpBz8qrRxOApoS3ew=,xu9veydsfnxUR7tfh1tVR93J2rs=
19,-2,y72ykeHj68hpBz8qrRxOApoS3ew=,9t/Gag2ENQlkxiC7panc2cMYgzE=
20,-3,y72ykeHj68hpBz8qrRxOApoS3ew=,9t/Gag2ENQlkxiC7panc2cMYgzE=
18,-2,y72ykeHj68hpBz8qrRxOApoS3ew=,9t/Gag2ENQlkxiC7panc2cMYgzE=
17,-3,y72ykeHj68hpBz8qrRxOApoS3ew=,9t/Gag2ENQlkxiC7panc2cMYgzE=
17,-2,y72ykeHj68hpBz8qrRxOApoS3ew=,9t/Gag2ENQlkxiC7panc2cMYgzE=
26,-3,y72ykeHj68hpBz8qrRxOApoS3ew=,xu9veydsfnxUR7tfh1tVR93J2rs=
16,-3,y72ykeHj68hpBz8qrRxOApoS3ew=,9t/Gag2ENQlkxiC7panc2cMYgzE=
21,-3,y72ykeHj68hpBz8qrRxOApoS3ew=,9t/Gag2ENQlkxiC7panc2cMYgzE=
22,-3,y72ykeHj68hpBz8qrRxOApoS3ew=,9t/Gag2ENQlkxiC7panc2cMYgzE=
20,-2,y72ykeHj68hpBz8qrRxOApoS3ew=,9t/Gag2ENQlkxiC7panc2cMYgzE=
23,-3,y72ykeHj68hpBz8qrRxOApoS3ew=,9t/Gag2ENQlkxiC7panc2cMYgzE=
22,-1,y72ykeHj68hpBz8qrRxOApoS3ew=,9t/Gag2ENQlkxiC7panc2cMYgzE=
26,-2,y72ykeHj68hpBz8qrRxOApoS3ew=,xu9veydsfnxUR7tfh1tVR93J2rs=
16,-2,y72ykeHj68hpBz8qrRxOApoS3ew=,9t/Gag2ENQlkxiC7panc2cMYgzE=
25,-3,y72ykeHj68hpBz8qrRxOApoS3ew=,xu9veydsfnxUR7tfh1tVR93J2rs=
19,-3,y72ykeHj68hpBz8qrRxOApoS3ew=,9t/Gag2ENQlkxiC7panc2cMYgzE=
22,-2,y72ykeHj68hpBz8qrRxOApoS3ew=,9t/Gag2ENQlkxiC7panc2cMYgzE=
18,-3,y72ykeHj68hpBz8qrRxOApoS3ew=,9t/Gag2ENQlkxiC7panc2cMYgzE=
17,-1,y72ykeHj68hpBz8qrRxOApoS3ew=,9t/Gag2ENQlkxiC7panc2cMYgzE=
19,-1,y72ykeHj68hpBz8qrRxOApoS3ew=,9t/Gag2ENQlkxiC7panc2cMYgzE=
23,-2,y72ykeHj68hpBz8qrRxOApoS3ew=,9t/Gag2ENQlkxiC7panc2cMYgzE=
24,-2,y72ykeHj68hpBz8qrRxOApoS3ew=,xu9veydsfnxUR7tfh1tVR93J2rs=
20,-1,y72ykeHj68hpBz8qrRxOApoS3ew=,9t/Gag2ENQlkxiC7panc2cMYgzE=
21,-1,y72ykeHj68hpBz8qrRxOApoS3ew=,9t/Gag2ENQlkxiC7panc2cMYgzE=
26,-1,y72ykeHj68hpBz8qrRxOApoS3ew=,xu9veydsfnxUR7tfh1tVR93J2rs=
23,-1,y72ykeHj68hpBz8qrRxOApoS3ew=,9t/Gag2ENQlkxiC7panc2cMYgzE=
25,-2,y72ykeHj68hpBz8qrRxOApoS3ew=,xu9veydsfnxUR7tfh1tVR93J2rs=
25,-1,y72ykeHj68hpBz8qrRxOApoS3ew=,xu9veydsfnxUR7tfh1tVR93J2rs=
24,-1,y72ykeHj68hpBz8qrRxOApoS3ew=,xu9veydsfnxUR7tfh1tVR93J2rs=
22,-17,/VO2SQ9NFqfDUUC/bgxFeZ+8w8U=,OSCbJ3aWNGTRzREyTUzpT6FpYJk=
18,-18,/VO2SQ9NFqfDUUC/bgxFeZ+8w8U=,OSCbJ3aWNGTRzREyTUzpT6FpYJk=
19,-18,/VO2SQ9NFqfDUUC/bgxFeZ+8w8U=,OSCbJ3aWNGTRzREyTUzpT6FpYJk=
23,-17,/VO2SQ9NFqfDUUC/bgxFeZ+8w8U=,OSCbJ3aWNGTRzREyTUzpT6FpYJk=
20,-18,/VO2SQ9NFqfDUUC/bgxFeZ+8w8U=,OSCbJ3aWNGTRzREyTUzpT6FpYJk=
16,-21,/VO2SQ9NFqfDUUC/bgxFeZ+8w8U=,OSCbJ3aWNGTRzREyTUzpT6FpYJk=
16,-17,/VO2SQ9NFqfDUUC/bgxFeZ+8w8U=,OSCbJ3aWNGTRzREyTUzpT6FpYJk=
17,-21,/VO2SQ9NFqfDUUC/bgxFeZ+8w8U=,OSCbJ3aWNGTRzREyTUzpT6FpYJk=
18,-21,/VO2SQ9NFqfDUUC/bgxFeZ+8w8U=,OSCbJ3aWNGTRzREyTUzpT6FpYJk=
19,-19,/VO2SQ9NFqfDUUC/bgxFeZ+8w8U=,OSCbJ3aWNGTRzREyTUzpT6FpYJk=
17,-17,/VO2SQ9NFqfDUUC/bgxFeZ+8w8U=,OSCbJ3aWNGTRzREyTUzpT6FpYJk=
19,-21,/VO2SQ9NFqfDUUC/bgxFeZ+8w8U=,OSCbJ3aWNGTRzREyTUzpT6FpYJk=
20,-21,/VO2SQ9NFqfDUUC/bgxFeZ+8w8U=,OSCbJ3aWNGTRzREyTUzpT6FpYJk=
21,-21,/VO2SQ9NFqfDUUC/bgxFeZ+8w8U=,OSCbJ3aWNGTRzREyTUzpT6FpYJk=
22,-21,/VO2SQ9NFqfDUUC/bgxFeZ+8w8U=,OSCbJ3aWNGTRzREyTUzpT6FpYJk=
20,-19,/VO2SQ9NFqfDUUC/bgxFeZ+8w8U=,OSCbJ3aWNGTRzREyTUzpT6FpYJk=
23,-21,/VO2SQ9NFqfDUUC/bgxFeZ+8w8U=,OSCbJ3aWNGTRzREyTUzpT6FpYJk=
16,-20,/VO2SQ9NFqfDUUC/bgxFeZ+8w8U=,OSCbJ3aWNGTRzREyTUzpT6FpYJk=
21,-18,/VO2SQ9NFqfDUUC/bgxFeZ+8w8U=,OSCbJ3aWNGTRzREyTUzpT6FpYJk=
21,-19,/VO2SQ9NFqfDUUC/bgxFeZ+8w8U=,OSCbJ3aWNGTRzREyTUzpT6FpYJk=
17,-20,/VO2SQ9NFqfDUUC/bgxFeZ+8w8U=,OSCbJ3aWNGTRzREyTUzpT6FpYJk=
18,-20,/VO2SQ9NFqfDUUC/bgxFeZ+8w8U=,OSCbJ3aWNGTRzREyTUzpT6FpYJk=
19,-20,/VO2SQ9NFqfDUUC/bgxFeZ+8w8U=,OSCbJ3aWNGTRzREyTUzpT6FpYJk=
18,-19,/VO2SQ9NFqfDUUC/bgxFeZ+8w8U=,OSCbJ3aWNGTRzREyTUzpT6FpYJk=
23,-18,/VO2SQ9NFqfDUUC/bgxFeZ+8w8U=,OSCbJ3aWNGTRzREyTUzpT6FpYJk=
17,-19,/VO2SQ9NFqfDUUC/bgxFeZ+8w8U=,OSCbJ3aWNGTRzREyTUzpT6FpYJk=
16,-19,/VO2SQ9NFqfDUUC/bgxFeZ+8w8U=,OSCbJ3aWNGTRzREyTUzpT6FpYJk=
18,-17,/VO2SQ9NFqfDUUC/bgxFeZ+8w8U=,OSCbJ3aWNGTRzREyTUzpT6FpYJk=
23,-20,/VO2SQ9NFqfDUUC/bgxFeZ+8w8U=,OSCbJ3aWNGTRzREyTUzpT6FpYJk=
22,-20,/VO2SQ9NFqfDUUC/bgxFeZ+8w8U=,OSCbJ3aWNGTRzREyTUzpT6FpYJk=
21,-20,/VO2SQ9NFqfDUUC/bgxFeZ+8w8U=,OSCbJ3aWNGTRzREyTUzpT6FpYJk=
20,-20,/VO2SQ9NFqfDUUC/bgxFeZ+8w8U=,OSCbJ3aWNGTRzREyTUzpT6FpYJk=
17,-18,/VO2SQ9NFqfDUUC/bgxFeZ+8w8U=,OSCbJ3aWNGTRzREyTUzpT6FpYJk=
19,-17,/VO2SQ9NFqfDUUC/bgxFeZ+8w8U=,OSCbJ3aWNGTRzREyTUzpT6FpYJk=
16,-18,/VO2SQ9NFqfDUUC/bgxFeZ+8w8U=,OSCbJ3aWNGTRzREyTUzpT6FpYJk=
20,-17,/VO2SQ9NFqfDUUC/bgxFeZ+8w8U=,OSCbJ3aWNGTRzREyTUzpT6FpYJk=
22,-19,/VO2SQ9NFqfDUUC/bgxFeZ+8w8U=,OSCbJ3aWNGTRzREyTUzpT6FpYJk=
23,-19,/VO2SQ9NFqfDUUC/bgxFeZ+8w8U=,OSCbJ3aWNGTRzREyTUzpT6FpYJk=
21,-17,/VO2SQ9NFqfDUUC/bgxFeZ+8w8U=,OSCbJ3aWNGTRzREyTUzpT6FpYJk=
22,-18,/VO2SQ9NFqfDUUC/bgxFeZ+8w8U=,OSCbJ3aWNGTRzREyTUzpT6FpYJk=
20,-32,/VO2SQ9NFqfDUUC/bgxFeZ+8w8U=,032iTMXUN+OjIyFdzxpvvzF8Bps=
19,-22,/VO2SQ9NFqfDUUC/bgxFeZ+8w8U=,OSCbJ3aWNGTRzREyTUzpT6FpYJk=
22,-32,/VO2SQ9NFqfDUUC/bgxFeZ+8w8U=,032iTMXUN+OjIyFdzxpvvzF8Bps=
20,-22,/VO2SQ9NFqfDUUC/bgxFeZ+8w8U=,OSCbJ3aWNGTRzREyTUzpT6FpYJk=
21,-32,/VO2SQ9NFqfDUUC/bgxFeZ+8w8U=,032iTMXUN+OjIyFdzxpvvzF8Bps=
19,-29,/VO2SQ9NFqfDUUC/bgxFeZ+8w8U=,032iTMXUN+OjIyFdzxpvvzF8Bps=
19,-25,/VO2SQ9NFqfDUUC/bgxFeZ+8w8U=,032iTMXUN+OjIyFdzxpvvzF8Bps=
19,-28,/VO2SQ9NFqfDUUC/bgxFeZ+8w8U=,032iTMXUN+OjIyFdzxpvvzF8Bps=
18,-22,/VO2SQ9NFqfDUUC/bgxFeZ+8w8U=,OSCbJ3aWNGTRzREyTUzpT6FpYJk=
21,-22,/VO2SQ9NFqfDUUC/bgxFeZ+8w8U=,OSCbJ3aWNGTRzREyTUzpT6FpYJk=
17,-22,/VO2SQ9NFqfDUUC/bgxFeZ+8w8U=,OSCbJ3aWNGTRzREyTUzpT6FpYJk=
18,-25,/VO2SQ9NFqfDUUC/bgxFeZ+8w8U=,032iTMXUN+OjIyFdzxpvvzF8Bps=
20,-29,/VO2SQ9NFqfDUUC/bgxFeZ+8w8U=,032iTMXUN+OjIyFdzxpvvzF8Bps=
23,-32,/VO2SQ9NFqfDUUC/bgxFeZ+8w8U=,032iTMXUN+OjIyFdzxpvvzF8Bps=
23,-26,/VO2SQ9NFqfDUUC/bgxFeZ+8w8U=,032iTMXUN+OjIyFdzxpvvzF8Bps=
22,-26,/VO2SQ9NFqfDUUC/bgxFeZ+8w8U=,032iTMXUN+OjIyFdzxpvvzF8Bps=
23,-31,/VO2SQ9NFqfDUUC/bgxFeZ+8w8U=,032iTMXUN+OjIyFdzxpvvzF8Bps=
22,-23,/VO2SQ9NFqfDUUC/bgxFeZ+8w8U=,OSCbJ3aWNGTRzREyTUzpT6FpYJk=
22,-31,/VO2SQ9NFqfDUUC/bgxFeZ+8w8U=,032iTMXUN+OjIyFdzxpvvzF8Bps=
23,-23,/VO2SQ9NFqfDUUC/bgxFeZ+8w8U=,OSCbJ3aWNGTRzREyTUzpT6FpYJk=
21,-23,/VO2SQ9NFqfDUUC/bgxFeZ+8w8U=,OSCbJ3aWNGTRzREyTUzpT6FpYJk=
20,-31,/VO2SQ9NFqfDUUC/bgxFeZ+8w8U=,032iTMXUN+OjIyFdzxpvvzF8Bps=
21,-26,/VO2SQ9NFqfDUUC/bgxFeZ+8w8U=,032iTMXUN+OjIyFdzxpvvzF8Bps=
21,-31,/VO2SQ9NFqfDUUC/bgxFeZ+8w8U=,032iTMXUN+OjIyFdzxpvvzF8Bps=
20,-26,/VO2SQ9NFqfDUUC/bgxFeZ+8w8U=,032iTMXUN+OjIyFdzxpvvzF8Bps=
19,-26,/VO2SQ9NFqfDUUC/bgxFeZ+8w8U=,032iTMXUN+OjIyFdzxpvvzF8Bps=
20,-23,/VO2SQ9NFqfDUUC/bgxFeZ+8w8U=,OSCbJ3aWNGTRzREyTUzpT6FpYJk=
19,-23,/VO2SQ9NFqfDUUC/bgxFeZ+8w8U=,OSCbJ3aWNGTRzREyTUzpT6FpYJk=
18,-23,/VO2SQ9NFqfDUUC/bgxFeZ+8w8U=,OSCbJ3aWNGTRzREyTUzpT6FpYJk=
23,-30,/VO2SQ9NFqfDUUC/bgxFeZ+8w8U=,032iTMXUN+OjIyFdzxpvvzF8Bps=
18,-26,/VO2SQ9NFqfDUUC/bgxFeZ+8w8U=,032iTMXUN+OjIyFdzxpvvzF8Bps=
18,-28,/VO2SQ9NFqfDUUC/bgxFeZ+8w8U=,032iTMXUN+OjIyFdzxpvvzF8Bps=
23,-24,/VO2SQ9NFqfDUUC/bgxFeZ+8w8U=,OSCbJ3aWNGTRzREyTUzpT6FpYJk=
22,-24,/VO2SQ9NFqfDUUC/bgxFeZ+8w8U=,OSCbJ3aWNGTRzREyTUzpT6FpYJk=
18,-29,/VO2SQ9NFqfDUUC/bgxFeZ+8w8U=,032iTMXUN+OjIyFdzxpvvzF8Bps=
17,-23,/VO2SQ9NFqfDUUC/bgxFeZ+8w8U=,OSCbJ3aWNGTRzREyTUzpT6FpYJk=
23,-27,/VO2SQ9NFqfDUUC/bgxFeZ+8w8U=,032iTMXUN+OjIyFdzxpvvzF8Bps=
22,-27,/VO2SQ9NFqfDUUC/bgxFeZ+8w8U=,032iTMXUN+OjIyFdzxpvvzF8Bps=
21,-27,/VO2SQ9NFqfDUUC/bgxFeZ+8w8U=,032iTMXUN+OjIyFdzxpvvzF8Bps=
21,-24,/VO2SQ9NFqfDUUC/bgxFeZ+8w8U=,OSCbJ3aWNGTRzREyTUzpT6FpYJk=
20,-24,/VO2SQ9NFqfDUUC/bgxFeZ+8w8U=,OSCbJ3aWNGTRzREyTUzpT6FpYJk=
22,-30,/VO2SQ9NFqfDUUC/bgxFeZ+8w8U=,032iTMXUN+OjIyFdzxpvvzF8Bps=
21,-30,/VO2SQ9NFqfDUUC/bgxFeZ+8w8U=,032iTMXUN+OjIyFdzxpvvzF8Bps=
20,-30,/VO2SQ9NFqfDUUC/bgxFeZ+8w8U=,032iTMXUN+OjIyFdzxpvvzF8Bps=
20,-27,/VO2SQ9NFqfDUUC/bgxFeZ+8w8U=,032iTMXUN+OjIyFdzxpvvzF8Bps=
19,-30,/VO2SQ9NFqfDUUC/bgxFeZ+8w8U=,032iTMXUN+OjIyFdzxpvvzF8Bps=
19,-24,/VO2SQ9NFqfDUUC/bgxFeZ+8w8U=,OSCbJ3aWNGTRzREyTUzpT6FpYJk=
18,-24,/VO2SQ9NFqfDUUC/bgxFeZ+8w8U=,OSCbJ3aWNGTRzREyTUzpT6FpYJk=
17,-24,/VO2SQ9NFqfDUUC/bgxFeZ+8w8U=,OSCbJ3aWNGTRzREyTUzpT6FpYJk=
19,-27,/VO2SQ9NFqfDUUC/bgxFeZ+8w8U=,032iTMXUN+OjIyFdzxpvvzF8Bps=
17,-25,/VO2SQ9NFqfDUUC/bgxFeZ+8w8U=,032iTMXUN+OjIyFdzxpvvzF8Bps=
17,-30,/VO2SQ9NFqfDUUC/bgxFeZ+8w8U=,032iTMXUN+OjIyFdzxpvvzF8Bps=
18,-30,/VO2SQ9NFqfDUUC/bgxFeZ+8w8U=,032iTMXUN+OjIyFdzxpvvzF8Bps=
18,-27,/VO2SQ9NFqfDUUC/bgxFeZ+8w8U=,032iTMXUN+OjIyFdzxpvvzF8Bps=
23,-29,/VO2SQ9NFqfDUUC/bgxFeZ+8w8U=,032iTMXUN+OjIyFdzxpvvzF8Bps=
23,-25,/VO2SQ9NFqfDUUC/bgxFeZ+8w8U=,032iTMXUN+OjIyFdzxpvvzF8Bps=
22,-29,/VO2SQ9NFqfDUUC/bgxFeZ+8w8U=,032iTMXUN+OjIyFdzxpvvzF8Bps=
22,-25,/VO2SQ9NFqfDUUC/bgxFeZ+8w8U=,032iTMXUN+OjIyFdzxpvvzF8Bps=
19,-32,/VO2SQ9NFqfDUUC/bgxFeZ+8w8U=,032iTMXUN+OjIyFdzxpvvzF8Bps=
18,-32,/VO2SQ9NFqfDUUC/bgxFeZ+8w8U=,032iTMXUN+OjIyFdzxpvvzF8Bps=
21,-29,/VO2SQ9NFqfDUUC/bgxFeZ+8w8U=,032iTMXUN+OjIyFdzxpvvzF8Bps=
19,-31,/VO2SQ9NFqfDUUC/bgxFeZ+8w8U=,032iTMXUN+OjIyFdzxpvvzF8Bps=
18,-31,/VO2SQ9NFqfDUUC/bgxFeZ+8w8U=,032iTMXUN+OjIyFdzxpvvzF8Bps=
17,-26,/VO2SQ9NFqfDUUC/bgxFeZ+8w8U=,032iTMXUN+OjIyFdzxpvvzF8Bps=
16,-22,/VO2SQ9NFqfDUUC/bgxFeZ+8w8U=,OSCbJ3aWNGTRzREyTUzpT6FpYJk=
23,-28,/VO2SQ9NFqfDUUC/bgxFeZ+8w8U=,032iTMXUN+OjIyFdzxpvvzF8Bps=
22,-28,/VO2SQ9NFqfDUUC/bgxFeZ+8w8U=,032iTMXUN+OjIyFdzxpvvzF8Bps=
21,-25,/VO2SQ9NFqfDUUC/bgxFeZ+8w8U=,032iTMXUN+OjIyFdzxpvvzF8Bps=
17,-29,/VO2SQ9NFqfDUUC/bgxFeZ+8w8U=,032iTMXUN+OjIyFdzxpvvzF8Bps=
20,-25,/VO2SQ9NFqfDUUC/bgxFeZ+8w8U=,032iTMXUN+OjIyFdzxpvvzF8Bps=
23,-22,/VO2SQ9NFqfDUUC/bgxFeZ+8w8U=,OSCbJ3aWNGTRzREyTUzpT6FpYJk=
21,-28,/VO2SQ9NFqfDUUC/bgxFeZ+8w8U=,032iTMXUN+OjIyFdzxpvvzF8Bps=
20,-28,/VO2SQ9NFqfDUUC/bgxFeZ+8w8U=,032iTMXUN+OjIyFdzxpvvzF8Bps=
22,-22,/VO2SQ9NFqfDUUC/bgxFeZ+8w8U=,OSCbJ3aWNGTRzREyTUzpT6FpYJk=
16,-23,/VO2SQ9NFqfDUUC/bgxFeZ+8w8U=,OSCbJ3aWNGTRzREyTUzpT6FpYJk=
16,-25,/VO2SQ9NFqfDUUC/bgxFeZ+8w8U=,032iTMXUN+OjIyFdzxpvvzF8Bps=
17,-31,/VO2SQ9NFqfDUUC/bgxFeZ+8w8U=,032iTMXUN+OjIyFdzxpvvzF8Bps=
16,-28,/VO2SQ9NFqfDUUC/bgxFeZ+8w8U=,032iTMXUN+OjIyFdzxpvvzF8Bps=
16,-32,/VO2SQ9NFqfDUUC/bgxFeZ+8w8U=,032iTMXUN+OjIyFdzxpvvzF8Bps=
16,-30,/VO2SQ9NFqfDUUC/bgxFeZ+8w8U=,032iTMXUN+OjIyFdzxpvvzF8Bps=
16,-29,/VO2SQ9NFqfDUUC/bgxFeZ+8w8U=,032iTMXUN+OjIyFdzxpvvzF8Bps=
16,-26,/VO2SQ9NFqfDUUC/bgxFeZ+8w8U=,032iTMXUN+OjIyFdzxpvvzF8Bps=
17,-28,/VO2SQ9NFqfDUUC/bgxFeZ+8w8U=,032iTMXUN+OjIyFdzxpvvzF8Bps=
16,-24,/VO2SQ9NFqfDUUC/bgxFeZ+8w8U=,OSCbJ3aWNGTRzREyTUzpT6FpYJk=
17,-32,/VO2SQ9NFqfDUUC/bgxFeZ+8w8U=,032iTMXUN+OjIyFdzxpvvzF8Bps=
17,-27,/VO2SQ9NFqfDUUC/bgxFeZ+8w8U=,032iTMXUN+OjIyFdzxpvvzF8Bps=
16,-27,/VO2SQ9NFqfDUUC/bgxFeZ+8w8U=,032iTMXUN+OjIyFdzxpvvzF8Bps=
16,-31,/VO2SQ9NFqfDUUC/bgxFeZ+8w8U=,032iTMXUN+OjIyFdzxpvvzF8Bps=
11,-29,IU8gVIWh8x2Fn9UTeVc3Sb/pMao=,ADmDjcMLcB+/LtGSXjw99ulxYOQ=
12,-29,IU8gVIWh8x2Fn9UTeVc3Sb/pMao=,ADmDjcMLcB+/LtGSXjw99ulxYOQ=
11,-28,IU8gVIWh8x2Fn9UTeVc3Sb/pMao=,ADmDjcMLcB+/LtGSXjw99ulxYOQ=
12,-28,IU8gVIWh8x2Fn9UTeVc3Sb/pMao=,ADmDjcMLcB+/LtGSXjw99ulxYOQ=
4,-19,IU8gVIWh8x2Fn9UTeVc3Sb/pMao=,UmI/ccuPXW2EDQzsfyWhmRoTCSs=
3,-17,IU8gVIWh8x2Fn9UTeVc3Sb/pMao=,UmI/ccuPXW2EDQzsfyWhmRoTCSs=
3,-21,IU8gVIWh8x2Fn9UTeVc3Sb/pMao=,UmI/ccuPXW2EDQzsfyWhmRoTCSs=
3,-19,IU8gVIWh8x2Fn9UTeVc3Sb/pMao=,UmI/ccuPXW2EDQzsfyWhmRoTCSs=
4,-17,IU8gVIWh8x2Fn9UTeVc3Sb/pMao=,UmI/ccuPXW2EDQzsfyWhmRoTCSs=
4,-21,IU8gVIWh8x2Fn9UTeVc3Sb/pMao=,UmI/ccuPXW2EDQzsfyWhmRoTCSs=
3,-20,IU8gVIWh8x2Fn9UTeVc3Sb/pMao=,UmI/ccuPXW2EDQzsfyWhmRoTCSs=
4,-20,IU8gVIWh8x2Fn9UTeVc3Sb/pMao=,UmI/ccuPXW2EDQzsfyWhmRoTCSs=
3,-18,IU8gVIWh8x2Fn9UTeVc3Sb/pMao=,UmI/ccuPXW2EDQzsfyWhmRoTCSs=
4,-18,IU8gVIWh8x2Fn9UTeVc3Sb/pMao=,UmI/ccuPXW2EDQzsfyWhmRoTCSs=
8,-21,rgYDRPbisTjXzjSd67CzVNmJvXo=,mcZvlWHvpO6kBXw41WXX6shUosM=
11,-27,rgYDRPbisTjXzjSd67CzVNmJvXo=,ADmDjcMLcB+/LtGSXjw99ulxYOQ=
9,-21,rgYDRPbisTjXzjSd67CzVNmJvXo=,mcZvlWHvpO6kBXw41WXX6shUosM=
10,-21,rgYDRPbisTjXzjSd67CzVNmJvXo=,mcZvlWHvpO6kBXw41WXX6shUosM=
5,-21,rgYDRPbisTjXzjSd67CzVNmJvXo=,UmI/ccuPXW2EDQzsfyWhmRoTCSs=
11,-21,rgYDRPbisTjXzjSd67CzVNmJvXo=,mcZvlWHvpO6kBXw41WXX6shUosM=
11,-25,rgYDRPbisTjXzjSd67CzVNmJvXo=,ADmDjcMLcB+/LtGSXjw99ulxYOQ=
12,-25,rgYDRPbisTjXzjSd67CzVNmJvXo=,ADmDjcMLcB+/LtGSXjw99ulxYOQ=
12,-26,rgYDRPbisTjXzjSd67CzVNmJvXo=,ADmDjcMLcB+/LtGSXjw99ulxYOQ=
12,-21,rgYDRPbisTjXzjSd67CzVNmJvXo=,mcZvlWHvpO6kBXw41WXX6shUosM=
11,-26,rgYDRPbisTjXzjSd67CzVNmJvXo=,ADmDjcMLcB+/LtGSXjw99ulxYOQ=
6,-21,rgYDRPbisTjXzjSd67CzVNmJvXo=,UmI/ccuPXW2EDQzsfyWhmRoTCSs=
7,-21,rgYDRPbisTjXzjSd67CzVNmJvXo=,UmI/ccuPXW2EDQzsfyWhmRoTCSs=
9,-20,rgYDRPbisTjXzjSd67CzVNmJvXo=,mcZvlWHvpO6kBXw41WXX6shUosM=
11,-22,rgYDRPbisTjXzjSd67CzVNmJvXo=,mcZvlWHvpO6kBXw41WXX6shUosM=
5,-20,rgYDRPbisTjXzjSd67CzVNmJvXo=,UmI/ccuPXW2EDQzsfyWhmRoTCSs=
6,-20,rgYDRPbisTjXzjSd67CzVNmJvXo=,UmI/ccuPXW2EDQzsfyWhmRoTCSs=
7,-20,rgYDRPbisTjXzjSd67CzVNmJvXo=,UmI/ccuPXW2EDQzsfyWhmRoTCSs=
10,-20,rgYDRPbisTjXzjSd67CzVNmJvXo=,mcZvlWHvpO6kBXw41WXX6shUosM=
11,-20,rgYDRPbisTjXzjSd67CzVNmJvXo=,mcZvlWHvpO6kBXw41WXX6shUosM=
12,-20,rgYDRPbisTjXzjSd67CzVNmJvXo=,mcZvlWHvpO6kBXw41WXX6shUosM=
11,-24,rgYDRPbisTjXzjSd67CzVNmJvXo=,mcZvlWHvpO6kBXw41WXX6shUosM=
12,-24,rgYDRPbisTjXzjSd67CzVNmJvXo=,mcZvlWHvpO6kBXw41WXX6shUosM=
12,-22,rgYDRPbisTjXzjSd67CzVNmJvXo=,mcZvlWHvpO6kBXw41WXX6shUosM=
11,-23,rgYDRPbisTjXzjSd67CzVNmJvXo=,mcZvlWHvpO6kBXw41WXX6shUosM=
12,-23,rgYDRPbisTjXzjSd67CzVNmJvXo=,mcZvlWHvpO6kBXw41WXX6shUosM=
8,-20,rgYDRPbisTjXzjSd67CzVNmJvXo=,mcZvlWHvpO6kBXw41WXX6shUosM=
12,-27,rgYDRPbisTjXzjSd67CzVNmJvXo=,ADmDjcMLcB+/LtGSXjw99ulxYOQ=
5,-19,rgYDRPbisTjXzjSd67CzVNmJvXo=,UmI/ccuPXW2EDQzsfyWhmRoTCSs=
6,-19,rgYDRPbisTjXzjSd67CzVNmJvXo=,UmI/ccuPXW2EDQzsfyWhmRoTCSs=
9,-17,rgYDRPbisTjXzjSd67CzVNmJvXo=,mcZvlWHvpO6kBXw41WXX6shUosM=
10,-17,rgYDRPbisTjXzjSd67CzVNmJvXo=,mcZvlWHvpO6kBXw41WXX6shUosM=
11,-17,rgYDRPbisTjXzjSd67CzVNmJvXo=,mcZvlWHvpO6kBXw41WXX6shUosM=
11,-18,rgYDRPbisTjXzjSd67CzVNmJvXo=,mcZvlWHvpO6kBXw41WXX6shUosM=
7,-19,rgYDRPbisTjXzjSd67CzVNmJvXo=,UmI/ccuPXW2EDQzsfyWhmRoTCSs=
10,-19,rgYDRPbisTjXzjSd67CzVNmJvXo=,mcZvlWHvpO6kBXw41WXX6shUosM=
12,-18,rgYDRPbisTjXzjSd67CzVNmJvXo=,mcZvlWHvpO6kBXw41WXX6shUosM=
12,-17,rgYDRPbisTjXzjSd67CzVNmJvXo=,mcZvlWHvpO6kBXw41WXX6shUosM=
11,-19,rgYDRPbisTjXzjSd67CzVNmJvXo=,mcZvlWHvpO6kBXw41WXX6shUosM=
12,-19,rgYDRPbisTjXzjSd67CzVNmJvXo=,mcZvlWHvpO6kBXw41WXX6shUosM=
8,-17,rgYDRPbisTjXzjSd67CzVNmJvXo=,mcZvlWHvpO6kBXw41WXX6shUosM=
5,-18,rgYDRPbisTjXzjSd67CzVNmJvXo=,UmI/ccuPXW2EDQzsfyWhmRoTCSs=
5,-17,rgYDRPbisTjXzjSd67CzVNmJvXo=,UmI/ccuPXW2EDQzsfyWhmRoTCSs=
6,-17,rgYDRPbisTjXzjSd67CzVNmJvXo=,UmI/ccuPXW2EDQzsfyWhmRoTCSs=
6,-18,rgYDRPbisTjXzjSd67CzVNmJvXo=,UmI/ccuPXW2EDQzsfyWhmRoTCSs=
8,-19,rgYDRPbisTjXzjSd67CzVNmJvXo=,mcZvlWHvpO6kBXw41WXX6shUosM=
9,-19,rgYDRPbisTjXzjSd67CzVNmJvXo=,mcZvlWHvpO6kBXw41WXX6shUosM=
7,-18,rgYDRPbisTjXzjSd67CzVNmJvXo=,UmI/ccuPXW2EDQzsfyWhmRoTCSs=
8,-18,rgYDRPbisTjXzjSd67CzVNmJvXo=,mcZvlWHvpO6kBXw41WXX6shUosM=
9,-18,rgYDRPbisTjXzjSd67CzVNmJvXo=,mcZvlWHvpO6kBXw41WXX6shUosM=
7,-17,rgYDRPbisTjXzjSd67CzVNmJvXo=,UmI/ccuPXW2EDQzsfyWhmRoTCSs=
10,-18,rgYDRPbisTjXzjSd67CzVNmJvXo=,mcZvlWHvpO6kBXw41WXX6shUosM=
15,-21,rgYDRPbisTjXzjSd67CzVNmJvXo=,mcZvlWHvpO6kBXw41WXX6shUosM=
15,-20,rgYDRPbisTjXzjSd67CzVNmJvXo=,mcZvlWHvpO6kBXw41WXX6shUosM=
13,-21,rgYDRPbisTjXzjSd67CzVNmJvXo=,mcZvlWHvpO6kBXw41WXX6shUosM=
14,-20,rgYDRPbisTjXzjSd67CzVNmJvXo=,mcZvlWHvpO6kBXw41WXX6shUosM=
13,-20,rgYDRPbisTjXzjSd67CzVNmJvXo=,mcZvlWHvpO6kBXw41WXX6shUosM=
14,-21,rgYDRPbisTjXzjSd67CzVNmJvXo=,mcZvlWHvpO6kBXw41WXX6shUosM=
0,-20,rgYDRPbisTjXzjSd67CzVNmJvXo=,UmI/ccuPXW2EDQzsfyWhmRoTCSs=
1,-20,rgYDRPbisTjXzjSd67CzVNmJvXo=,UmI/ccuPXW2EDQzsfyWhmRoTCSs=
2,-20,rgYDRPbisTjXzjSd67CzVNmJvXo=,UmI/ccuPXW2EDQzsfyWhmRoTCSs=
0,-21,rgYDRPbisTjXzjSd67CzVNmJvXo=,UmI/ccuPXW2EDQzsfyWhmRoTCSs=
2,-21,rgYDRPbisTjXzjSd67CzVNmJvXo=,UmI/ccuPXW2EDQzsfyWhmRoTCSs=
1,-21,rgYDRPbisTjXzjSd67CzVNmJvXo=,UmI/ccuPXW2EDQzsfyWhmRoTCSs=
4,-25,rgYDRPbisTjXzjSd67CzVNmJvXo=,OhO6yOwYz4GjSIbLbfjlVJuh/hQ=
4,-29,rgYDRPbisTjXzjSd67CzVNmJvXo=,OhO6yOwYz4GjSIbLbfjlVJuh/hQ=
5,-29,rgYDRPbisTjXzjSd67CzVNmJvXo=,OhO6yOwYz4GjSIbLbfjlVJuh/hQ=
8,-25,rgYDRPbisTjXzjSd67CzVNmJvXo=,ADmDjcMLcB+/LtGSXjw99ulxYOQ=
9,-25,rgYDRPbisTjXzjSd67CzVNmJvXo=,ADmDjcMLcB+/LtGSXjw99ulxYOQ=
6,-29,rgYDRPbisTjXzjSd67CzVNmJvXo=,OhO6yOwYz4GjSIbLbfjlVJuh/hQ=
9,-27,rgYDRPbisTjXzjSd67CzVNmJvXo=,ADmDjcMLcB+/LtGSXjw99ulxYOQ=
7,-25,rgYDRPbisTjXzjSd67CzVNmJvXo=,OhO6yOwYz4GjSIbLbfjlVJuh/hQ=
3,-29,rgYDRPbisTjXzjSd67CzVNmJvXo=,OhO6yOwYz4GjSIbLbfjlVJuh/hQ=
8,-27,rgYDRPbisTjXzjSd67CzVNmJvXo=,ADmDjcMLcB+/LtGSXjw99ulxYOQ=
9,-22,rgYDRPbisTjXzjSd67CzVNmJvXo=,mcZvlWHvpO6kBXw41WXX6shUosM=
8,-22,rgYDRPbisTjXzjSd67CzVNmJvXo=,mcZvlWHvpO6kBXw41WXX6shUosM=
3,-27,rgYDRPbisTjXzjSd67CzVNmJvXo=,OhO6yOwYz4GjSIbLbfjlVJuh/hQ=
2,-27,rgYDRPbisTjXzjSd67CzVNmJvXo=,OhO6yOwYz4GjSIbLbfjlVJuh/hQ=
7,-22,rgYDRPbisTjXzjSd67CzVNmJvXo=,UmI/ccuPXW2EDQzsfyWhmRoTCSs=
6,-22,rgYDRPbisTjXzjSd67CzVNmJvXo=,UmI/ccuPXW2EDQzsfyWhmRoTCSs=
2,-29,rgYDRPbisTjXzjSd67CzVNmJvXo=,OhO6yOwYz4GjSIbLbfjlVJuh/hQ=
1,-27,rgYDRPbisTjXzjSd67CzVNmJvXo=,OhO6yOwYz4GjSIbLbfjlVJuh/hQ=
8,-23,rgYDRPbisTjXzjSd67CzVNmJvXo=,mcZvlWHvpO6kBXw41WXX6shUosM=
5,-22,rgYDRPbisTjXzjSd67CzVNmJvXo=,UmI/ccuPXW2EDQzsfyWhmRoTCSs=
4,-22,rgYDRPbisTjXzjSd67CzVNmJvXo=,UmI/ccuPXW2EDQzsfyWhmRoTCSs=
10,-27,rgYDRPbisTjXzjSd67CzVNmJvXo=,ADmDjcMLcB+/LtGSXjw99ulxYOQ=
3,-22,rgYDRPbisTjXzjSd67CzVNmJvXo=,UmI/ccuPXW2EDQzsfyWhmRoTCSs=
0,-27,rgYDRPbisTjXzjSd67CzVNmJvXo=,OhO6yOwYz4GjSIbLbfjlVJuh/hQ=
2,-22,rgYDRPbisTjXzjSd67CzVNmJvXo=,UmI/ccuPXW2EDQzsfyWhmRoTCSs=
1,-22,rgYDRPbisTjXzjSd67CzVNmJvXo=,UmI/ccuPXW2EDQzsfyWhmRoTCSs=
0,-22,rgYDRPbisTjXzjSd67CzVNmJvXo=,UmI/ccuPXW2EDQzsfyWhmRoTCSs=
7,-23,rgYDRPbisTjXzjSd67CzVNmJvXo=,UmI/ccuPXW2EDQzsfyWhmRoTCSs=
6,-23,rgYDRPbisTjXzjSd67CzVNmJvXo=,UmI/ccuPXW2EDQzsfyWhmRoTCSs=
0,-29,rgYDRPbisTjXzjSd67CzVNmJvXo=,OhO6yOwYz4GjSIbLbfjlVJuh/hQ=
1,-29,rgYDRPbisTjXzjSd67CzVNmJvXo=,OhO6yOwYz4GjSIbLbfjlVJuh/hQ=
5,-23,rgYDRPbisTjXzjSd67CzVNmJvXo=,UmI/ccuPXW2EDQzsfyWhmRoTCSs=
10,-28,rgYDRPbisTjXzjSd67CzVNmJvXo=,ADmDjcMLcB+/LtGSXjw99ulxYOQ=
4,-23,rgYDRPbisTjXzjSd67CzVNmJvXo=,UmI/ccuPXW2EDQzsfyWhmRoTCSs=
3,-23,rgYDRPbisTjXzjSd67CzVNmJvXo=,UmI/ccuPXW2EDQzsfyWhmRoTCSs=
1,-23,rgYDRPbisTjXzjSd67CzVNmJvXo=,UmI/ccuPXW2EDQzsfyWhmRoTCSs=
3,-25,rgYDRPbisTjXzjSd67CzVNmJvXo=,OhO6yOwYz4GjSIbLbfjlVJuh/hQ=
0,-23,rgYDRPbisTjXzjSd67CzVNmJvXo=,UmI/ccuPXW2EDQzsfyWhmRoTCSs=
8,-28,rgYDRPbisTjXzjSd67CzVNmJvXo=,ADmDjcMLcB+/LtGSXjw99ulxYOQ=
7,-24,rgYDRPbisTjXzjSd67CzVNmJvXo=,UmI/ccuPXW2EDQzsfyWhmRoTCSs=
2,-23,rgYDRPbisTjXzjSd67CzVNmJvXo=,UmI/ccuPXW2EDQzsfyWhmRoTCSs=
6,-24,rgYDRPbisTjXzjSd67CzVNmJvXo=,UmI/ccuPXW2EDQzsfyWhmRoTCSs=
6,-28,rgYDRPbisTjXzjSd67CzVNmJvXo=,OhO6yOwYz4GjSIbLbfjlVJuh/hQ=
1,-25,rgYDRPbisTjXzjSd67CzVNmJvXo=,OhO6yOwYz4GjSIbLbfjlVJuh/hQ=
7,-28,rgYDRPbisTjXzjSd67CzVNmJvXo=,OhO6yOwYz4GjSIbLbfjlVJuh/hQ=
5,-28,rgYDRPbisTjXzjSd67CzVNmJvXo=,OhO6yOwYz4GjSIbLbfjlVJuh/hQ=
10,-23,rgYDRPbisTjXzjSd67CzVNmJvXo=,mcZvlWHvpO6kBXw41WXX6shUosM=
5,-24,rgYDRPbisTjXzjSd67CzVNmJvXo=,UmI/ccuPXW2EDQzsfyWhmRoTCSs=
4,-24,rgYDRPbisTjXzjSd67CzVNmJvXo=,UmI/ccuPXW2EDQzsfyWhmRoTCSs=
0,-25,rgYDRPbisTjXzjSd67CzVNmJvXo=,OhO6yOwYz4GjSIbLbfjlVJuh/hQ=
2,-24,rgYDRPbisTjXzjSd67CzVNmJvXo=,UmI/ccuPXW2EDQzsfyWhmRoTCSs=
1,-24,rgYDRPbisTjXzjSd67CzVNmJvXo=,UmI/ccuPXW2EDQzsfyWhmRoTCSs=
0,-24,rgYDRPbisTjXzjSd67CzVNmJvXo=,UmI/ccuPXW2EDQzsfyWhmRoTCSs=
10,-26,rgYDRPbisTjXzjSd67CzVNmJvXo=,ADmDjcMLcB+/LtGSXjw99ulxYOQ=
7,-26,rgYDRPbisTjXzjSd67CzVNmJvXo=,OhO6yOwYz4GjSIbLbfjlVJuh/hQ=
6,-26,rgYDRPbisTjXzjSd67CzVNmJvXo=,OhO6yOwYz4GjSIbLbfjlVJuh/hQ=
4,-28,rgYDRPbisTjXzjSd67CzVNmJvXo=,OhO6yOwYz4GjSIbLbfjlVJuh/hQ=
9,-28,rgYDRPbisTjXzjSd67CzVNmJvXo=,ADmDjcMLcB+/LtGSXjw99ulxYOQ=
4,-26,rgYDRPbisTjXzjSd67CzVNmJvXo=,OhO6yOwYz4GjSIbLbfjlVJuh/hQ=
9,-26,rgYDRPbisTjXzjSd67CzVNmJvXo=,ADmDjcMLcB+/LtGSXjw99ulxYOQ=
3,-24,rgYDRPbisTjXzjSd67CzVNmJvXo=,UmI/ccuPXW2EDQzsfyWhmRoTCSs=
1,-28,rgYDRPbisTjXzjSd67CzVNmJvXo=,OhO6yOwYz4GjSIbLbfjlVJuh/hQ=
2,-26,rgYDRPbisTjXzjSd67CzVNmJvXo=,OhO6yOwYz4GjSIbLbfjlVJuh/hQ=
10,-29,rgYDRPbisTjXzjSd67CzVNmJvXo=,ADmDjcMLcB+/LtGSXjw99ulxYOQ=
1,-26,rgYDRPbisTjXzjSd67CzVNmJvXo=,OhO6yOwYz4GjSIbLbfjlVJuh/hQ=
0,-26,rgYDRPbisTjXzjSd67CzVNmJvXo=,OhO6yOwYz4GjSIbLbfjlVJuh/hQ=
3,-26,rgYDRPbisTjXzjSd67CzVNmJvXo=,OhO6yOwYz4GjSIbLbfjlVJuh/hQ=
8,-26,rgYDRPbisTjXzjSd67CzVNmJvXo=,ADmDjcMLcB+/LtGSXjw99ulxYOQ=
3,-28,rgYDRPbisTjXzjSd67CzVNmJvXo=,OhO6yOwYz4GjSIbLbfjlVJuh/hQ=
10,-24,rgYDRPbisTjXzjSd67CzVNmJvXo=,mcZvlWHvpO6kBXw41WXX6shUosM=
9,-24,rgYDRPbisTjXzjSd67CzVNmJvXo=,mcZvlWHvpO6kBXw41WXX6shUosM=
0,-28,rgYDRPbisTjXzjSd67CzVNmJvXo=,OhO6yOwYz4GjSIbLbfjlVJuh/hQ=
9,-23,rgYDRPbisTjXzjSd67CzVNmJvXo=,mcZvlWHvpO6kBXw41WXX6shUosM=
9,-29,rgYDRPbisTjXzjSd67CzVNmJvXo=,ADmDjcMLcB+/LtGSXjw99ulxYOQ=
2,-28,rgYDRPbisTjXzjSd67CzVNmJvXo=,OhO6yOwYz4GjSIbLbfjlVJuh/hQ=
7,-27,rgYDRPbisTjXzjSd67CzVNmJvXo=,OhO6yOwYz4GjSIbLbfjlVJuh/hQ=
5,-26,rgYDRPbisTjXzjSd67CzVNmJvXo=,OhO6yOwYz4GjSIbLbfjlVJuh/hQ=
10,-25,rgYDRPbisTjXzjSd67CzVNmJvXo=,ADmDjcMLcB+/LtGSXjw99ulxYOQ=
8,-24,rgYDRPbisTjXzjSd67CzVNmJvXo=,mcZvlWHvpO6kBXw41WXX6shUosM=
8,-29,rgYDRPbisTjXzjSd67CzVNmJvXo=,ADmDjcMLcB+/LtGSXjw99ulxYOQ=
10,-22,rgYDRPbisTjXzjSd67CzVNmJvXo=,mcZvlWHvpO6kBXw41WXX6shUosM=
5,-25,rgYDRPbisTjXzjSd67CzVNmJvXo=,OhO6yOwYz4GjSIbLbfjlVJuh/hQ=
6,-27,rgYDRPbisTjXzjSd67CzVNmJvXo=,OhO6yOwYz4GjSIbLbfjlVJuh/hQ=
6,-25,rgYDRPbisTjXzjSd67CzVNmJvXo=,OhO6yOwYz4GjSIbLbfjlVJuh/hQ=
5,-27,rgYDRPbisTjXzjSd67CzVNmJvXo=,OhO6yOwYz4GjSIbLbfjlVJuh/hQ=
7,-29,rgYDRPbisTjXzjSd67CzVNmJvXo=,OhO6yOwYz4GjSIbLbfjlVJuh/hQ=
4,-27,rgYDRPbisTjXzjSd67CzVNmJvXo=,OhO6yOwYz4GjSIbLbfjlVJuh/hQ=
2,-25,rgYDRPbisTjXzjSd67CzVNmJvXo=,OhO6yOwYz4GjSIbLbfjlVJuh/hQ=
3,-32,rgYDRPbisTjXzjSd67CzVNmJvXo=,OhO6yOwYz4GjSIbLbfjlVJuh/hQ=
4,-32,rgYDRPbisTjXzjSd67CzVNmJvXo=,OhO6yOwYz4GjSIbLbfjlVJuh/hQ=
3,-31,rgYDRPbisTjXzjSd67CzVNmJvXo=,OhO6yOwYz4GjSIbLbfjlVJuh/hQ=
4,-31,rgYDRPbisTjXzjSd67CzVNmJvXo=,OhO6yOwYz4GjSIbLbfjlVJuh/hQ=
4,-30,rgYDRPbisTjXzjSd67CzVNmJvXo=,OhO6yOwYz4GjSIbLbfjlVJuh/hQ=
3,-30,rgYDRPbisTjXzjSd67CzVNmJvXo=,OhO6yOwYz4GjSIbLbfjlVJuh/hQ=
0,-32,rgYDRPbisTjXzjSd67CzVNmJvXo=,OhO6yOwYz4GjSIbLbfjlVJuh/hQ=
1,-32,rgYDRPbisTjXzjSd67CzVNmJvXo=,OhO6yOwYz4GjSIbLbfjlVJuh/hQ=
2,-32,rgYDRPbisTjXzjSd67CzVNmJvXo=,OhO6yOwYz4GjSIbLbfjlVJuh/hQ=
0,-31,rgYDRPbisTjXzjSd67CzVNmJvXo=,OhO6yOwYz4GjSIbLbfjlVJuh/hQ=
1,-30,rgYDRPbisTjXzjSd67CzVNmJvXo=,OhO6yOwYz4GjSIbLbfjlVJuh/hQ=
0,-30,rgYDRPbisTjXzjSd67CzVNmJvXo=,OhO6yOwYz4GjSIbLbfjlVJuh/hQ=
2,-30,rgYDRPbisTjXzjSd67CzVNmJvXo=,OhO6yOwYz4GjSIbLbfjlVJuh/hQ=
2,-31,rgYDRPbisTjXzjSd67CzVNmJvXo=,OhO6yOwYz4GjSIbLbfjlVJuh/hQ=
1,-31,rgYDRPbisTjXzjSd67CzVNmJvXo=,OhO6yOwYz4GjSIbLbfjlVJuh/hQ=
13,-17,cP5azp0ucICdm6nHky95dPqg9Wk=,mcZvlWHvpO6kBXw41WXX6shUosM=
14,-17,cP5azp0ucICdm6nHky95dPqg9Wk=,mcZvlWHvpO6kBXw41WXX6shUosM=
15,-17,cP5azp0ucICdm6nHky95dPqg9Wk=,mcZvlWHvpO6kBXw41WXX6shUosM=
13,-18,cP5azp0ucICdm6nHky95dPqg9Wk=,mcZvlWHvpO6kBXw41WXX6shUosM=
14,-18,cP5azp0ucICdm6nHky95dPqg9Wk=,mcZvlWHvpO6kBXw41WXX6shUosM=
15,-18,cP5azp0ucICdm6nHky95dPqg9Wk=,mcZvlWHvpO6kBXw41WXX6shUosM=
13,-19,cP5azp0ucICdm6nHky95dPqg9Wk=,mcZvlWHvpO6kBXw41WXX6shUosM=
14,-19,cP5azp0ucICdm6nHky95dPqg9Wk=,mcZvlWHvpO6kBXw41WXX6shUosM=
15,-19,cP5azp0ucICdm6nHky95dPqg9Wk=,mcZvlWHvpO6kBXw41WXX6shUosM=
0,-18,cP5azp0ucICdm6nHky95dPqg9Wk=,UmI/ccuPXW2EDQzsfyWhmRoTCSs=
1,-18,cP5azp0ucICdm6nHky95dPqg9Wk=,UmI/ccuPXW2EDQzsfyWhmRoTCSs=
2,-18,cP5azp0ucICdm6nHky95dPqg9Wk=,UmI/ccuPXW2EDQzsfyWhmRoTCSs=
0,-19,cP5azp0ucICdm6nHky95dPqg9Wk=,UmI/ccuPXW2EDQzsfyWhmRoTCSs=
0,-17,cP5azp0ucICdm6nHky95dPqg9Wk=,UmI/ccuPXW2EDQzsfyWhmRoTCSs=
2,-17,cP5azp0ucICdm6nHky95dPqg9Wk=,UmI/ccuPXW2EDQzsfyWhmRoTCSs=
1,-17,cP5azp0ucICdm6nHky95dPqg9Wk=,UmI/ccuPXW2EDQzsfyWhmRoTCSs=
2,-19,cP5azp0ucICdm6nHky95dPqg9Wk=,UmI/ccuPXW2EDQzsfyWhmRoTCSs=
1,-19,cP5azp0ucICdm6nHky95dPqg9Wk=,UmI/ccuPXW2EDQzsfyWhmRoTCSs=
9,-30,cP5azp0ucICdm6nHky95dPqg9Wk=,ADmDjcMLcB+/LtGSXjw99ulxYOQ=
10,-30,cP5azp0ucICdm6nHky95dPqg9Wk=,ADmDjcMLcB+/LtGSXjw99ulxYOQ=
11,-30,cP5azp0ucICdm6nHky95dPqg9Wk=,ADmDjcMLcB+/LtGSXjw99ulxYOQ=
12,-30,cP5azp0ucICdm6nHky95dPqg9Wk=,ADmDjcMLcB+/LtGSXjw99ulxYOQ=
8,-32,cP5azp0ucICdm6nHky95dPqg9Wk=,ADmDjcMLcB+/LtGSXjw99ulxYOQ=
9,-32,cP5azp0ucICdm6nHky95dPqg9Wk=,ADmDjcMLcB+/LtGSXjw99ulxYOQ=
10,-32,cP5azp0ucICdm6nHky95dPqg9Wk=,ADmDjcMLcB+/LtGSXjw99ulxYOQ=
7,-30,cP5azp0ucICdm6nHky95dPqg9Wk=,OhO6yOwYz4GjSIbLbfjlVJuh/hQ=
6,-30,cP5azp0ucICdm6nHky95dPqg9Wk=,OhO6yOwYz4GjSIbLbfjlVJuh/hQ=
5,-30,cP5azp0ucICdm6nHky95dPqg9Wk=,OhO6yOwYz4GjSIbLbfjlVJuh/hQ=
8,-30,cP5azp0ucICdm6nHky95dPqg9Wk=,ADmDjcMLcB+/LtGSXjw99ulxYOQ=
12,-31,cP5azp0ucICdm6nHky95dPqg9Wk=,ADmDjcMLcB+/LtGSXjw99ulxYOQ=
11,-31,cP5azp0ucICdm6nHky95dPqg9Wk=,ADmDjcMLcB+/LtGSXjw99ulxYOQ=
10,-31,cP5azp0ucICdm6nHky95dPqg9Wk=,ADmDjcMLcB+/LtGSXjw99ulxYOQ=
7,-31,cP5azp0ucICdm6nHky95dPqg9Wk=,OhO6yOwYz4GjSIbLbfjlVJuh/hQ=
6,-31,cP5azp0ucICdm6nHky95dPqg9Wk=,OhO6yOwYz4GjSIbLbfjlVJuh/hQ=
5,-31,cP5azp0ucICdm6nHky95dPqg9Wk=,OhO6yOwYz4GjSIbLbfjlVJuh/hQ=
9,-31,cP5azp0ucICdm6nHky95dPqg9Wk=,ADmDjcMLcB+/LtGSXjw99ulxYOQ=
7,-32,cP5azp0ucICdm6nHky95dPqg9Wk=,OhO6yOwYz4GjSIbLbfjlVJuh/hQ=
8,-31,cP5azp0ucICdm6nHky95dPqg9Wk=,ADmDjcMLcB+/LtGSXjw99ulxYOQ=
6,-32,cP5azp0ucICdm6nHky95dPqg9Wk=,OhO6yOwYz4GjSIbLbfjlVJuh/hQ=
5,-32,cP5azp0ucICdm6nHky95dPqg9Wk=,OhO6yOwYz4GjSIbLbfjlVJuh/hQ=
11,-32,cP5azp0ucICdm6nHky95dPqg9Wk=,ADmDjcMLcB+/LtGSXjw99ulxYOQ=
12,-32,cP5azp0ucICdm6nHky95dPqg9Wk=,ADmDjcMLcB+/LtGSXjw99ulxYOQ=
13,-26,cP5azp0ucICdm6nHky95dPqg9Wk=,ADmDjcMLcB+/LtGSXjw99ulxYOQ=
13,-24,cP5azp0ucICdm6nHky95dPqg9Wk=,mcZvlWHvpO6kBXw41WXX6shUosM=
14,-22,cP5azp0ucICdm6nHky95dPqg9Wk=,mcZvlWHvpO6kBXw41WXX6shUosM=
14,-28,cP5azp0ucICdm6nHky95dPqg9Wk=,ADmDjcMLcB+/LtGSXjw99ulxYOQ=
14,-27,cP5azp0ucICdm6nHky95dPqg9Wk=,ADmDjcMLcB+/LtGSXjw99ulxYOQ=
13,-23,cP5azp0ucICdm6nHky95dPqg9Wk=,mcZvlWHvpO6kBXw41WXX6shUosM=
14,-31,cP5azp0ucICdm6nHky95dPqg9Wk=,ADmDjcMLcB+/LtGSXjw99ulxYOQ=
14,-29,cP5azp0ucICdm6nHky95dPqg9Wk=,ADmDjcMLcB+/LtGSXjw99ulxYOQ=
14,-32,cP5azp0ucICdm6nHky95dPqg9Wk=,ADmDjcMLcB+/LtGSXjw99ulxYOQ=
13,-27,cP5azp0ucICdm6nHky95dPqg9Wk=,ADmDjcMLcB+/LtGSXjw99ulxYOQ=
13,-28,cP5azp0ucICdm6nHky95dPqg9Wk=,ADmDjcMLcB+/LtGSXjw99ulxYOQ=
14,-23,cP5azp0ucICdm6nHky95dPqg9Wk=,mcZvlWHvpO6kBXw41WXX6shUosM=
13,-29,cP5azp0ucICdm6nHky95dPqg9Wk=,ADmDjcMLcB+/LtGSXjw99ulxYOQ=
13,-25,cP5azp0ucICdm6nHky95dPqg9Wk=,ADmDjcMLcB+/LtGSXjw99ulxYOQ=
14,-25,cP5azp0ucICdm6nHky95dPqg9Wk=,ADmDjcMLcB+/LtGSXjw99ulxYOQ=
14,-24,cP5azp0ucICdm6nHky95dPqg9Wk=,mcZvlWHvpO6kBXw41WXX6shUosM=
13,-30,cP5azp0ucICdm6nHky95dPqg9Wk=,ADmDjcMLcB+/LtGSXjw99ulxYOQ=
14,-30,cP5azp0ucICdm6nHky95dPqg9Wk=,ADmDjcMLcB+/LtGSXjw99ulxYOQ=
14,-26,cP5azp0ucICdm6nHky95dPqg9Wk=,ADmDjcMLcB+/LtGSXjw99ulxYOQ=
15,-23,cP5azp0ucICdm6nHky95dPqg9Wk=,mcZvlWHvpO6kBXw41WXX6shUosM=
15,-24,cP5azp0ucICdm6nHky95dPqg9Wk=,mcZvlWHvpO6kBXw41WXX6shUosM=
13,-22,cP5azp0ucICdm6nHky95dPqg9Wk=,mcZvlWHvpO6kBXw41WXX6shUosM=
13,-31,cP5azp0ucICdm6nHky95dPqg9Wk=,ADmDjcMLcB+/LtGSXjw99ulxYOQ=
15,-30,cP5azp0ucICdm6nHky95dPqg9Wk=,ADmDjcMLcB+/LtGSXjw99ulxYOQ=
15,-31,cP5azp0ucICdm6nHky95dPqg9Wk=,ADmDjcMLcB+/LtGSXjw99ulxYOQ=
15,-32,cP5azp0ucICdm6nHky95dPqg9Wk=,ADmDjcMLcB+/LtGSXjw99ulxYOQ=
15,-25,cP5azp0ucICdm6nHky95dPqg9Wk=,ADmDjcMLcB+/LtGSXjw99ulxYOQ=
15,-29,cP5azp0ucICdm6nHky95dPqg9Wk=,ADmDjcMLcB+/LtGSXjw99ulxYOQ=
15,-26,cP5azp0ucICdm6nHky95dPqg9Wk=,ADmDjcMLcB+/LtGSXjw99ulxYOQ=
15,-22,cP5azp0ucICdm6nHky95dPqg9Wk=,mcZvlWHvpO6kBXw41WXX6shUosM=
15,-27,cP5azp0ucICdm6nHky95dPqg9Wk=,ADmDjcMLcB+/LtGSXjw99ulxYOQ=
15,-28,cP5azp0ucICdm6nHky95dPqg9Wk=,ADmDjcMLcB+/LtGSXjw99ulxYOQ=
13,-32,cP5azp0ucICdm6nHky95dPqg9Wk=,ADmDjcMLcB+/LtGSXjw99ulxYOQ=
12,-4,cP5azp0ucICdm6nHky95dPqg9Wk=,t1tZc9wv06GnrtMAFHdrMMXUO64=
11,-5,cP5azp0ucICdm6nHky95dPqg9Wk=,t1tZc9wv06GnrtMAFHdrMMXUO64=
12,-5,cP5azp0ucICdm6nHky95dPqg9Wk=,t1tZc9wv06GnrtMAFHdrMMXUO64=
12,-7,cP5azp0ucICdm6nHky95dPqg9Wk=,t1tZc9wv06GnrtMAFHdrMMXUO64=
11,-4,cP5azp0ucICdm6nHky95dPqg9Wk=,t1tZc9wv06GnrtMAFHdrMMXUO64=
12,-8,cP5azp0ucICdm6nHky95dPqg9Wk=,t1tZc9wv06GnrtMAFHdrMMXUO64=
11,-8,cP5azp0ucICdm6nHky95dPqg9Wk=,t1tZc9wv06GnrtMAFHdrMMXUO64=
12,-6,cP5azp0ucICdm6nHky95dPqg9Wk=,t1tZc9wv06GnrtMAFHdrMMXUO64=
11,-6,cP5azp0ucICdm6nHky95dPqg9Wk=,t1tZc9wv06GnrtMAFHdrMMXUO64=
11,-7,cP5azp0ucICdm6nHky95dPqg9Wk=,t1tZc9wv06GnrtMAFHdrMMXUO64=
3,-13,KpPPinnNLmS322hZuFtAslGh6Ps=,aLosmUGlndq2WDQgaeMyFht5oGg=
4,-13,KpPPinnNLmS322hZuFtAslGh6Ps=,aLosmUGlndq2WDQgaeMyFht5oGg=
5,-13,KpPPinnNLmS322hZuFtAslGh6Ps=,aLosmUGlndq2WDQgaeMyFht5oGg=
6,-13,KpPPinnNLmS322hZuFtAslGh6Ps=,aLosmUGlndq2WDQgaeMyFht5oGg=
7,-13,KpPPinnNLmS322hZuFtAslGh6Ps=,aLosmUGlndq2WDQgaeMyFht5oGg=
3,-12,KpPPinnNLmS322hZuFtAslGh6Ps=,aLosmUGlndq2WDQgaeMyFht5oGg=
4,-12,KpPPinnNLmS322hZuFtAslGh6Ps=,aLosmUGlndq2WDQgaeMyFht5oGg=
5,-12,KpPPinnNLmS322hZuFtAslGh6Ps=,aLosmUGlndq2WDQgaeMyFht5oGg=
6,-12,KpPPinnNLmS322hZuFtAslGh6Ps=,aLosmUGlndq2WDQgaeMyFht5oGg=
7,-12,KpPPinnNLmS322hZuFtAslGh6Ps=,aLosmUGlndq2WDQgaeMyFht5oGg=
12,-1,62zbwiORdohTDA2pUSCr+MXitO0=,t1tZc9wv06GnrtMAFHdrMMXUO64=
11,-3,62zbwiORdohTDA2pUSCr+MXitO0=,t1tZc9wv06GnrtMAFHdrMMXUO64=
12,-3,62zbwiORdohTDA2pUSCr+MXitO0=,t1tZc9wv06GnrtMAFHdrMMXUO64=
11,-2,62zbwiORdohTDA2pUSCr+MXitO0=,t1tZc9wv06GnrtMAFHdrMMXUO64=
12,-2,62zbwiORdohTDA2pUSCr+MXitO0=,t1tZc9wv06GnrtMAFHdrMMXUO64=
11,-1,62zbwiORdohTDA2pUSCr+MXitO0=,t1tZc9wv06GnrtMAFHdrMMXUO64=
13,-4,62zbwiORdohTDA2pUSCr+MXitO0=,t1tZc9wv06GnrtMAFHdrMMXUO64=
14,-4,62zbwiORdohTDA2pUSCr+MXitO0=,t1tZc9wv06GnrtMAFHdrMMXUO64=
15,-4,62zbwiORdohTDA2pUSCr+MXitO0=,t1tZc9wv06GnrtMAFHdrMMXUO64=
15,-5,62zbwiORdohTDA2pUSCr+MXitO0=,t1tZc9wv06GnrtMAFHdrMMXUO64=
14,-5,62zbwiORdohTDA2pUSCr+MXitO0=,t1tZc9wv06GnrtMAFHdrMMXUO64=
13,-5,62zbwiORdohTDA2pUSCr+MXitO0=,t1tZc9wv06GnrtMAFHdrMMXUO64=
4,-14,62zbwiORdohTDA2pUSCr+MXitO0=,aLosmUGlndq2WDQgaeMyFht5oGg=
3,-16,62zbwiORdohTDA2pUSCr+MXitO0=,aLosmUGlndq2WDQgaeMyFht5oGg=
3,-14,62zbwiORdohTDA2pUSCr+MXitO0=,aLosmUGlndq2WDQgaeMyFht5oGg=
4,-15,62zbwiORdohTDA2pUSCr+MXitO0=,aLosmUGlndq2WDQgaeMyFht5oGg=
3,-15,62zbwiORdohTDA2pUSCr+MXitO0=,aLosmUGlndq2WDQgaeMyFht5oGg=
4,-16,62zbwiORdohTDA2pUSCr+MXitO0=,aLosmUGlndq2WDQgaeMyFht5oGg=
13,-6,jOA49D21KwxuCBNUh1X9Mo/7TSs=,t1tZc9wv06GnrtMAFHdrMMXUO64=
14,-6,jOA49D21KwxuCBNUh1X9Mo/7TSs=,t1tZc9wv06GnrtMAFHdrMMXUO64=
15,-6,jOA49D21KwxuCBNUh1X9Mo/7TSs=,t1tZc9wv06GnrtMAFHdrMMXUO64=
15,-7,jOA49D21KwxuCBNUh1X9Mo/7TSs=,t1tZc9wv06GnrtMAFHdrMMXUO64=
14,-7,jOA49D21KwxuCBNUh1X9Mo/7TSs=,t1tZc9wv06GnrtMAFHdrMMXUO64=
13,-7,jOA49D21KwxuCBNUh1X9Mo/7TSs=,t1tZc9wv06GnrtMAFHdrMMXUO64=
15,-8,jOA49D21KwxuCBNUh1X9Mo/7TSs=,t1tZc9wv06GnrtMAFHdrMMXUO64=
14,-8,jOA49D21KwxuCBNUh1X9Mo/7TSs=,t1tZc9wv06GnrtMAFHdrMMXUO64=
13,-8,jOA49D21KwxuCBNUh1X9Mo/7TSs=,t1tZc9wv06GnrtMAFHdrMMXUO64=
5,-14,jOA49D21KwxuCBNUh1X9Mo/7TSs=,aLosmUGlndq2WDQgaeMyFht5oGg=
5,-16,jOA49D21KwxuCBNUh1X9Mo/7TSs=,aLosmUGlndq2WDQgaeMyFht5oGg=
6,-16,jOA49D21KwxuCBNUh1X9Mo/7TSs=,aLosmUGlndq2WDQgaeMyFht5oGg=
7,-16,jOA49D21KwxuCBNUh1X9Mo/7TSs=,aLosmUGlndq2WDQgaeMyFht5oGg=
6,-14,jOA49D21KwxuCBNUh1X9Mo/7TSs=,aLosmUGlndq2WDQgaeMyFht5oGg=
7,-14,jOA49D21KwxuCBNUh1X9Mo/7TSs=,aLosmUGlndq2WDQgaeMyFht5oGg=
5,-15,jOA49D21KwxuCBNUh1X9Mo/7TSs=,aLosmUGlndq2WDQgaeMyFht5oGg=
6,-15,jOA49D21KwxuCBNUh1X9Mo/7TSs=,aLosmUGlndq2WDQgaeMyFht5oGg=
7,-15,jOA49D21KwxuCBNUh1X9Mo/7TSs=,aLosmUGlndq2WDQgaeMyFht5oGg=
6,-6,jOA49D21KwxuCBNUh1X9Mo/7TSs=,rPIEiO5Shuq+RPh6keDN/TVAKN0=
3,-5,jOA49D21KwxuCBNUh1X9Mo/7TSs=,rPIEiO5Shuq+RPh6keDN/TVAKN0=
2,-5,jOA49D21KwxuCBNUh1X9Mo/7TSs=,rPIEiO5Shuq+RPh6keDN/TVAKN0=
9,-6,jOA49D21KwxuCBNUh1X9Mo/7TSs=,t1tZc9wv06GnrtMAFHdrMMXUO64=
10,-1,jOA49D21KwxuCBNUh1X9Mo/7TSs=,t1tZc9wv06GnrtMAFHdrMMXUO64=
8,-6,jOA49D21KwxuCBNUh1X9Mo/7TSs=,t1tZc9wv06GnrtMAFHdrMMXUO64=
9,-1,jOA49D21KwxuCBNUh1X9Mo/7TSs=,t1tZc9wv06GnrtMAFHdrMMXUO64=
7,-8,jOA49D21KwxuCBNUh1X9Mo/7TSs=,rPIEiO5Shuq+RPh6keDN/TVAKN0=
5,-6,jOA49D21KwxuCBNUh1X9Mo/7TSs=,rPIEiO5Shuq+RPh6keDN/TVAKN0=
4,-6,jOA49D21KwxuCBNUh1X9Mo/7TSs=,rPIEiO5Shuq+RPh6keDN/TVAKN0=
3,-6,jOA49D21KwxuCBNUh1X9Mo/7TSs=,rPIEiO5Shuq+RPh6keDN/TVAKN0=
7,-11,jOA49D21KwxuCBNUh1X9Mo/7TSs=,aLosmUGlndq2WDQgaeMyFht5oGg=
6,-8,jOA49D21KwxuCBNUh1X9Mo/7TSs=,rPIEiO5Shuq+RPh6keDN/TVAKN0=
6,-11,jOA49D21KwxuCBNUh1X9Mo/7TSs=,aLosmUGlndq2WDQgaeMyFht5oGg=
5,-8,jOA49D21KwxuCBNUh1X9Mo/7TSs=,rPIEiO5Shuq+RPh6keDN/TVAKN0=
5,-11,jOA49D21KwxuCBNUh1X9Mo/7TSs=,aLosmUGlndq2WDQgaeMyFht5oGg=
4,-11,jOA49D21KwxuCBNUh1X9Mo/7TSs=,aLosmUGlndq2WDQgaeMyFht5oGg=
4,-8,jOA49D21KwxuCBNUh1X9Mo/7TSs=,rPIEiO5Shuq+RPh6keDN/TVAKN0=
3,-11,jOA49D21KwxuCBNUh1X9Mo/7TSs=,aLosmUGlndq2WDQgaeMyFht5oGg=
8,-1,jOA49D21KwxuCBNUh1X9Mo/7TSs=,t1tZc9wv06GnrtMAFHdrMMXUO64=
10,-2,jOA49D21KwxuCBNUh1X9Mo/7TSs=,t1tZc9wv06GnrtMAFHdrMMXUO64=
8,-7,jOA49D21KwxuCBNUh1X9Mo/7TSs=,t1tZc9wv06GnrtMAFHdrMMXUO64=
9,-2,jOA49D21KwxuCBNUh1X9Mo/7TSs=,t1tZc9wv06GnrtMAFHdrMMXUO64=
7,-7,jOA49D21KwxuCBNUh1X9Mo/7TSs=,rPIEiO5Shuq+RPh6keDN/TVAKN0=
3,-8,jOA49D21KwxuCBNUh1X9Mo/7TSs=,rPIEiO5Shuq+RPh6keDN/TVAKN0=
6,-7,jOA49D21KwxuCBNUh1X9Mo/7TSs=,rPIEiO5Shuq+RPh6keDN/TVAKN0=
10,-4,jOA49D21KwxuCBNUh1X9Mo/7TSs=,t1tZc9wv06GnrtMAFHdrMMXUO64=
10,-5,jOA49D21KwxuCBNUh1X9Mo/7TSs=,t1tZc9wv06GnrtMAFHdrMMXUO64=
9,-5,jOA49D21KwxuCBNUh1X9Mo/7TSs=,t1tZc9wv06GnrtMAFHdrMMXUO64=
5,-7,jOA49D21KwxuCBNUh1X9Mo/7TSs=,rPIEiO5Shuq+RPh6keDN/TVAKN0=
8,-2,jOA49D21KwxuCBNUh1X9Mo/7TSs=,t1tZc9wv06GnrtMAFHdrMMXUO64=
9,-4,jOA49D21KwxuCBNUh1X9Mo/7TSs=,t1tZc9wv06GnrtMAFHdrMMXUO64=
7,-9,jOA49D21KwxuCBNUh1X9Mo/7TSs=,aLosmUGlndq2WDQgaeMyFht5oGg=
8,-5,jOA49D21KwxuCBNUh1X9Mo/7TSs=,t1tZc9wv06GnrtMAFHdrMMXUO64=
4,-7,jOA49D21KwxuCBNUh1X9Mo/7TSs=,rPIEiO5Shuq+RPh6keDN/TVAKN0=
7,-1,jOA49D21KwxuCBNUh1X9Mo/7TSs=,rPIEiO5Shuq+RPh6keDN/TVAKN0=
6,-1,jOA49D21KwxuCBNUh1X9Mo/7TSs=,rPIEiO5Shuq+RPh6keDN/TVAKN0=
6,-9,jOA49D21KwxuCBNUh1X9Mo/7TSs=,aLosmUGlndq2WDQgaeMyFht5oGg=
5,-1,jOA49D21KwxuCBNUh1X9Mo/7TSs=,rPIEiO5Shuq+RPh6keDN/TVAKN0=
4,-1,jOA49D21KwxuCBNUh1X9Mo/7TSs=,rPIEiO5Shuq+RPh6keDN/TVAKN0=
1,-5,jOA49D21KwxuCBNUh1X9Mo/7TSs=,rPIEiO5Shuq+RPh6keDN/TVAKN0=
3,-1,jOA49D21KwxuCBNUh1X9Mo/7TSs=,rPIEiO5Shuq+RPh6keDN/TVAKN0=
2,-1,jOA49D21KwxuCBNUh1X9Mo/7TSs=,rPIEiO5Shuq+RPh6keDN/TVAKN0=
8,-4,jOA49D21KwxuCBNUh1X9Mo/7TSs=,t1tZc9wv06GnrtMAFHdrMMXUO64=
1,-1,jOA49D21KwxuCBNUh1X9Mo/7TSs=,rPIEiO5Shuq+RPh6keDN/TVAKN0=
3,-7,jOA49D21KwxuCBNUh1X9Mo/7TSs=,rPIEiO5Shuq+RPh6keDN/TVAKN0=
0,-5,jOA49D21KwxuCBNUh1X9Mo/7TSs=,rPIEiO5Shuq+RPh6keDN/TVAKN0=
0,-1,jOA49D21KwxuCBNUh1X9Mo/7TSs=,rPIEiO5Shuq+RPh6keDN/TVAKN0=
10,-8,jOA49D21KwxuCBNUh1X9Mo/7TSs=,t1tZc9wv06GnrtMAFHdrMMXUO64=
7,-2,jOA49D21KwxuCBNUh1X9Mo/7TSs=,rPIEiO5Shuq+RPh6keDN/TVAKN0=
6,-2,jOA49D21KwxuCBNUh1X9Mo/7TSs=,rPIEiO5Shuq+RPh6keDN/TVAKN0=
4,-2,jOA49D21KwxuCBNUh1X9Mo/7TSs=,rPIEiO5Shuq+RPh6keDN/TVAKN0=
10,-6,jOA49D21KwxuCBNUh1X9Mo/7TSs=,t1tZc9wv06GnrtMAFHdrMMXUO64=
10,-3,jOA49D21KwxuCBNUh1X9Mo/7TSs=,t1tZc9wv06GnrtMAFHdrMMXUO64=
5,-9,jOA49D21KwxuCBNUh1X9Mo/7TSs=,aLosmUGlndq2WDQgaeMyFht5oGg=
4,-9,jOA49D21KwxuCBNUh1X9Mo/7TSs=,aLosmUGlndq2WDQgaeMyFht5oGg=
5,-2,jOA49D21KwxuCBNUh1X9Mo/7TSs=,rPIEiO5Shuq+RPh6keDN/TVAKN0=
9,-3,jOA49D21KwxuCBNUh1X9Mo/7TSs=,t1tZc9wv06GnrtMAFHdrMMXUO64=
3,-2,jOA49D21KwxuCBNUh1X9Mo/7TSs=,rPIEiO5Shuq+RPh6keDN/TVAKN0=
8,-3,jOA49D21KwxuCBNUh1X9Mo/7TSs=,t1tZc9wv06GnrtMAFHdrMMXUO64=
2,-2,jOA49D21KwxuCBNUh1X9Mo/7TSs=,rPIEiO5Shuq+RPh6keDN/TVAKN0=
0,-2,jOA49D21KwxuCBNUh1X9Mo/7TSs=,rPIEiO5Shuq+RPh6keDN/TVAKN0=
7,-3,jOA49D21KwxuCBNUh1X9Mo/7TSs=,rPIEiO5Shuq+RPh6keDN/TVAKN0=
6,-3,jOA49D21KwxuCBNUh1X9Mo/7TSs=,rPIEiO5Shuq+RPh6keDN/TVAKN0=
1,-2,jOA49D21KwxuCBNUh1X9Mo/7TSs=,rPIEiO5Shuq+RPh6keDN/TVAKN0=
5,-3,jOA49D21KwxuCBNUh1X9Mo/7TSs=,rPIEiO5Shuq+RPh6keDN/TVAKN0=
9,-8,jOA49D21KwxuCBNUh1X9Mo/7TSs=,t1tZc9wv06GnrtMAFHdrMMXUO64=
8,-8,jOA49D21KwxuCBNUh1X9Mo/7TSs=,t1tZc9wv06GnrtMAFHdrMMXUO64=
3,-9,jOA49D21KwxuCBNUh1X9Mo/7TSs=,aLosmUGlndq2WDQgaeMyFht5oGg=
0,-3,jOA49D21KwxuCBNUh1X9Mo/7TSs=,rPIEiO5Shuq+RPh6keDN/TVAKN0=
4,-3,jOA49D21KwxuCBNUh1X9Mo/7TSs=,rPIEiO5Shuq+RPh6keDN/TVAKN0=
7,-4,jOA49D21KwxuCBNUh1X9Mo/7TSs=,rPIEiO5Shuq+RPh6keDN/TVAKN0=
6,-4,jOA49D21KwxuCBNUh1X9Mo/7TSs=,rPIEiO5Shuq+RPh6keDN/TVAKN0=
10,-7,jOA49D21KwxuCBNUh1X9Mo/7TSs=,t1tZc9wv06GnrtMAFHdrMMXUO64=
5,-4,jOA49D21KwxuCBNUh1X9Mo/7TSs=,rPIEiO5Shuq+RPh6keDN/TVAKN0=
1,-3,jOA49D21KwxuCBNUh1X9Mo/7TSs=,rPIEiO5Shuq+RPh6keDN/TVAKN0=
3,-3,jOA49D21KwxuCBNUh1X9Mo/7TSs=,rPIEiO5Shuq+RPh6keDN/TVAKN0=
7,-10,jOA49D21KwxuCBNUh1X9Mo/7TSs=,aLosmUGlndq2WDQgaeMyFht5oGg=
9,-7,jOA49D21KwxuCBNUh1X9Mo/7TSs=,t1tZc9wv06GnrtMAFHdrMMXUO64=
4,-4,jOA49D21KwxuCBNUh1X9Mo/7TSs=,rPIEiO5Shuq+RPh6keDN/TVAKN0=
2,-3,jOA49D21KwxuCBNUh1X9Mo/7TSs=,rPIEiO5Shuq+RPh6keDN/TVAKN0=
6,-10,jOA49D21KwxuCBNUh1X9Mo/7TSs=,aLosmUGlndq2WDQgaeMyFht5oGg=
3,-4,jOA49D21KwxuCBNUh1X9Mo/7TSs=,rPIEiO5Shuq+RPh6keDN/TVAKN0=
7,-5,jOA49D21KwxuCBNUh1X9Mo/7TSs=,rPIEiO5Shuq+RPh6keDN/TVAKN0=
6,-5,jOA49D21KwxuCBNUh1X9Mo/7TSs=,rPIEiO5Shuq+RPh6keDN/TVAKN0=
5,-10,jOA49D21KwxuCBNUh1X9Mo/7TSs=,aLosmUGlndq2WDQgaeMyFht5oGg=
5,-5,jOA49D21KwxuCBNUh1X9Mo/7TSs=,rPIEiO5Shuq+RPh6keDN/TVAKN0=
4,-5,jOA49D21KwxuCBNUh1X9Mo/7TSs=,rPIEiO5Shuq+RPh6keDN/TVAKN0=
7,-6,jOA49D21KwxuCBNUh1X9Mo/7TSs=,rPIEiO5Shuq+RPh6keDN/TVAKN0=
3,-10,jOA49D21KwxuCBNUh1X9Mo/7TSs=,aLosmUGlndq2WDQgaeMyFht5oGg=
0,-4,jOA49D21KwxuCBNUh1X9Mo/7TSs=,rPIEiO5Shuq+RPh6keDN/TVAKN0=
4,-10,jOA49D21KwxuCBNUh1X9Mo/7TSs=,aLosmUGlndq2WDQgaeMyFht5oGg=
2,-4,jOA49D21KwxuCBNUh1X9Mo/7TSs=,rPIEiO5Shuq+RPh6keDN/TVAKN0=
1,-4,jOA49D21KwxuCBNUh1X9Mo/7TSs=,rPIEiO5Shuq+RPh6keDN/TVAKN0=
1,-7,jOA49D21KwxuCBNUh1X9Mo/7TSs=,rPIEiO5Shuq+RPh6keDN/TVAKN0=
0,-7,jOA49D21KwxuCBNUh1X9Mo/7TSs=,rPIEiO5Shuq+RPh6keDN/TVAKN0=
0,-10,jOA49D21KwxuCBNUh1X9Mo/7TSs=,aLosmUGlndq2WDQgaeMyFht5oGg=
2,-10,jOA49D21KwxuCBNUh1X9Mo/7TSs=,aLosmUGlndq2WDQgaeMyFht5oGg=
2,-14,jOA49D21KwxuCBNUh1X9Mo/7TSs=,aLosmUGlndq2WDQgaeMyFht5oGg=
1,-14,jOA49D21KwxuCBNUh1X9Mo/7TSs=,aLosmUGlndq2WDQgaeMyFht5oGg=
1,-10,jOA49D21KwxuCBNUh1X9Mo/7TSs=,aLosmUGlndq2WDQgaeMyFht5oGg=
0,-14,jOA49D21KwxuCBNUh1X9Mo/7TSs=,aLosmUGlndq2WDQgaeMyFht5oGg=
2,-8,jOA49D21KwxuCBNUh1X9Mo/7TSs=,rPIEiO5Shuq+RPh6keDN/TVAKN0=
1,-13,jOA49D21KwxuCBNUh1X9Mo/7TSs=,aLosmUGlndq2WDQgaeMyFht5oGg=
2,-12,jOA49D21KwxuCBNUh1X9Mo/7TSs=,aLosmUGlndq2WDQgaeMyFht5oGg=
2,-11,jOA49D21KwxuCBNUh1X9Mo/7TSs=,aLosmUGlndq2WDQgaeMyFht5oGg=
0,-13,jOA49D21KwxuCBNUh1X9Mo/7TSs=,aLosmUGlndq2WDQgaeMyFht5oGg=
1,-12,jOA49D21KwxuCBNUh1X9Mo/7TSs=,aLosmUGlndq2WDQgaeMyFht5oGg=
1,-11,jOA49D21KwxuCBNUh1X9Mo/7TSs=,aLosmUGlndq2WDQgaeMyFht5oGg=
2,-15,jOA49D21KwxuCBNUh1X9Mo/7TSs=,aLosmUGlndq2WDQgaeMyFht5oGg=
1,-15,jOA49D21KwxuCBNUh1X9Mo/7TSs=,aLosmUGlndq2WDQgaeMyFht5oGg=
0,-15,jOA49D21KwxuCBNUh1X9Mo/7TSs=,aLosmUGlndq2WDQgaeMyFht5oGg=
2,-16,jOA49D21KwxuCBNUh1X9Mo/7TSs=,aLosmUGlndq2WDQgaeMyFht5oGg=
1,-16,jOA49D21KwxuCBNUh1X9Mo/7TSs=,aLosmUGlndq2WDQgaeMyFht5oGg=
0,-16,jOA49D21KwxuCBNUh1X9Mo/7TSs=,aLosmUGlndq2WDQgaeMyFht5oGg=
2,-7,jOA49D21KwxuCBNUh1X9Mo/7TSs=,rPIEiO5Shuq+RPh6keDN/TVAKN0=
2,-6,jOA49D21KwxuCBNUh1X9Mo/7TSs=,rPIEiO5Shuq+RPh6keDN/TVAKN0=
1,-8,jOA49D21KwxuCBNUh1X9Mo/7TSs=,rPIEiO5Shuq+RPh6keDN/TVAKN0=
2,-13,jOA49D21KwxuCBNUh1X9Mo/7TSs=,aLosmUGlndq2WDQgaeMyFht5oGg=
0,-11,jOA49D21KwxuCBNUh1X9Mo/7TSs=,aLosmUGlndq2WDQgaeMyFht5oGg=
0,-9,jOA49D21KwxuCBNUh1X9Mo/7TSs=,aLosmUGlndq2WDQgaeMyFht5oGg=
0,-8,jOA49D21KwxuCBNUh1X9Mo/7TSs=,rPIEiO5Shuq+RPh6keDN/TVAKN0=
0,-12,jOA49D21KwxuCBNUh1X9Mo/7TSs=,aLosmUGlndq2WDQgaeMyFht5oGg=
2,-9,jOA49D21KwxuCBNUh1X9Mo/7TSs=,aLosmUGlndq2WDQgaeMyFht5oGg=
1,-9,jOA49D21KwxuCBNUh1X9Mo/7TSs=,aLosmUGlndq2WDQgaeMyFht5oGg=
1,-6,jOA49D21KwxuCBNUh1X9Mo/7TSs=,rPIEiO5Shuq+RPh6keDN/TVAKN0=
0,-6,jOA49D21KwxuCBNUh1X9Mo/7TSs=,rPIEiO5Shuq+RPh6keDN/TVAKN0=
14,-2,jOA49D21KwxuCBNUh1X9Mo/7TSs=,t1tZc9wv06GnrtMAFHdrMMXUO64=
13,-2,jOA49D21KwxuCBNUh1X9Mo/7TSs=,t1tZc9wv06GnrtMAFHdrMMXUO64=
15,-2,jOA49D21KwxuCBNUh1X9Mo/7TSs=,t1tZc9wv06GnrtMAFHdrMMXUO64=
15,-3,jOA49D21KwxuCBNUh1X9Mo/7TSs=,t1tZc9wv06GnrtMAFHdrMMXUO64=
13,-3,jOA49D21KwxuCBNUh1X9Mo/7TSs=,t1tZc9wv06GnrtMAFHdrMMXUO64=
14,-3,jOA49D21KwxuCBNUh1X9Mo/7TSs=,t1tZc9wv06GnrtMAFHdrMMXUO64=
14,-1,jOA49D21KwxuCBNUh1X9Mo/7TSs=,t1tZc9wv06GnrtMAFHdrMMXUO64=
15,-1,jOA49D21KwxuCBNUh1X9Mo/7TSs=,t1tZc9wv06GnrtMAFHdrMMXUO64=
13,-1,jOA49D21KwxuCBNUh1X9Mo/7TSs=,t1tZc9wv06GnrtMAFHdrMMXUO64=
