50,-3,7gAGnceEUT5DLoO3vKLA08iJsLM=,xFq0PKcd2NM/bGLyQisV3DSaauQ=
51,-3,7gAGnceEUT5DLoO3vKLA08iJsLM=,xFq0PKcd2NM/bGLyQisV3DSaauQ=
49,-2,7gAGnceEUT5DLoO3vKLA08iJsLM=,xFq0PKcd2NM/bGLyQisV3DSaauQ=
48,-2,7gAGnceEUT5DLoO3vKLA08iJsLM=,xFq0PKcd2NM/bGLyQisV3DSaauQ=
51,-1,7gAGnceEUT5DLoO3vKLA08iJsLM=,xFq0PKcd2NM/bGLyQisV3DSaauQ=
50,-1,7gAGnceEUT5DLoO3vKLA08iJsLM=,xFq0PKcd2NM/bGLyQisV3DSaauQ=
49,-1,7gAGnceEUT5DLoO3vKLA08iJsLM=,xFq0PKcd2NM/bGLyQisV3DSaauQ=
49,-3,7gAGnceEUT5DLoO3vKLA08iJsLM=,xFq0PKcd2NM/bGLyQisV3DSaauQ=
48,-1,7gAGnceEUT5DLoO3vKLA08iJsLM=,xFq0PKcd2NM/bGLyQisV3DSaauQ=
51,-2,7gAGnceEUT5DLoO3vKLA08iJsLM=,xFq0PKcd2NM/bGLyQisV3DSaauQ=
51,-7,7gAGnceEUT5DLoO3vKLA08iJsLM=,qW+jdpjtFiiyr71OMmWov/kKknA=
50,-2,7gAGnceEUT5DLoO3vKLA08iJsLM=,xFq0PKcd2NM/bGLyQisV3DSaauQ=
51,-6,7gAGnceEUT5DLoO3vKLA08iJsLM=,qW+jdpjtFiiyr71OMmWov/kKknA=
49,-7,7gAGnceEUT5DLoO3vKLA08iJsLM=,qW+jdpjtFiiyr71OMmWov/kKknA=
50,-8,7gAGnceEUT5DLoO3vKLA08iJsLM=,qW+jdpjtFiiyr71OMmWov/kKknA=
51,-8,7gAGnceEUT5DLoO3vKLA08iJsLM=,qW+jdpjtFiiyr71OMmWov/kKknA=
48,-8,7gAGnceEUT5DLoO3vKLA08iJsLM=,qW+jdpjtFiiyr71OMmWov/kKknA=
50,-6,7gAGnceEUT5DLoO3vKLA08iJsLM=,qW+jdpjtFiiyr71OMmWov/kKknA=
50,-7,7gAGnceEUT5DLoO3vKLA08iJsLM=,qW+jdpjtFiiyr71OMmWov/kKknA=
49,-8,7gAGnceEUT5DLoO3vKLA08iJsLM=,qW+jdpjtFiiyr71OMmWov/kKknA=
50,-4,7gAGnceEUT5DLoO3vKLA08iJsLM=,xFq0PKcd2NM/bGLyQisV3DSaauQ=
51,-5,7gAGnceEUT5DLoO3vKLA08iJsLM=,qW+jdpjtFiiyr71OMmWov/kKknA=
50,-5,7gAGnceEUT5DLoO3vKLA08iJsLM=,qW+jdpjtFiiyr71OMmWov/kKknA=
48,-3,7gAGnceEUT5DLoO3vKLA08iJsLM=,xFq0PKcd2NM/bGLyQisV3DSaauQ=
51,-4,7gAGnceEUT5DLoO3vKLA08iJsLM=,xFq0PKcd2NM/bGLyQisV3DSaauQ=
49,-6,7gAGnceEUT5DLoO3vKLA08iJsLM=,qW+jdpjtFiiyr71OMmWov/kKknA=
49,-5,7gAGnceEUT5DLoO3vKLA08iJsLM=,qW+jdpjtFiiyr71OMmWov/kKknA=
48,-6,7gAGnceEUT5DLoO3vKLA08iJsLM=,qW+jdpjtFiiyr71OMmWov/kKknA=
48,-4,7gAGnceEUT5DLoO3vKLA08iJsLM=,xFq0PKcd2NM/bGLyQisV3DSaauQ=
49,-4,7gAGnceEUT5DLoO3vKLA08iJsLM=,xFq0PKcd2NM/bGLyQisV3DSaauQ=
48,-5,7gAGnceEUT5DLoO3vKLA08iJsLM=,qW+jdpjtFiiyr71OMmWov/kKknA=
48,-7,7gAGnceEUT5DLoO3vKLA08iJsLM=,qW+jdpjtFiiyr71OMmWov/kKknA=
42,-7,yrBy8s1668R/3FQzsR1lur0hBew=,EpbciS2RGAyADBVfgOdbPmybklU=
41,-7,yrBy8s1668R/3FQzsR1lur0hBew=,EpbciS2RGAyADBVfgOdbPmybklU=
41,-6,yrBy8s1668R/3FQzsR1lur0hBew=,EpbciS2RGAyADBVfgOdbPmybklU=
42,-6,yrBy8s1668R/3FQzsR1lur0hBew=,EpbciS2RGAyADBVfgOdbPmybklU=
46,-3,yrBy8s1668R/3FQzsR1lur0hBew=,FCBTEROi7AhwTwr7XobMbefuxaY=
45,-2,yrBy8s1668R/3FQzsR1lur0hBew=,FCBTEROi7AhwTwr7XobMbefuxaY=
46,-2,yrBy8s1668R/3FQzsR1lur0hBew=,FCBTEROi7AhwTwr7XobMbefuxaY=
44,-7,yrBy8s1668R/3FQzsR1lur0hBew=,A605jc0LcRQZhCUJ+UfJ0KiEg7Q=
45,-3,yrBy8s1668R/3FQzsR1lur0hBew=,FCBTEROi7AhwTwr7XobMbefuxaY=
46,-4,yrBy8s1668R/3FQzsR1lur0hBew=,FCBTEROi7AhwTwr7XobMbefuxaY=
46,-7,yrBy8s1668R/3FQzsR1lur0hBew=,A605jc0LcRQZhCUJ+UfJ0KiEg7Q=
45,-6,yrBy8s1668R/3FQzsR1lur0hBew=,A605jc0LcRQZhCUJ+UfJ0KiEg7Q=
46,-5,yrBy8s1668R/3FQzsR1lur0hBew=,A605jc0LcRQZhCUJ+UfJ0KiEg7Q=
45,-7,yrBy8s1668R/3FQzsR1lur0hBew=,A605jc0LcRQZhCUJ+UfJ0KiEg7Q=
45,-4,yrBy8s1668R/3FQzsR1lur0hBew=,FCBTEROi7AhwTwr7XobMbefuxaY=
46,-6,yrBy8s1668R/3FQzsR1lur0hBew=,A605jc0LcRQZhCUJ+UfJ0KiEg7Q=
43,-7,yrBy8s1668R/3FQzsR1lur0hBew=,EpbciS2RGAyADBVfgOdbPmybklU=
45,-5,yrBy8s1668R/3FQzsR1lur0hBew=,A605jc0LcRQZhCUJ+UfJ0KiEg7Q=
43,-6,yrBy8s1668R/3FQzsR1lur0hBew=,EpbciS2RGAyADBVfgOdbPmybklU=
44,-6,yrBy8s1668R/3FQzsR1lur0hBew=,A605jc0LcRQZhCUJ+UfJ0KiEg7Q=
44,-5,yrBy8s1668R/3FQzsR1lur0hBew=,A605jc0LcRQZhCUJ+UfJ0KiEg7Q=
42,-4,yrBy8s1668R/3FQzsR1lur0hBew=,hAiQqODN0rSKi2vm//YvEHt1Bl0=
43,-2,yrBy8s1668R/3FQzsR1lur0hBew=,hAiQqODN0rSKi2vm//YvEHt1Bl0=
44,-3,yrBy8s1668R/3FQzsR1lur0hBew=,FCBTEROi7AhwTwr7XobMbefuxaY=
41,-2,yrBy8s1668R/3FQzsR1lur0hBew=,hAiQqODN0rSKi2vm//YvEHt1Bl0=
43,-5,yrBy8s1668R/3FQzsR1lur0hBew=,EpbciS2RGAyADBVfgOdbPmybklU=
42,-2,yrBy8s1668R/3FQzsR1lur0hBew=,hAiQqODN0rSKi2vm//YvEHt1Bl0=
44,-2,yrBy8s1668R/3FQzsR1lur0hBew=,FCBTEROi7AhwTwr7XobMbefuxaY=
41,-3,yrBy8s1668R/3FQzsR1lur0hBew=,hAiQqODN0rSKi2vm//YvEHt1Bl0=
41,-4,yrBy8s1668R/3FQzsR1lur0hBew=,hAiQqODN0rSKi2vm//YvEHt1Bl0=
43,-4,yrBy8s1668R/3FQzsR1lur0hBew=,hAiQqODN0rSKi2vm//YvEHt1Bl0=
41,-5,yrBy8s1668R/3FQzsR1lur0hBew=,EpbciS2RGAyADBVfgOdbPmybklU=
42,-3,yrBy8s1668R/3FQzsR1lur0hBew=,hAiQqODN0rSKi2vm//YvEHt1Bl0=
43,-3,yrBy8s1668R/3FQzsR1lur0hBew=,hAiQqODN0rSKi2vm//YvEHt1Bl0=
44,-4,yrBy8s1668R/3FQzsR1lur0hBew=,FCBTEROi7AhwTwr7XobMbefuxaY=
42,-5,yrBy8s1668R/3FQzsR1lur0hBew=,EpbciS2RGAyADBVfgOdbPmybklU=
40,-3,yrBy8s1668R/3FQzsR1lur0hBew=,hAiQqODN0rSKi2vm//YvEHt1Bl0=
40,-2,yrBy8s1668R/3FQzsR1lur0hBew=,hAiQqODN0rSKi2vm//YvEHt1Bl0=
41,-8,yrBy8s1668R/3FQzsR1lur0hBew=,EpbciS2RGAyADBVfgOdbPmybklU=
42,-8,yrBy8s1668R/3FQzsR1lur0hBew=,EpbciS2RGAyADBVfgOdbPmybklU=
43,-8,yrBy8s1668R/3FQzsR1lur0hBew=,EpbciS2RGAyADBVfgOdbPmybklU=
46,-8,yrBy8s1668R/3FQzsR1lur0hBew=,A605jc0LcRQZhCUJ+UfJ0KiEg7Q=
45,-8,yrBy8s1668R/3FQzsR1lur0hBew=,A605jc0LcRQZhCUJ+UfJ0KiEg7Q=
44,-8,yrBy8s1668R/3FQzsR1lur0hBew=,A605jc0LcRQZhCUJ+UfJ0KiEg7Q=
33,-1,yrBy8s1668R/3FQzsR1lur0hBew=,gXsOX1l7jMzZJURAS8iuKQrZlUw=
32,-1,yrBy8s1668R/3FQzsR1lur0hBew=,gXsOX1l7jMzZJURAS8iuKQrZlUw=
34,-1,yrBy8s1668R/3FQzsR1lur0hBew=,gXsOX1l7jMzZJURAS8iuKQrZlUw=
35,-1,yrBy8s1668R/3FQzsR1lur0hBew=,gXsOX1l7jMzZJURAS8iuKQrZlUw=
32,-3,yrBy8s1668R/3FQzsR1lur0hBew=,gXsOX1l7jMzZJURAS8iuKQrZlUw=
37,-5,yrBy8s1668R/3FQzsR1lur0hBew=,UMl/t5s1gGCa0VI+Qt/V1RC+ob0=
33,-3,yrBy8s1668R/3FQzsR1lur0hBew=,gXsOX1l7jMzZJURAS8iuKQrZlUw=
40,-8,yrBy8s1668R/3FQzsR1lur0hBew=,EpbciS2RGAyADBVfgOdbPmybklU=
37,-7,yrBy8s1668R/3FQzsR1lur0hBew=,UMl/t5s1gGCa0VI+Qt/V1RC+ob0=
33,-2,yrBy8s1668R/3FQzsR1lur0hBew=,gXsOX1l7jMzZJURAS8iuKQrZlUw=
32,-2,yrBy8s1668R/3FQzsR1lur0hBew=,gXsOX1l7jMzZJURAS8iuKQrZlUw=
39,-6,yrBy8s1668R/3FQzsR1lur0hBew=,UMl/t5s1gGCa0VI+Qt/V1RC+ob0=
34,-3,yrBy8s1668R/3FQzsR1lur0hBew=,gXsOX1l7jMzZJURAS8iuKQrZlUw=
38,-6,yrBy8s1668R/3FQzsR1lur0hBew=,UMl/t5s1gGCa0VI+Qt/V1RC+ob0=
39,-8,yrBy8s1668R/3FQzsR1lur0hBew=,UMl/t5s1gGCa0VI+Qt/V1RC+ob0=
37,-6,yrBy8s1668R/3FQzsR1lur0hBew=,UMl/t5s1gGCa0VI+Qt/V1RC+ob0=
40,-4,yrBy8s1668R/3FQzsR1lur0hBew=,hAiQqODN0rSKi2vm//YvEHt1Bl0=
38,-5,yrBy8s1668R/3FQzsR1lur0hBew=,UMl/t5s1gGCa0VI+Qt/V1RC+ob0=
38,-7,yrBy8s1668R/3FQzsR1lur0hBew=,UMl/t5s1gGCa0VI+Qt/V1RC+ob0=
39,-5,yrBy8s1668R/3FQzsR1lur0hBew=,UMl/t5s1gGCa0VI+Qt/V1RC+ob0=
35,-3,yrBy8s1668R/3FQzsR1lur0hBew=,gXsOX1l7jMzZJURAS8iuKQrZlUw=
39,-7,yrBy8s1668R/3FQzsR1lur0hBew=,UMl/t5s1gGCa0VI+Qt/V1RC+ob0=
40,-7,yrBy8s1668R/3FQzsR1lur0hBew=,EpbciS2RGAyADBVfgOdbPmybklU=
35,-2,yrBy8s1668R/3FQzsR1lur0hBew=,gXsOX1l7jMzZJURAS8iuKQrZlUw=
34,-2,yrBy8s1668R/3FQzsR1lur0hBew=,gXsOX1l7jMzZJURAS8iuKQrZlUw=
40,-6,yrBy8s1668R/3FQzsR1lur0hBew=,EpbciS2RGAyADBVfgOdbPmybklU=
40,-5,yrBy8s1668R/3FQzsR1lur0hBew=,EpbciS2RGAyADBVfgOdbPmybklU=
37,-8,yrBy8s1668R/3FQzsR1lur0hBew=,UMl/t5s1gGCa0VI+Qt/V1RC+ob0=
38,-8,yrBy8s1668R/3FQzsR1lur0hBew=,UMl/t5s1gGCa0VI+Qt/V1RC+ob0=
35,-8,yrBy8s1668R/3FQzsR1lur0hBew=,2AMtP+Prc0dMPaLW6nimnXbeCXs=
36,-6,yrBy8s1668R/3FQzsR1lur0hBew=,UMl/t5s1gGCa0VI+Qt/V1RC+ob0=
36,-7,yrBy8s1668R/3FQzsR1lur0hBew=,UMl/t5s1gGCa0VI+Qt/V1RC+ob0=
34,-8,yrBy8s1668R/3FQzsR1lur0hBew=,2AMtP+Prc0dMPaLW6nimnXbeCXs=
36,-8,yrBy8s1668R/3FQzsR1lur0hBew=,UMl/t5s1gGCa0VI+Qt/V1RC+ob0=
34,-4,yrBy8s1668R/3FQzsR1lur0hBew=,gXsOX1l7jMzZJURAS8iuKQrZlUw=
35,-6,yrBy8s1668R/3FQzsR1lur0hBew=,2AMtP+Prc0dMPaLW6nimnXbeCXs=
34,-5,yrBy8s1668R/3FQzsR1lur0hBew=,2AMtP+Prc0dMPaLW6nimnXbeCXs=
34,-6,yrBy8s1668R/3FQzsR1lur0hBew=,2AMtP+Prc0dMPaLW6nimnXbeCXs=
36,-5,yrBy8s1668R/3FQzsR1lur0hBew=,UMl/t5s1gGCa0VI+Qt/V1RC+ob0=
35,-4,yrBy8s1668R/3FQzsR1lur0hBew=,gXsOX1l7jMzZJURAS8iuKQrZlUw=
35,-5,yrBy8s1668R/3FQzsR1lur0hBew=,2AMtP+Prc0dMPaLW6nimnXbeCXs=
33,-6,yrBy8s1668R/3FQzsR1lur0hBew=,2AMtP+Prc0dMPaLW6nimnXbeCXs=
32,-6,yrBy8s1668R/3FQzsR1lur0hBew=,2AMtP+Prc0dMPaLW6nimnXbeCXs=
32,-4,yrBy8s1668R/3FQzsR1lur0hBew=,gXsOX1l7jMzZJURAS8iuKQrZlUw=
35,-7,yrBy8s1668R/3FQzsR1lur0hBew=,2AMtP+Prc0dMPaLW6nimnXbeCXs=
34,-7,yrBy8s1668R/3FQzsR1lur0hBew=,2AMtP+Prc0dMPaLW6nimnXbeCXs=
33,-8,yrBy8s1668R/3FQzsR1lur0hBew=,2AMtP+Prc0dMPaLW6nimnXbeCXs=
33,-4,yrBy8s1668R/3FQzsR1lur0hBew=,gXsOX1l7jMzZJURAS8iuKQrZlUw=
33,-5,yrBy8s1668R/3FQzsR1lur0hBew=,2AMtP+Prc0dMPaLW6nimnXbeCXs=
33,-7,yrBy8s1668R/3FQzsR1lur0hBew=,2AMtP+Prc0dMPaLW6nimnXbeCXs=
32,-7,yrBy8s1668R/3FQzsR1lur0hBew=,2AMtP+Prc0dMPaLW6nimnXbeCXs=
32,-8,yrBy8s1668R/3FQzsR1lur0hBew=,2AMtP+Prc0dMPaLW6nimnXbeCXs=
32,-5,yrBy8s1668R/3FQzsR1lur0hBew=,2AMtP+Prc0dMPaLW6nimnXbeCXs=
47,-6,yrBy8s1668R/3FQzsR1lur0hBew=,A605jc0LcRQZhCUJ+UfJ0KiEg7Q=
47,-7,yrBy8s1668R/3FQzsR1lur0hBew=,A605jc0LcRQZhCUJ+UfJ0KiEg7Q=
47,-2,yrBy8s1668R/3FQzsR1lur0hBew=,FCBTEROi7AhwTwr7XobMbefuxaY=
47,-5,yrBy8s1668R/3FQzsR1lur0hBew=,A605jc0LcRQZhCUJ+UfJ0KiEg7Q=
47,-3,yrBy8s1668R/3FQzsR1lur0hBew=,FCBTEROi7AhwTwr7XobMbefuxaY=
47,-4,yrBy8s1668R/3FQzsR1lur0hBew=,FCBTEROi7AhwTwr7XobMbefuxaY=
47,-8,yrBy8s1668R/3FQzsR1lur0hBew=,A605jc0LcRQZhCUJ+UfJ0KiEg7Q=
46,-1,yrBy8s1668R/3FQzsR1lur0hBew=,FCBTEROi7AhwTwr7XobMbefuxaY=
47,-1,yrBy8s1668R/3FQzsR1lur0hBew=,FCBTEROi7AhwTwr7XobMbefuxaY=
44,-1,yrBy8s1668R/3FQzsR1lur0hBew=,FCBTEROi7AhwTwr7XobMbefuxaY=
45,-1,yrBy8s1668R/3FQzsR1lur0hBew=,FCBTEROi7AhwTwr7XobMbefuxaY=
43,-1,yrBy8s1668R/3FQzsR1lur0hBew=,hAiQqODN0rSKi2vm//YvEHt1Bl0=
41,-1,yrBy8s1668R/3FQzsR1lur0hBew=,hAiQqODN0rSKi2vm//YvEHt1Bl0=
40,-1,yrBy8s1668R/3FQzsR1lur0hBew=,hAiQqODN0rSKi2vm//YvEHt1Bl0=
42,-1,yrBy8s1668R/3FQzsR1lur0hBew=,hAiQqODN0rSKi2vm//YvEHt1Bl0=
