4,76,g+dbYZzOpph9kxE9a1SM/vukqew=,WOUXa5iokp7BXkBa4d6MvGZiLyg=
3,75,g+dbYZzOpph9kxE9a1SM/vukqew=,WOUXa5iokp7BXkBa4d6MvGZiLyg=
4,75,g+dbYZzOpph9kxE9a1SM/vukqew=,WOUXa5iokp7BXkBa4d6MvGZiLyg=
3,76,g+dbYZzOpph9kxE9a1SM/vukqew=,WOUXa5iokp7BXkBa4d6MvGZiLyg=
12,67,g+dbYZzOpph9kxE9a1SM/vukqew=,Oi/5/RRt5zincOx8PhdZ7KH0F2g=
11,67,g+dbYZzOpph9kxE9a1SM/vukqew=,Oi/5/RRt5zincOx8PhdZ7KH0F2g=
12,68,g+dbYZzOpph9kxE9a1SM/vukqew=,Oi/5/RRt5zincOx8PhdZ7KH0F2g=
11,68,g+dbYZzOpph9kxE9a1SM/vukqew=,Oi/5/RRt5zincOx8PhdZ7KH0F2g=
10,67,QtVJckJO/ZFrD2VaHwDoYjN/ckk=,Oi/5/RRt5zincOx8PhdZ7KH0F2g=
9,67,QtVJckJO/ZFrD2VaHwDoYjN/ckk=,Oi/5/RRt5zincOx8PhdZ7KH0F2g=
8,67,QtVJckJO/ZFrD2VaHwDoYjN/ckk=,Oi/5/RRt5zincOx8PhdZ7KH0F2g=
3,71,QtVJckJO/ZFrD2VaHwDoYjN/ckk=,myVgjSgHeUW3S+l4kh5DcluJIwY=
3,68,QtVJckJO/ZFrD2VaHwDoYjN/ckk=,myVgjSgHeUW3S+l4kh5DcluJIwY=
6,67,QtVJckJO/ZFrD2VaHwDoYjN/ckk=,myVgjSgHeUW3S+l4kh5DcluJIwY=
7,67,QtVJckJO/ZFrD2VaHwDoYjN/ckk=,myVgjSgHeUW3S+l4kh5DcluJIwY=
3,67,QtVJckJO/ZFrD2VaHwDoYjN/ckk=,myVgjSgHeUW3S+l4kh5DcluJIwY=
3,70,QtVJckJO/ZFrD2VaHwDoYjN/ckk=,myVgjSgHeUW3S+l4kh5DcluJIwY=
3,72,QtVJckJO/ZFrD2VaHwDoYjN/ckk=,WOUXa5iokp7BXkBa4d6MvGZiLyg=
4,71,QtVJckJO/ZFrD2VaHwDoYjN/ckk=,myVgjSgHeUW3S+l4kh5DcluJIwY=
4,67,QtVJckJO/ZFrD2VaHwDoYjN/ckk=,myVgjSgHeUW3S+l4kh5DcluJIwY=
10,68,QtVJckJO/ZFrD2VaHwDoYjN/ckk=,Oi/5/RRt5zincOx8PhdZ7KH0F2g=
6,68,QtVJckJO/ZFrD2VaHwDoYjN/ckk=,myVgjSgHeUW3S+l4kh5DcluJIwY=
9,68,QtVJckJO/ZFrD2VaHwDoYjN/ckk=,Oi/5/RRt5zincOx8PhdZ7KH0F2g=
5,67,QtVJckJO/ZFrD2VaHwDoYjN/ckk=,myVgjSgHeUW3S+l4kh5DcluJIwY=
4,69,QtVJckJO/ZFrD2VaHwDoYjN/ckk=,myVgjSgHeUW3S+l4kh5DcluJIwY=
3,69,QtVJckJO/ZFrD2VaHwDoYjN/ckk=,myVgjSgHeUW3S+l4kh5DcluJIwY=
4,70,QtVJckJO/ZFrD2VaHwDoYjN/ckk=,myVgjSgHeUW3S+l4kh5DcluJIwY=
8,68,QtVJckJO/ZFrD2VaHwDoYjN/ckk=,Oi/5/RRt5zincOx8PhdZ7KH0F2g=
7,68,QtVJckJO/ZFrD2VaHwDoYjN/ckk=,myVgjSgHeUW3S+l4kh5DcluJIwY=
5,68,QtVJckJO/ZFrD2VaHwDoYjN/ckk=,myVgjSgHeUW3S+l4kh5DcluJIwY=
4,68,QtVJckJO/ZFrD2VaHwDoYjN/ckk=,myVgjSgHeUW3S+l4kh5DcluJIwY=
3,73,QtVJckJO/ZFrD2VaHwDoYjN/ckk=,WOUXa5iokp7BXkBa4d6MvGZiLyg=
4,74,QtVJckJO/ZFrD2VaHwDoYjN/ckk=,WOUXa5iokp7BXkBa4d6MvGZiLyg=
4,73,QtVJckJO/ZFrD2VaHwDoYjN/ckk=,WOUXa5iokp7BXkBa4d6MvGZiLyg=
3,74,QtVJckJO/ZFrD2VaHwDoYjN/ckk=,WOUXa5iokp7BXkBa4d6MvGZiLyg=
4,72,QtVJckJO/ZFrD2VaHwDoYjN/ckk=,WOUXa5iokp7BXkBa4d6MvGZiLyg=
11,71,QtVJckJO/ZFrD2VaHwDoYjN/ckk=,Oi/5/RRt5zincOx8PhdZ7KH0F2g=
11,69,QtVJckJO/ZFrD2VaHwDoYjN/ckk=,Oi/5/RRt5zincOx8PhdZ7KH0F2g=
10,71,QtVJckJO/ZFrD2VaHwDoYjN/ckk=,Oi/5/RRt5zincOx8PhdZ7KH0F2g=
10,69,QtVJckJO/ZFrD2VaHwDoYjN/ckk=,Oi/5/RRt5zincOx8PhdZ7KH0F2g=
12,69,QtVJckJO/ZFrD2VaHwDoYjN/ckk=,Oi/5/RRt5zincOx8PhdZ7KH0F2g=
9,71,QtVJckJO/ZFrD2VaHwDoYjN/ckk=,Oi/5/RRt5zincOx8PhdZ7KH0F2g=
9,69,QtVJckJO/ZFrD2VaHwDoYjN/ckk=,Oi/5/RRt5zincOx8PhdZ7KH0F2g=
8,71,QtVJckJO/ZFrD2VaHwDoYjN/ckk=,Oi/5/RRt5zincOx8PhdZ7KH0F2g=
7,70,QtVJckJO/ZFrD2VaHwDoYjN/ckk=,myVgjSgHeUW3S+l4kh5DcluJIwY=
11,75,QtVJckJO/ZFrD2VaHwDoYjN/ckk=,Dlqvgn0b9q+xwS7vs+VZ05K2W58=
11,74,QtVJckJO/ZFrD2VaHwDoYjN/ckk=,Dlqvgn0b9q+xwS7vs+VZ05K2W58=
9,74,QtVJckJO/ZFrD2VaHwDoYjN/ckk=,Dlqvgn0b9q+xwS7vs+VZ05K2W58=
8,74,QtVJckJO/ZFrD2VaHwDoYjN/ckk=,Dlqvgn0b9q+xwS7vs+VZ05K2W58=
10,74,QtVJckJO/ZFrD2VaHwDoYjN/ckk=,Dlqvgn0b9q+xwS7vs+VZ05K2W58=
8,69,QtVJckJO/ZFrD2VaHwDoYjN/ckk=,Oi/5/RRt5zincOx8PhdZ7KH0F2g=
5,73,QtVJckJO/ZFrD2VaHwDoYjN/ckk=,WOUXa5iokp7BXkBa4d6MvGZiLyg=
6,76,QtVJckJO/ZFrD2VaHwDoYjN/ckk=,WOUXa5iokp7BXkBa4d6MvGZiLyg=
7,73,QtVJckJO/ZFrD2VaHwDoYjN/ckk=,WOUXa5iokp7BXkBa4d6MvGZiLyg=
5,76,QtVJckJO/ZFrD2VaHwDoYjN/ckk=,WOUXa5iokp7BXkBa4d6MvGZiLyg=
5,74,QtVJckJO/ZFrD2VaHwDoYjN/ckk=,WOUXa5iokp7BXkBa4d6MvGZiLyg=
9,75,QtVJckJO/ZFrD2VaHwDoYjN/ckk=,Dlqvgn0b9q+xwS7vs+VZ05K2W58=
5,75,QtVJckJO/ZFrD2VaHwDoYjN/ckk=,WOUXa5iokp7BXkBa4d6MvGZiLyg=
10,75,QtVJckJO/ZFrD2VaHwDoYjN/ckk=,Dlqvgn0b9q+xwS7vs+VZ05K2W58=
8,75,QtVJckJO/ZFrD2VaHwDoYjN/ckk=,Dlqvgn0b9q+xwS7vs+VZ05K2W58=
6,70,QtVJckJO/ZFrD2VaHwDoYjN/ckk=,myVgjSgHeUW3S+l4kh5DcluJIwY=
5,69,QtVJckJO/ZFrD2VaHwDoYjN/ckk=,myVgjSgHeUW3S+l4kh5DcluJIwY=
6,73,QtVJckJO/ZFrD2VaHwDoYjN/ckk=,WOUXa5iokp7BXkBa4d6MvGZiLyg=
12,74,QtVJckJO/ZFrD2VaHwDoYjN/ckk=,Dlqvgn0b9q+xwS7vs+VZ05K2W58=
5,70,QtVJckJO/ZFrD2VaHwDoYjN/ckk=,myVgjSgHeUW3S+l4kh5DcluJIwY=
11,73,QtVJckJO/ZFrD2VaHwDoYjN/ckk=,Dlqvgn0b9q+xwS7vs+VZ05K2W58=
6,75,QtVJckJO/ZFrD2VaHwDoYjN/ckk=,WOUXa5iokp7BXkBa4d6MvGZiLyg=
11,70,QtVJckJO/ZFrD2VaHwDoYjN/ckk=,Oi/5/RRt5zincOx8PhdZ7KH0F2g=
12,73,QtVJckJO/ZFrD2VaHwDoYjN/ckk=,Dlqvgn0b9q+xwS7vs+VZ05K2W58=
7,72,QtVJckJO/ZFrD2VaHwDoYjN/ckk=,WOUXa5iokp7BXkBa4d6MvGZiLyg=
6,69,QtVJckJO/ZFrD2VaHwDoYjN/ckk=,myVgjSgHeUW3S+l4kh5DcluJIwY=
10,73,QtVJckJO/ZFrD2VaHwDoYjN/ckk=,Dlqvgn0b9q+xwS7vs+VZ05K2W58=
7,69,QtVJckJO/ZFrD2VaHwDoYjN/ckk=,myVgjSgHeUW3S+l4kh5DcluJIwY=
12,76,QtVJckJO/ZFrD2VaHwDoYjN/ckk=,Dlqvgn0b9q+xwS7vs+VZ05K2W58=
9,73,QtVJckJO/ZFrD2VaHwDoYjN/ckk=,Dlqvgn0b9q+xwS7vs+VZ05K2W58=
7,74,QtVJckJO/ZFrD2VaHwDoYjN/ckk=,WOUXa5iokp7BXkBa4d6MvGZiLyg=
8,73,QtVJckJO/ZFrD2VaHwDoYjN/ckk=,Dlqvgn0b9q+xwS7vs+VZ05K2W58=
10,70,QtVJckJO/ZFrD2VaHwDoYjN/ckk=,Oi/5/RRt5zincOx8PhdZ7KH0F2g=
7,76,QtVJckJO/ZFrD2VaHwDoYjN/ckk=,WOUXa5iokp7BXkBa4d6MvGZiLyg=
9,70,QtVJckJO/ZFrD2VaHwDoYjN/ckk=,Oi/5/RRt5zincOx8PhdZ7KH0F2g=
15,76,QtVJckJO/ZFrD2VaHwDoYjN/ckk=,Dlqvgn0b9q+xwS7vs+VZ05K2W58=
8,70,QtVJckJO/ZFrD2VaHwDoYjN/ckk=,Oi/5/RRt5zincOx8PhdZ7KH0F2g=
12,72,QtVJckJO/ZFrD2VaHwDoYjN/ckk=,Dlqvgn0b9q+xwS7vs+VZ05K2W58=
11,72,QtVJckJO/ZFrD2VaHwDoYjN/ckk=,Dlqvgn0b9q+xwS7vs+VZ05K2W58=
6,72,QtVJckJO/ZFrD2VaHwDoYjN/ckk=,WOUXa5iokp7BXkBa4d6MvGZiLyg=
10,72,QtVJckJO/ZFrD2VaHwDoYjN/ckk=,Dlqvgn0b9q+xwS7vs+VZ05K2W58=
7,71,QtVJckJO/ZFrD2VaHwDoYjN/ckk=,myVgjSgHeUW3S+l4kh5DcluJIwY=
12,70,QtVJckJO/ZFrD2VaHwDoYjN/ckk=,Oi/5/RRt5zincOx8PhdZ7KH0F2g=
15,75,QtVJckJO/ZFrD2VaHwDoYjN/ckk=,Dlqvgn0b9q+xwS7vs+VZ05K2W58=
9,72,QtVJckJO/ZFrD2VaHwDoYjN/ckk=,Dlqvgn0b9q+xwS7vs+VZ05K2W58=
6,74,QtVJckJO/ZFrD2VaHwDoYjN/ckk=,WOUXa5iokp7BXkBa4d6MvGZiLyg=
13,76,QtVJckJO/ZFrD2VaHwDoYjN/ckk=,Dlqvgn0b9q+xwS7vs+VZ05K2W58=
7,75,QtVJckJO/ZFrD2VaHwDoYjN/ckk=,WOUXa5iokp7BXkBa4d6MvGZiLyg=
9,76,QtVJckJO/ZFrD2VaHwDoYjN/ckk=,Dlqvgn0b9q+xwS7vs+VZ05K2W58=
8,72,QtVJckJO/ZFrD2VaHwDoYjN/ckk=,Dlqvgn0b9q+xwS7vs+VZ05K2W58=
14,76,QtVJckJO/ZFrD2VaHwDoYjN/ckk=,Dlqvgn0b9q+xwS7vs+VZ05K2W58=
5,72,QtVJckJO/ZFrD2VaHwDoYjN/ckk=,WOUXa5iokp7BXkBa4d6MvGZiLyg=
12,71,QtVJckJO/ZFrD2VaHwDoYjN/ckk=,Oi/5/RRt5zincOx8PhdZ7KH0F2g=
11,76,QtVJckJO/ZFrD2VaHwDoYjN/ckk=,Dlqvgn0b9q+xwS7vs+VZ05K2W58=
8,76,QtVJckJO/ZFrD2VaHwDoYjN/ckk=,Dlqvgn0b9q+xwS7vs+VZ05K2W58=
14,75,QtVJckJO/ZFrD2VaHwDoYjN/ckk=,Dlqvgn0b9q+xwS7vs+VZ05K2W58=
10,76,QtVJckJO/ZFrD2VaHwDoYjN/ckk=,Dlqvgn0b9q+xwS7vs+VZ05K2W58=
6,71,QtVJckJO/ZFrD2VaHwDoYjN/ckk=,myVgjSgHeUW3S+l4kh5DcluJIwY=
12,75,QtVJckJO/ZFrD2VaHwDoYjN/ckk=,Dlqvgn0b9q+xwS7vs+VZ05K2W58=
5,71,QtVJckJO/ZFrD2VaHwDoYjN/ckk=,myVgjSgHeUW3S+l4kh5DcluJIwY=
13,75,QtVJckJO/ZFrD2VaHwDoYjN/ckk=,Dlqvgn0b9q+xwS7vs+VZ05K2W58=
15,73,QtVJckJO/ZFrD2VaHwDoYjN/ckk=,Dlqvgn0b9q+xwS7vs+VZ05K2W58=
14,70,QtVJckJO/ZFrD2VaHwDoYjN/ckk=,Oi/5/RRt5zincOx8PhdZ7KH0F2g=
15,70,QtVJckJO/ZFrD2VaHwDoYjN/ckk=,Oi/5/RRt5zincOx8PhdZ7KH0F2g=
14,71,QtVJckJO/ZFrD2VaHwDoYjN/ckk=,Oi/5/RRt5zincOx8PhdZ7KH0F2g=
14,69,QtVJckJO/ZFrD2VaHwDoYjN/ckk=,Oi/5/RRt5zincOx8PhdZ7KH0F2g=
15,69,QtVJckJO/ZFrD2VaHwDoYjN/ckk=,Oi/5/RRt5zincOx8PhdZ7KH0F2g=
13,74,QtVJckJO/ZFrD2VaHwDoYjN/ckk=,Dlqvgn0b9q+xwS7vs+VZ05K2W58=
13,69,QtVJckJO/ZFrD2VaHwDoYjN/ckk=,Oi/5/RRt5zincOx8PhdZ7KH0F2g=
13,67,QtVJckJO/ZFrD2VaHwDoYjN/ckk=,Oi/5/RRt5zincOx8PhdZ7KH0F2g=
12,79,QtVJckJO/ZFrD2VaHwDoYjN/ckk=,Dlqvgn0b9q+xwS7vs+VZ05K2W58=
15,71,QtVJckJO/ZFrD2VaHwDoYjN/ckk=,Oi/5/RRt5zincOx8PhdZ7KH0F2g=
15,74,QtVJckJO/ZFrD2VaHwDoYjN/ckk=,Dlqvgn0b9q+xwS7vs+VZ05K2W58=
13,71,QtVJckJO/ZFrD2VaHwDoYjN/ckk=,Oi/5/RRt5zincOx8PhdZ7KH0F2g=
12,77,QtVJckJO/ZFrD2VaHwDoYjN/ckk=,Dlqvgn0b9q+xwS7vs+VZ05K2W58=
12,78,QtVJckJO/ZFrD2VaHwDoYjN/ckk=,Dlqvgn0b9q+xwS7vs+VZ05K2W58=
15,68,QtVJckJO/ZFrD2VaHwDoYjN/ckk=,Oi/5/RRt5zincOx8PhdZ7KH0F2g=
14,73,QtVJckJO/ZFrD2VaHwDoYjN/ckk=,Dlqvgn0b9q+xwS7vs+VZ05K2W58=
11,77,QtVJckJO/ZFrD2VaHwDoYjN/ckk=,Dlqvgn0b9q+xwS7vs+VZ05K2W58=
13,73,QtVJckJO/ZFrD2VaHwDoYjN/ckk=,Dlqvgn0b9q+xwS7vs+VZ05K2W58=
11,79,QtVJckJO/ZFrD2VaHwDoYjN/ckk=,Dlqvgn0b9q+xwS7vs+VZ05K2W58=
15,67,QtVJckJO/ZFrD2VaHwDoYjN/ckk=,Oi/5/RRt5zincOx8PhdZ7KH0F2g=
14,74,QtVJckJO/ZFrD2VaHwDoYjN/ckk=,Dlqvgn0b9q+xwS7vs+VZ05K2W58=
13,72,QtVJckJO/ZFrD2VaHwDoYjN/ckk=,Dlqvgn0b9q+xwS7vs+VZ05K2W58=
13,68,QtVJckJO/ZFrD2VaHwDoYjN/ckk=,Oi/5/RRt5zincOx8PhdZ7KH0F2g=
14,67,QtVJckJO/ZFrD2VaHwDoYjN/ckk=,Oi/5/RRt5zincOx8PhdZ7KH0F2g=
11,78,QtVJckJO/ZFrD2VaHwDoYjN/ckk=,Dlqvgn0b9q+xwS7vs+VZ05K2W58=
13,70,QtVJckJO/ZFrD2VaHwDoYjN/ckk=,Oi/5/RRt5zincOx8PhdZ7KH0F2g=
15,72,QtVJckJO/ZFrD2VaHwDoYjN/ckk=,Dlqvgn0b9q+xwS7vs+VZ05K2W58=
14,72,QtVJckJO/ZFrD2VaHwDoYjN/ckk=,Dlqvgn0b9q+xwS7vs+VZ05K2W58=
1,67,QtVJckJO/ZFrD2VaHwDoYjN/ckk=,myVgjSgHeUW3S+l4kh5DcluJIwY=
14,68,QtVJckJO/ZFrD2VaHwDoYjN/ckk=,Oi/5/RRt5zincOx8PhdZ7KH0F2g=
1,68,QtVJckJO/ZFrD2VaHwDoYjN/ckk=,myVgjSgHeUW3S+l4kh5DcluJIwY=
2,67,QtVJckJO/ZFrD2VaHwDoYjN/ckk=,myVgjSgHeUW3S+l4kh5DcluJIwY=
0,68,QtVJckJO/ZFrD2VaHwDoYjN/ckk=,myVgjSgHeUW3S+l4kh5DcluJIwY=
0,67,QtVJckJO/ZFrD2VaHwDoYjN/ckk=,myVgjSgHeUW3S+l4kh5DcluJIwY=
2,68,QtVJckJO/ZFrD2VaHwDoYjN/ckk=,myVgjSgHeUW3S+l4kh5DcluJIwY=
6,79,QtVJckJO/ZFrD2VaHwDoYjN/ckk=,WOUXa5iokp7BXkBa4d6MvGZiLyg=
7,79,QtVJckJO/ZFrD2VaHwDoYjN/ckk=,WOUXa5iokp7BXkBa4d6MvGZiLyg=
7,78,QtVJckJO/ZFrD2VaHwDoYjN/ckk=,WOUXa5iokp7BXkBa4d6MvGZiLyg=
6,78,QtVJckJO/ZFrD2VaHwDoYjN/ckk=,WOUXa5iokp7BXkBa4d6MvGZiLyg=
6,77,QtVJckJO/ZFrD2VaHwDoYjN/ckk=,WOUXa5iokp7BXkBa4d6MvGZiLyg=
5,78,QtVJckJO/ZFrD2VaHwDoYjN/ckk=,WOUXa5iokp7BXkBa4d6MvGZiLyg=
5,77,QtVJckJO/ZFrD2VaHwDoYjN/ckk=,WOUXa5iokp7BXkBa4d6MvGZiLyg=
4,77,QtVJckJO/ZFrD2VaHwDoYjN/ckk=,WOUXa5iokp7BXkBa4d6MvGZiLyg=
7,77,QtVJckJO/ZFrD2VaHwDoYjN/ckk=,WOUXa5iokp7BXkBa4d6MvGZiLyg=
9,79,QtVJckJO/ZFrD2VaHwDoYjN/ckk=,Dlqvgn0b9q+xwS7vs+VZ05K2W58=
8,79,QtVJckJO/ZFrD2VaHwDoYjN/ckk=,Dlqvgn0b9q+xwS7vs+VZ05K2W58=
5,79,QtVJckJO/ZFrD2VaHwDoYjN/ckk=,WOUXa5iokp7BXkBa4d6MvGZiLyg=
10,79,QtVJckJO/ZFrD2VaHwDoYjN/ckk=,Dlqvgn0b9q+xwS7vs+VZ05K2W58=
9,78,QtVJckJO/ZFrD2VaHwDoYjN/ckk=,Dlqvgn0b9q+xwS7vs+VZ05K2W58=
8,78,QtVJckJO/ZFrD2VaHwDoYjN/ckk=,Dlqvgn0b9q+xwS7vs+VZ05K2W58=
10,78,QtVJckJO/ZFrD2VaHwDoYjN/ckk=,Dlqvgn0b9q+xwS7vs+VZ05K2W58=
4,78,QtVJckJO/ZFrD2VaHwDoYjN/ckk=,WOUXa5iokp7BXkBa4d6MvGZiLyg=
4,79,QtVJckJO/ZFrD2VaHwDoYjN/ckk=,WOUXa5iokp7BXkBa4d6MvGZiLyg=
9,77,QtVJckJO/ZFrD2VaHwDoYjN/ckk=,Dlqvgn0b9q+xwS7vs+VZ05K2W58=
8,77,QtVJckJO/ZFrD2VaHwDoYjN/ckk=,Dlqvgn0b9q+xwS7vs+VZ05K2W58=
10,77,QtVJckJO/ZFrD2VaHwDoYjN/ckk=,Dlqvgn0b9q+xwS7vs+VZ05K2W58=
3,77,QtVJckJO/ZFrD2VaHwDoYjN/ckk=,WOUXa5iokp7BXkBa4d6MvGZiLyg=
3,78,QtVJckJO/ZFrD2VaHwDoYjN/ckk=,WOUXa5iokp7BXkBa4d6MvGZiLyg=
3,79,QtVJckJO/ZFrD2VaHwDoYjN/ckk=,WOUXa5iokp7BXkBa4d6MvGZiLyg=
0,72,QtVJckJO/ZFrD2VaHwDoYjN/ckk=,WOUXa5iokp7BXkBa4d6MvGZiLyg=
2,71,QtVJckJO/ZFrD2VaHwDoYjN/ckk=,myVgjSgHeUW3S+l4kh5DcluJIwY=
1,71,QtVJckJO/ZFrD2VaHwDoYjN/ckk=,myVgjSgHeUW3S+l4kh5DcluJIwY=
0,71,QtVJckJO/ZFrD2VaHwDoYjN/ckk=,myVgjSgHeUW3S+l4kh5DcluJIwY=
0,74,QtVJckJO/ZFrD2VaHwDoYjN/ckk=,WOUXa5iokp7BXkBa4d6MvGZiLyg=
0,78,QtVJckJO/ZFrD2VaHwDoYjN/ckk=,WOUXa5iokp7BXkBa4d6MvGZiLyg=
0,75,QtVJckJO/ZFrD2VaHwDoYjN/ckk=,WOUXa5iokp7BXkBa4d6MvGZiLyg=
1,77,QtVJckJO/ZFrD2VaHwDoYjN/ckk=,WOUXa5iokp7BXkBa4d6MvGZiLyg=
0,77,QtVJckJO/ZFrD2VaHwDoYjN/ckk=,WOUXa5iokp7BXkBa4d6MvGZiLyg=
1,78,QtVJckJO/ZFrD2VaHwDoYjN/ckk=,WOUXa5iokp7BXkBa4d6MvGZiLyg=
1,73,QtVJckJO/ZFrD2VaHwDoYjN/ckk=,WOUXa5iokp7BXkBa4d6MvGZiLyg=
0,76,QtVJckJO/ZFrD2VaHwDoYjN/ckk=,WOUXa5iokp7BXkBa4d6MvGZiLyg=
0,73,QtVJckJO/ZFrD2VaHwDoYjN/ckk=,WOUXa5iokp7BXkBa4d6MvGZiLyg=
2,70,QtVJckJO/ZFrD2VaHwDoYjN/ckk=,myVgjSgHeUW3S+l4kh5DcluJIwY=
1,70,QtVJckJO/ZFrD2VaHwDoYjN/ckk=,myVgjSgHeUW3S+l4kh5DcluJIwY=
0,70,QtVJckJO/ZFrD2VaHwDoYjN/ckk=,myVgjSgHeUW3S+l4kh5DcluJIwY=
2,69,QtVJckJO/ZFrD2VaHwDoYjN/ckk=,myVgjSgHeUW3S+l4kh5DcluJIwY=
1,69,QtVJckJO/ZFrD2VaHwDoYjN/ckk=,myVgjSgHeUW3S+l4kh5DcluJIwY=
1,74,QtVJckJO/ZFrD2VaHwDoYjN/ckk=,WOUXa5iokp7BXkBa4d6MvGZiLyg=
0,79,QtVJckJO/ZFrD2VaHwDoYjN/ckk=,WOUXa5iokp7BXkBa4d6MvGZiLyg=
0,69,QtVJckJO/ZFrD2VaHwDoYjN/ckk=,myVgjSgHeUW3S+l4kh5DcluJIwY=
2,72,QtVJckJO/ZFrD2VaHwDoYjN/ckk=,WOUXa5iokp7BXkBa4d6MvGZiLyg=
1,72,QtVJckJO/ZFrD2VaHwDoYjN/ckk=,WOUXa5iokp7BXkBa4d6MvGZiLyg=
2,77,QtVJckJO/ZFrD2VaHwDoYjN/ckk=,WOUXa5iokp7BXkBa4d6MvGZiLyg=
1,76,QtVJckJO/ZFrD2VaHwDoYjN/ckk=,WOUXa5iokp7BXkBa4d6MvGZiLyg=
1,75,QtVJckJO/ZFrD2VaHwDoYjN/ckk=,WOUXa5iokp7BXkBa4d6MvGZiLyg=
1,79,QtVJckJO/ZFrD2VaHwDoYjN/ckk=,WOUXa5iokp7BXkBa4d6MvGZiLyg=
2,76,QtVJckJO/ZFrD2VaHwDoYjN/ckk=,WOUXa5iokp7BXkBa4d6MvGZiLyg=
2,74,QtVJckJO/ZFrD2VaHwDoYjN/ckk=,WOUXa5iokp7BXkBa4d6MvGZiLyg=
2,78,QtVJckJO/ZFrD2VaHwDoYjN/ckk=,WOUXa5iokp7BXkBa4d6MvGZiLyg=
2,73,QtVJckJO/ZFrD2VaHwDoYjN/ckk=,WOUXa5iokp7BXkBa4d6MvGZiLyg=
2,79,QtVJckJO/ZFrD2VaHwDoYjN/ckk=,WOUXa5iokp7BXkBa4d6MvGZiLyg=
2,75,QtVJckJO/ZFrD2VaHwDoYjN/ckk=,WOUXa5iokp7BXkBa4d6MvGZiLyg=
12,66,QtVJckJO/ZFrD2VaHwDoYjN/ckk=,Oi/5/RRt5zincOx8PhdZ7KH0F2g=
13,66,QtVJckJO/ZFrD2VaHwDoYjN/ckk=,Oi/5/RRt5zincOx8PhdZ7KH0F2g=
11,64,QtVJckJO/ZFrD2VaHwDoYjN/ckk=,Oi/5/RRt5zincOx8PhdZ7KH0F2g=
11,66,QtVJckJO/ZFrD2VaHwDoYjN/ckk=,Oi/5/RRt5zincOx8PhdZ7KH0F2g=
14,66,QtVJckJO/ZFrD2VaHwDoYjN/ckk=,Oi/5/RRt5zincOx8PhdZ7KH0F2g=
11,65,QtVJckJO/ZFrD2VaHwDoYjN/ckk=,Oi/5/RRt5zincOx8PhdZ7KH0F2g=
12,65,QtVJckJO/ZFrD2VaHwDoYjN/ckk=,Oi/5/RRt5zincOx8PhdZ7KH0F2g=
12,64,QtVJckJO/ZFrD2VaHwDoYjN/ckk=,Oi/5/RRt5zincOx8PhdZ7KH0F2g=
14,65,QtVJckJO/ZFrD2VaHwDoYjN/ckk=,Oi/5/RRt5zincOx8PhdZ7KH0F2g=
13,65,QtVJckJO/ZFrD2VaHwDoYjN/ckk=,Oi/5/RRt5zincOx8PhdZ7KH0F2g=
14,64,QtVJckJO/ZFrD2VaHwDoYjN/ckk=,Oi/5/RRt5zincOx8PhdZ7KH0F2g=
15,65,QtVJckJO/ZFrD2VaHwDoYjN/ckk=,Oi/5/RRt5zincOx8PhdZ7KH0F2g=
15,64,QtVJckJO/ZFrD2VaHwDoYjN/ckk=,Oi/5/RRt5zincOx8PhdZ7KH0F2g=
13,64,QtVJckJO/ZFrD2VaHwDoYjN/ckk=,Oi/5/RRt5zincOx8PhdZ7KH0F2g=
15,66,QtVJckJO/ZFrD2VaHwDoYjN/ckk=,Oi/5/RRt5zincOx8PhdZ7KH0F2g=
7,66,QtVJckJO/ZFrD2VaHwDoYjN/ckk=,myVgjSgHeUW3S+l4kh5DcluJIwY=
6,66,QtVJckJO/ZFrD2VaHwDoYjN/ckk=,myVgjSgHeUW3S+l4kh5DcluJIwY=
10,66,QtVJckJO/ZFrD2VaHwDoYjN/ckk=,Oi/5/RRt5zincOx8PhdZ7KH0F2g=
9,66,QtVJckJO/ZFrD2VaHwDoYjN/ckk=,Oi/5/RRt5zincOx8PhdZ7KH0F2g=
1,66,QtVJckJO/ZFrD2VaHwDoYjN/ckk=,myVgjSgHeUW3S+l4kh5DcluJIwY=
10,65,QtVJckJO/ZFrD2VaHwDoYjN/ckk=,Oi/5/RRt5zincOx8PhdZ7KH0F2g=
9,65,QtVJckJO/ZFrD2VaHwDoYjN/ckk=,Oi/5/RRt5zincOx8PhdZ7KH0F2g=
5,66,QtVJckJO/ZFrD2VaHwDoYjN/ckk=,myVgjSgHeUW3S+l4kh5DcluJIwY=
4,66,QtVJckJO/ZFrD2VaHwDoYjN/ckk=,myVgjSgHeUW3S+l4kh5DcluJIwY=
10,64,QtVJckJO/ZFrD2VaHwDoYjN/ckk=,Oi/5/RRt5zincOx8PhdZ7KH0F2g=
9,64,QtVJckJO/ZFrD2VaHwDoYjN/ckk=,Oi/5/RRt5zincOx8PhdZ7KH0F2g=
3,66,QtVJckJO/ZFrD2VaHwDoYjN/ckk=,myVgjSgHeUW3S+l4kh5DcluJIwY=
2,66,QtVJckJO/ZFrD2VaHwDoYjN/ckk=,myVgjSgHeUW3S+l4kh5DcluJIwY=
0,66,QtVJckJO/ZFrD2VaHwDoYjN/ckk=,myVgjSgHeUW3S+l4kh5DcluJIwY=
8,66,QtVJckJO/ZFrD2VaHwDoYjN/ckk=,Oi/5/RRt5zincOx8PhdZ7KH0F2g=
8,65,QtVJckJO/ZFrD2VaHwDoYjN/ckk=,Oi/5/RRt5zincOx8PhdZ7KH0F2g=
8,64,QtVJckJO/ZFrD2VaHwDoYjN/ckk=,Oi/5/RRt5zincOx8PhdZ7KH0F2g=
4,65,QtVJckJO/ZFrD2VaHwDoYjN/ckk=,myVgjSgHeUW3S+l4kh5DcluJIwY=
0,64,QtVJckJO/ZFrD2VaHwDoYjN/ckk=,myVgjSgHeUW3S+l4kh5DcluJIwY=
5,65,QtVJckJO/ZFrD2VaHwDoYjN/ckk=,myVgjSgHeUW3S+l4kh5DcluJIwY=
7,65,QtVJckJO/ZFrD2VaHwDoYjN/ckk=,myVgjSgHeUW3S+l4kh5DcluJIwY=
7,64,QtVJckJO/ZFrD2VaHwDoYjN/ckk=,myVgjSgHeUW3S+l4kh5DcluJIwY=
3,65,QtVJckJO/ZFrD2VaHwDoYjN/ckk=,myVgjSgHeUW3S+l4kh5DcluJIwY=
6,65,QtVJckJO/ZFrD2VaHwDoYjN/ckk=,myVgjSgHeUW3S+l4kh5DcluJIwY=
0,65,QtVJckJO/ZFrD2VaHwDoYjN/ckk=,myVgjSgHeUW3S+l4kh5DcluJIwY=
5,64,QtVJckJO/ZFrD2VaHwDoYjN/ckk=,myVgjSgHeUW3S+l4kh5DcluJIwY=
2,65,QtVJckJO/ZFrD2VaHwDoYjN/ckk=,myVgjSgHeUW3S+l4kh5DcluJIwY=
3,64,QtVJckJO/ZFrD2VaHwDoYjN/ckk=,myVgjSgHeUW3S+l4kh5DcluJIwY=
6,64,QtVJckJO/ZFrD2VaHwDoYjN/ckk=,myVgjSgHeUW3S+l4kh5DcluJIwY=
4,64,QtVJckJO/ZFrD2VaHwDoYjN/ckk=,myVgjSgHeUW3S+l4kh5DcluJIwY=
1,65,QtVJckJO/ZFrD2VaHwDoYjN/ckk=,myVgjSgHeUW3S+l4kh5DcluJIwY=
13,79,QtVJckJO/ZFrD2VaHwDoYjN/ckk=,Dlqvgn0b9q+xwS7vs+VZ05K2W58=
13,78,QtVJckJO/ZFrD2VaHwDoYjN/ckk=,Dlqvgn0b9q+xwS7vs+VZ05K2W58=
1,64,QtVJckJO/ZFrD2VaHwDoYjN/ckk=,myVgjSgHeUW3S+l4kh5DcluJIwY=
13,77,QtVJckJO/ZFrD2VaHwDoYjN/ckk=,Dlqvgn0b9q+xwS7vs+VZ05K2W58=
14,79,QtVJckJO/ZFrD2VaHwDoYjN/ckk=,Dlqvgn0b9q+xwS7vs+VZ05K2W58=
2,64,QtVJckJO/ZFrD2VaHwDoYjN/ckk=,myVgjSgHeUW3S+l4kh5DcluJIwY=
14,78,QtVJckJO/ZFrD2VaHwDoYjN/ckk=,Dlqvgn0b9q+xwS7vs+VZ05K2W58=
14,77,QtVJckJO/ZFrD2VaHwDoYjN/ckk=,Dlqvgn0b9q+xwS7vs+VZ05K2W58=
15,77,QtVJckJO/ZFrD2VaHwDoYjN/ckk=,Dlqvgn0b9q+xwS7vs+VZ05K2W58=
15,79,QtVJckJO/ZFrD2VaHwDoYjN/ckk=,Dlqvgn0b9q+xwS7vs+VZ05K2W58=
15,78,QtVJckJO/ZFrD2VaHwDoYjN/ckk=,Dlqvgn0b9q+xwS7vs+VZ05K2W58=
3,91,pnjdKw2zTtZHT9MWELpz4L0l56Y=,i5J45vN+M3Cs1C7ICeWBr2aEnTc=
4,91,pnjdKw2zTtZHT9MWELpz4L0l56Y=,i5J45vN+M3Cs1C7ICeWBr2aEnTc=
4,92,pnjdKw2zTtZHT9MWELpz4L0l56Y=,i5J45vN+M3Cs1C7ICeWBr2aEnTc=
3,92,pnjdKw2zTtZHT9MWELpz4L0l56Y=,i5J45vN+M3Cs1C7ICeWBr2aEnTc=
3,88,pnjdKw2zTtZHT9MWELpz4L0l56Y=,i5J45vN+M3Cs1C7ICeWBr2aEnTc=
4,90,pnjdKw2zTtZHT9MWELpz4L0l56Y=,i5J45vN+M3Cs1C7ICeWBr2aEnTc=
3,90,pnjdKw2zTtZHT9MWELpz4L0l56Y=,i5J45vN+M3Cs1C7ICeWBr2aEnTc=
4,85,pnjdKw2zTtZHT9MWELpz4L0l56Y=,CjuWLc4612fOtmDmQjgTIAsSRio=
3,85,pnjdKw2zTtZHT9MWELpz4L0l56Y=,CjuWLc4612fOtmDmQjgTIAsSRio=
4,86,pnjdKw2zTtZHT9MWELpz4L0l56Y=,CjuWLc4612fOtmDmQjgTIAsSRio=
3,86,pnjdKw2zTtZHT9MWELpz4L0l56Y=,CjuWLc4612fOtmDmQjgTIAsSRio=
4,87,pnjdKw2zTtZHT9MWELpz4L0l56Y=,CjuWLc4612fOtmDmQjgTIAsSRio=
3,84,pnjdKw2zTtZHT9MWELpz4L0l56Y=,CjuWLc4612fOtmDmQjgTIAsSRio=
4,89,pnjdKw2zTtZHT9MWELpz4L0l56Y=,i5J45vN+M3Cs1C7ICeWBr2aEnTc=
3,89,pnjdKw2zTtZHT9MWELpz4L0l56Y=,i5J45vN+M3Cs1C7ICeWBr2aEnTc=
3,87,pnjdKw2zTtZHT9MWELpz4L0l56Y=,CjuWLc4612fOtmDmQjgTIAsSRio=
4,84,pnjdKw2zTtZHT9MWELpz4L0l56Y=,CjuWLc4612fOtmDmQjgTIAsSRio=
4,88,pnjdKw2zTtZHT9MWELpz4L0l56Y=,i5J45vN+M3Cs1C7ICeWBr2aEnTc=
3,83,pnjdKw2zTtZHT9MWELpz4L0l56Y=,CjuWLc4612fOtmDmQjgTIAsSRio=
4,83,pnjdKw2zTtZHT9MWELpz4L0l56Y=,CjuWLc4612fOtmDmQjgTIAsSRio=
12,83,pnjdKw2zTtZHT9MWELpz4L0l56Y=,qYRkfQEbHObCwqvNcjC1DoJmHIE=
8,84,pnjdKw2zTtZHT9MWELpz4L0l56Y=,qYRkfQEbHObCwqvNcjC1DoJmHIE=
9,83,pnjdKw2zTtZHT9MWELpz4L0l56Y=,qYRkfQEbHObCwqvNcjC1DoJmHIE=
8,83,pnjdKw2zTtZHT9MWELpz4L0l56Y=,qYRkfQEbHObCwqvNcjC1DoJmHIE=
7,84,pnjdKw2zTtZHT9MWELpz4L0l56Y=,CjuWLc4612fOtmDmQjgTIAsSRio=
11,83,pnjdKw2zTtZHT9MWELpz4L0l56Y=,qYRkfQEbHObCwqvNcjC1DoJmHIE=
10,83,pnjdKw2zTtZHT9MWELpz4L0l56Y=,qYRkfQEbHObCwqvNcjC1DoJmHIE=
7,83,pnjdKw2zTtZHT9MWELpz4L0l56Y=,CjuWLc4612fOtmDmQjgTIAsSRio=
6,83,pnjdKw2zTtZHT9MWELpz4L0l56Y=,CjuWLc4612fOtmDmQjgTIAsSRio=
9,84,pnjdKw2zTtZHT9MWELpz4L0l56Y=,qYRkfQEbHObCwqvNcjC1DoJmHIE=
6,84,pnjdKw2zTtZHT9MWELpz4L0l56Y=,CjuWLc4612fOtmDmQjgTIAsSRio=
12,84,pnjdKw2zTtZHT9MWELpz4L0l56Y=,qYRkfQEbHObCwqvNcjC1DoJmHIE=
5,84,pnjdKw2zTtZHT9MWELpz4L0l56Y=,CjuWLc4612fOtmDmQjgTIAsSRio=
5,83,pnjdKw2zTtZHT9MWELpz4L0l56Y=,CjuWLc4612fOtmDmQjgTIAsSRio=
11,84,pnjdKw2zTtZHT9MWELpz4L0l56Y=,qYRkfQEbHObCwqvNcjC1DoJmHIE=
10,84,pnjdKw2zTtZHT9MWELpz4L0l56Y=,qYRkfQEbHObCwqvNcjC1DoJmHIE=
13,83,pnjdKw2zTtZHT9MWELpz4L0l56Y=,qYRkfQEbHObCwqvNcjC1DoJmHIE=
15,84,pnjdKw2zTtZHT9MWELpz4L0l56Y=,qYRkfQEbHObCwqvNcjC1DoJmHIE=
14,84,pnjdKw2zTtZHT9MWELpz4L0l56Y=,qYRkfQEbHObCwqvNcjC1DoJmHIE=
14,83,pnjdKw2zTtZHT9MWELpz4L0l56Y=,qYRkfQEbHObCwqvNcjC1DoJmHIE=
13,84,pnjdKw2zTtZHT9MWELpz4L0l56Y=,qYRkfQEbHObCwqvNcjC1DoJmHIE=
15,83,pnjdKw2zTtZHT9MWELpz4L0l56Y=,qYRkfQEbHObCwqvNcjC1DoJmHIE=
4,93,pnjdKw2zTtZHT9MWELpz4L0l56Y=,i5J45vN+M3Cs1C7ICeWBr2aEnTc=
3,93,pnjdKw2zTtZHT9MWELpz4L0l56Y=,i5J45vN+M3Cs1C7ICeWBr2aEnTc=
4,95,pnjdKw2zTtZHT9MWELpz4L0l56Y=,i5J45vN+M3Cs1C7ICeWBr2aEnTc=
3,95,pnjdKw2zTtZHT9MWELpz4L0l56Y=,i5J45vN+M3Cs1C7ICeWBr2aEnTc=
3,94,pnjdKw2zTtZHT9MWELpz4L0l56Y=,i5J45vN+M3Cs1C7ICeWBr2aEnTc=
4,94,pnjdKw2zTtZHT9MWELpz4L0l56Y=,i5J45vN+M3Cs1C7ICeWBr2aEnTc=
4,80,pnjdKw2zTtZHT9MWELpz4L0l56Y=,CjuWLc4612fOtmDmQjgTIAsSRio=
3,82,pnjdKw2zTtZHT9MWELpz4L0l56Y=,CjuWLc4612fOtmDmQjgTIAsSRio=
4,81,pnjdKw2zTtZHT9MWELpz4L0l56Y=,CjuWLc4612fOtmDmQjgTIAsSRio=
3,81,xDvWTXVksK3mX2ucrk8Iba0jEZ8=,CjuWLc4612fOtmDmQjgTIAsSRio=
4,82,xDvWTXVksK3mX2ucrk8Iba0jEZ8=,CjuWLc4612fOtmDmQjgTIAsSRio=
5,81,xDvWTXVksK3mX2ucrk8Iba0jEZ8=,CjuWLc4612fOtmDmQjgTIAsSRio=
6,81,xDvWTXVksK3mX2ucrk8Iba0jEZ8=,CjuWLc4612fOtmDmQjgTIAsSRio=
8,80,xDvWTXVksK3mX2ucrk8Iba0jEZ8=,qYRkfQEbHObCwqvNcjC1DoJmHIE=
7,81,xDvWTXVksK3mX2ucrk8Iba0jEZ8=,CjuWLc4612fOtmDmQjgTIAsSRio=
9,80,xDvWTXVksK3mX2ucrk8Iba0jEZ8=,qYRkfQEbHObCwqvNcjC1DoJmHIE=
3,80,xDvWTXVksK3mX2ucrk8Iba0jEZ8=,CjuWLc4612fOtmDmQjgTIAsSRio=
12,82,xDvWTXVksK3mX2ucrk8Iba0jEZ8=,qYRkfQEbHObCwqvNcjC1DoJmHIE=
7,82,xDvWTXVksK3mX2ucrk8Iba0jEZ8=,CjuWLc4612fOtmDmQjgTIAsSRio=
6,82,xDvWTXVksK3mX2ucrk8Iba0jEZ8=,CjuWLc4612fOtmDmQjgTIAsSRio=
10,80,xDvWTXVksK3mX2ucrk8Iba0jEZ8=,qYRkfQEbHObCwqvNcjC1DoJmHIE=
8,82,xDvWTXVksK3mX2ucrk8Iba0jEZ8=,qYRkfQEbHObCwqvNcjC1DoJmHIE=
12,81,xDvWTXVksK3mX2ucrk8Iba0jEZ8=,qYRkfQEbHObCwqvNcjC1DoJmHIE=
9,82,xDvWTXVksK3mX2ucrk8Iba0jEZ8=,qYRkfQEbHObCwqvNcjC1DoJmHIE=
5,82,xDvWTXVksK3mX2ucrk8Iba0jEZ8=,CjuWLc4612fOtmDmQjgTIAsSRio=
9,81,xDvWTXVksK3mX2ucrk8Iba0jEZ8=,qYRkfQEbHObCwqvNcjC1DoJmHIE=
8,81,xDvWTXVksK3mX2ucrk8Iba0jEZ8=,qYRkfQEbHObCwqvNcjC1DoJmHIE=
11,82,xDvWTXVksK3mX2ucrk8Iba0jEZ8=,qYRkfQEbHObCwqvNcjC1DoJmHIE=
11,80,xDvWTXVksK3mX2ucrk8Iba0jEZ8=,qYRkfQEbHObCwqvNcjC1DoJmHIE=
12,80,xDvWTXVksK3mX2ucrk8Iba0jEZ8=,qYRkfQEbHObCwqvNcjC1DoJmHIE=
5,80,xDvWTXVksK3mX2ucrk8Iba0jEZ8=,CjuWLc4612fOtmDmQjgTIAsSRio=
6,80,xDvWTXVksK3mX2ucrk8Iba0jEZ8=,CjuWLc4612fOtmDmQjgTIAsSRio=
7,80,xDvWTXVksK3mX2ucrk8Iba0jEZ8=,CjuWLc4612fOtmDmQjgTIAsSRio=
10,82,xDvWTXVksK3mX2ucrk8Iba0jEZ8=,qYRkfQEbHObCwqvNcjC1DoJmHIE=
10,81,xDvWTXVksK3mX2ucrk8Iba0jEZ8=,qYRkfQEbHObCwqvNcjC1DoJmHIE=
11,81,xDvWTXVksK3mX2ucrk8Iba0jEZ8=,qYRkfQEbHObCwqvNcjC1DoJmHIE=
2,91,xDvWTXVksK3mX2ucrk8Iba0jEZ8=,i5J45vN+M3Cs1C7ICeWBr2aEnTc=
1,91,xDvWTXVksK3mX2ucrk8Iba0jEZ8=,i5J45vN+M3Cs1C7ICeWBr2aEnTc=
0,91,xDvWTXVksK3mX2ucrk8Iba0jEZ8=,i5J45vN+M3Cs1C7ICeWBr2aEnTc=
1,92,xDvWTXVksK3mX2ucrk8Iba0jEZ8=,i5J45vN+M3Cs1C7ICeWBr2aEnTc=
2,92,xDvWTXVksK3mX2ucrk8Iba0jEZ8=,i5J45vN+M3Cs1C7ICeWBr2aEnTc=
0,92,xDvWTXVksK3mX2ucrk8Iba0jEZ8=,i5J45vN+M3Cs1C7ICeWBr2aEnTc=
1,93,xDvWTXVksK3mX2ucrk8Iba0jEZ8=,i5J45vN+M3Cs1C7ICeWBr2aEnTc=
0,93,xDvWTXVksK3mX2ucrk8Iba0jEZ8=,i5J45vN+M3Cs1C7ICeWBr2aEnTc=
2,93,xDvWTXVksK3mX2ucrk8Iba0jEZ8=,i5J45vN+M3Cs1C7ICeWBr2aEnTc=
2,94,xDvWTXVksK3mX2ucrk8Iba0jEZ8=,i5J45vN+M3Cs1C7ICeWBr2aEnTc=
1,94,xDvWTXVksK3mX2ucrk8Iba0jEZ8=,i5J45vN+M3Cs1C7ICeWBr2aEnTc=
0,94,xDvWTXVksK3mX2ucrk8Iba0jEZ8=,i5J45vN+M3Cs1C7ICeWBr2aEnTc=
2,95,xDvWTXVksK3mX2ucrk8Iba0jEZ8=,i5J45vN+M3Cs1C7ICeWBr2aEnTc=
1,95,xDvWTXVksK3mX2ucrk8Iba0jEZ8=,i5J45vN+M3Cs1C7ICeWBr2aEnTc=
0,95,xDvWTXVksK3mX2ucrk8Iba0jEZ8=,i5J45vN+M3Cs1C7ICeWBr2aEnTc=
2,88,xDvWTXVksK3mX2ucrk8Iba0jEZ8=,i5J45vN+M3Cs1C7ICeWBr2aEnTc=
1,83,xDvWTXVksK3mX2ucrk8Iba0jEZ8=,CjuWLc4612fOtmDmQjgTIAsSRio=
2,83,xDvWTXVksK3mX2ucrk8Iba0jEZ8=,CjuWLc4612fOtmDmQjgTIAsSRio=
0,83,xDvWTXVksK3mX2ucrk8Iba0jEZ8=,CjuWLc4612fOtmDmQjgTIAsSRio=
0,87,xDvWTXVksK3mX2ucrk8Iba0jEZ8=,CjuWLc4612fOtmDmQjgTIAsSRio=
1,88,xDvWTXVksK3mX2ucrk8Iba0jEZ8=,i5J45vN+M3Cs1C7ICeWBr2aEnTc=
0,88,xDvWTXVksK3mX2ucrk8Iba0jEZ8=,i5J45vN+M3Cs1C7ICeWBr2aEnTc=
2,86,xDvWTXVksK3mX2ucrk8Iba0jEZ8=,CjuWLc4612fOtmDmQjgTIAsSRio=
1,86,xDvWTXVksK3mX2ucrk8Iba0jEZ8=,CjuWLc4612fOtmDmQjgTIAsSRio=
0,86,xDvWTXVksK3mX2ucrk8Iba0jEZ8=,CjuWLc4612fOtmDmQjgTIAsSRio=
2,90,xDvWTXVksK3mX2ucrk8Iba0jEZ8=,i5J45vN+M3Cs1C7ICeWBr2aEnTc=
2,85,xDvWTXVksK3mX2ucrk8Iba0jEZ8=,CjuWLc4612fOtmDmQjgTIAsSRio=
1,90,xDvWTXVksK3mX2ucrk8Iba0jEZ8=,i5J45vN+M3Cs1C7ICeWBr2aEnTc=
1,85,xDvWTXVksK3mX2ucrk8Iba0jEZ8=,CjuWLc4612fOtmDmQjgTIAsSRio=
0,85,xDvWTXVksK3mX2ucrk8Iba0jEZ8=,CjuWLc4612fOtmDmQjgTIAsSRio=
0,90,xDvWTXVksK3mX2ucrk8Iba0jEZ8=,i5J45vN+M3Cs1C7ICeWBr2aEnTc=
2,84,xDvWTXVksK3mX2ucrk8Iba0jEZ8=,CjuWLc4612fOtmDmQjgTIAsSRio=
1,84,xDvWTXVksK3mX2ucrk8Iba0jEZ8=,CjuWLc4612fOtmDmQjgTIAsSRio=
0,84,xDvWTXVksK3mX2ucrk8Iba0jEZ8=,CjuWLc4612fOtmDmQjgTIAsSRio=
2,89,xDvWTXVksK3mX2ucrk8Iba0jEZ8=,i5J45vN+M3Cs1C7ICeWBr2aEnTc=
1,89,xDvWTXVksK3mX2ucrk8Iba0jEZ8=,i5J45vN+M3Cs1C7ICeWBr2aEnTc=
0,89,xDvWTXVksK3mX2ucrk8Iba0jEZ8=,i5J45vN+M3Cs1C7ICeWBr2aEnTc=
2,87,xDvWTXVksK3mX2ucrk8Iba0jEZ8=,CjuWLc4612fOtmDmQjgTIAsSRio=
1,87,xDvWTXVksK3mX2ucrk8Iba0jEZ8=,CjuWLc4612fOtmDmQjgTIAsSRio=
1,81,xDvWTXVksK3mX2ucrk8Iba0jEZ8=,CjuWLc4612fOtmDmQjgTIAsSRio=
1,82,xDvWTXVksK3mX2ucrk8Iba0jEZ8=,CjuWLc4612fOtmDmQjgTIAsSRio=
2,82,xDvWTXVksK3mX2ucrk8Iba0jEZ8=,CjuWLc4612fOtmDmQjgTIAsSRio=
0,81,xDvWTXVksK3mX2ucrk8Iba0jEZ8=,CjuWLc4612fOtmDmQjgTIAsSRio=
0,82,xDvWTXVksK3mX2ucrk8Iba0jEZ8=,CjuWLc4612fOtmDmQjgTIAsSRio=
2,81,xDvWTXVksK3mX2ucrk8Iba0jEZ8=,CjuWLc4612fOtmDmQjgTIAsSRio=
0,80,xDvWTXVksK3mX2ucrk8Iba0jEZ8=,CjuWLc4612fOtmDmQjgTIAsSRio=
1,80,xDvWTXVksK3mX2ucrk8Iba0jEZ8=,CjuWLc4612fOtmDmQjgTIAsSRio=
14,80,xDvWTXVksK3mX2ucrk8Iba0jEZ8=,qYRkfQEbHObCwqvNcjC1DoJmHIE=
13,80,xDvWTXVksK3mX2ucrk8Iba0jEZ8=,qYRkfQEbHObCwqvNcjC1DoJmHIE=
13,82,xDvWTXVksK3mX2ucrk8Iba0jEZ8=,qYRkfQEbHObCwqvNcjC1DoJmHIE=
13,81,xDvWTXVksK3mX2ucrk8Iba0jEZ8=,qYRkfQEbHObCwqvNcjC1DoJmHIE=
14,82,xDvWTXVksK3mX2ucrk8Iba0jEZ8=,qYRkfQEbHObCwqvNcjC1DoJmHIE=
14,81,xDvWTXVksK3mX2ucrk8Iba0jEZ8=,qYRkfQEbHObCwqvNcjC1DoJmHIE=
11,87,xDvWTXVksK3mX2ucrk8Iba0jEZ8=,qYRkfQEbHObCwqvNcjC1DoJmHIE=
10,85,xDvWTXVksK3mX2ucrk8Iba0jEZ8=,qYRkfQEbHObCwqvNcjC1DoJmHIE=
15,87,xDvWTXVksK3mX2ucrk8Iba0jEZ8=,qYRkfQEbHObCwqvNcjC1DoJmHIE=
6,93,xDvWTXVksK3mX2ucrk8Iba0jEZ8=,i5J45vN+M3Cs1C7ICeWBr2aEnTc=
7,93,xDvWTXVksK3mX2ucrk8Iba0jEZ8=,i5J45vN+M3Cs1C7ICeWBr2aEnTc=
9,85,xDvWTXVksK3mX2ucrk8Iba0jEZ8=,qYRkfQEbHObCwqvNcjC1DoJmHIE=
5,93,xDvWTXVksK3mX2ucrk8Iba0jEZ8=,i5J45vN+M3Cs1C7ICeWBr2aEnTc=
7,90,xDvWTXVksK3mX2ucrk8Iba0jEZ8=,i5J45vN+M3Cs1C7ICeWBr2aEnTc=
6,90,xDvWTXVksK3mX2ucrk8Iba0jEZ8=,i5J45vN+M3Cs1C7ICeWBr2aEnTc=
8,85,xDvWTXVksK3mX2ucrk8Iba0jEZ8=,qYRkfQEbHObCwqvNcjC1DoJmHIE=
10,87,xDvWTXVksK3mX2ucrk8Iba0jEZ8=,qYRkfQEbHObCwqvNcjC1DoJmHIE=
15,82,xDvWTXVksK3mX2ucrk8Iba0jEZ8=,qYRkfQEbHObCwqvNcjC1DoJmHIE=
15,81,xDvWTXVksK3mX2ucrk8Iba0jEZ8=,qYRkfQEbHObCwqvNcjC1DoJmHIE=
5,95,xDvWTXVksK3mX2ucrk8Iba0jEZ8=,i5J45vN+M3Cs1C7ICeWBr2aEnTc=
5,90,xDvWTXVksK3mX2ucrk8Iba0jEZ8=,i5J45vN+M3Cs1C7ICeWBr2aEnTc=
5,86,xDvWTXVksK3mX2ucrk8Iba0jEZ8=,CjuWLc4612fOtmDmQjgTIAsSRio=
11,85,xDvWTXVksK3mX2ucrk8Iba0jEZ8=,qYRkfQEbHObCwqvNcjC1DoJmHIE=
11,90,xDvWTXVksK3mX2ucrk8Iba0jEZ8=,ay9wIYyA+JAEioiCdVGcf20jneE=
15,86,xDvWTXVksK3mX2ucrk8Iba0jEZ8=,qYRkfQEbHObCwqvNcjC1DoJmHIE=
5,87,xDvWTXVksK3mX2ucrk8Iba0jEZ8=,CjuWLc4612fOtmDmQjgTIAsSRio=
10,90,xDvWTXVksK3mX2ucrk8Iba0jEZ8=,ay9wIYyA+JAEioiCdVGcf20jneE=
9,90,xDvWTXVksK3mX2ucrk8Iba0jEZ8=,ay9wIYyA+JAEioiCdVGcf20jneE=
6,87,xDvWTXVksK3mX2ucrk8Iba0jEZ8=,CjuWLc4612fOtmDmQjgTIAsSRio=
6,86,xDvWTXVksK3mX2ucrk8Iba0jEZ8=,CjuWLc4612fOtmDmQjgTIAsSRio=
7,85,xDvWTXVksK3mX2ucrk8Iba0jEZ8=,CjuWLc4612fOtmDmQjgTIAsSRio=
5,85,xDvWTXVksK3mX2ucrk8Iba0jEZ8=,CjuWLc4612fOtmDmQjgTIAsSRio=
6,89,xDvWTXVksK3mX2ucrk8Iba0jEZ8=,i5J45vN+M3Cs1C7ICeWBr2aEnTc=
8,90,xDvWTXVksK3mX2ucrk8Iba0jEZ8=,ay9wIYyA+JAEioiCdVGcf20jneE=
7,89,xDvWTXVksK3mX2ucrk8Iba0jEZ8=,i5J45vN+M3Cs1C7ICeWBr2aEnTc=
5,89,xDvWTXVksK3mX2ucrk8Iba0jEZ8=,i5J45vN+M3Cs1C7ICeWBr2aEnTc=
7,92,xDvWTXVksK3mX2ucrk8Iba0jEZ8=,i5J45vN+M3Cs1C7ICeWBr2aEnTc=
15,80,xDvWTXVksK3mX2ucrk8Iba0jEZ8=,qYRkfQEbHObCwqvNcjC1DoJmHIE=
6,92,xDvWTXVksK3mX2ucrk8Iba0jEZ8=,i5J45vN+M3Cs1C7ICeWBr2aEnTc=
7,87,xDvWTXVksK3mX2ucrk8Iba0jEZ8=,CjuWLc4612fOtmDmQjgTIAsSRio=
5,92,xDvWTXVksK3mX2ucrk8Iba0jEZ8=,i5J45vN+M3Cs1C7ICeWBr2aEnTc=
7,86,xDvWTXVksK3mX2ucrk8Iba0jEZ8=,CjuWLc4612fOtmDmQjgTIAsSRio=
6,85,xDvWTXVksK3mX2ucrk8Iba0jEZ8=,CjuWLc4612fOtmDmQjgTIAsSRio=
15,95,xDvWTXVksK3mX2ucrk8Iba0jEZ8=,ay9wIYyA+JAEioiCdVGcf20jneE=
12,85,xDvWTXVksK3mX2ucrk8Iba0jEZ8=,qYRkfQEbHObCwqvNcjC1DoJmHIE=
9,87,xDvWTXVksK3mX2ucrk8Iba0jEZ8=,qYRkfQEbHObCwqvNcjC1DoJmHIE=
7,94,xDvWTXVksK3mX2ucrk8Iba0jEZ8=,i5J45vN+M3Cs1C7ICeWBr2aEnTc=
12,90,xDvWTXVksK3mX2ucrk8Iba0jEZ8=,ay9wIYyA+JAEioiCdVGcf20jneE=
11,95,xDvWTXVksK3mX2ucrk8Iba0jEZ8=,ay9wIYyA+JAEioiCdVGcf20jneE=
14,86,xDvWTXVksK3mX2ucrk8Iba0jEZ8=,qYRkfQEbHObCwqvNcjC1DoJmHIE=
2,80,xDvWTXVksK3mX2ucrk8Iba0jEZ8=,CjuWLc4612fOtmDmQjgTIAsSRio=
13,90,xDvWTXVksK3mX2ucrk8Iba0jEZ8=,ay9wIYyA+JAEioiCdVGcf20jneE=
8,87,xDvWTXVksK3mX2ucrk8Iba0jEZ8=,qYRkfQEbHObCwqvNcjC1DoJmHIE=
15,89,xDvWTXVksK3mX2ucrk8Iba0jEZ8=,ay9wIYyA+JAEioiCdVGcf20jneE=
5,94,xDvWTXVksK3mX2ucrk8Iba0jEZ8=,i5J45vN+M3Cs1C7ICeWBr2aEnTc=
14,89,xDvWTXVksK3mX2ucrk8Iba0jEZ8=,ay9wIYyA+JAEioiCdVGcf20jneE=
10,95,xDvWTXVksK3mX2ucrk8Iba0jEZ8=,ay9wIYyA+JAEioiCdVGcf20jneE=
6,94,xDvWTXVksK3mX2ucrk8Iba0jEZ8=,i5J45vN+M3Cs1C7ICeWBr2aEnTc=
12,91,xDvWTXVksK3mX2ucrk8Iba0jEZ8=,ay9wIYyA+JAEioiCdVGcf20jneE=
13,89,xDvWTXVksK3mX2ucrk8Iba0jEZ8=,ay9wIYyA+JAEioiCdVGcf20jneE=
12,95,xDvWTXVksK3mX2ucrk8Iba0jEZ8=,ay9wIYyA+JAEioiCdVGcf20jneE=
13,94,xDvWTXVksK3mX2ucrk8Iba0jEZ8=,ay9wIYyA+JAEioiCdVGcf20jneE=
14,95,xDvWTXVksK3mX2ucrk8Iba0jEZ8=,ay9wIYyA+JAEioiCdVGcf20jneE=
11,91,xDvWTXVksK3mX2ucrk8Iba0jEZ8=,ay9wIYyA+JAEioiCdVGcf20jneE=
10,91,xDvWTXVksK3mX2ucrk8Iba0jEZ8=,ay9wIYyA+JAEioiCdVGcf20jneE=
9,91,xDvWTXVksK3mX2ucrk8Iba0jEZ8=,ay9wIYyA+JAEioiCdVGcf20jneE=
14,94,xDvWTXVksK3mX2ucrk8Iba0jEZ8=,ay9wIYyA+JAEioiCdVGcf20jneE=
13,95,xDvWTXVksK3mX2ucrk8Iba0jEZ8=,ay9wIYyA+JAEioiCdVGcf20jneE=
9,95,xDvWTXVksK3mX2ucrk8Iba0jEZ8=,ay9wIYyA+JAEioiCdVGcf20jneE=
12,89,xDvWTXVksK3mX2ucrk8Iba0jEZ8=,ay9wIYyA+JAEioiCdVGcf20jneE=
13,86,xDvWTXVksK3mX2ucrk8Iba0jEZ8=,qYRkfQEbHObCwqvNcjC1DoJmHIE=
7,88,xDvWTXVksK3mX2ucrk8Iba0jEZ8=,i5J45vN+M3Cs1C7ICeWBr2aEnTc=
14,87,xDvWTXVksK3mX2ucrk8Iba0jEZ8=,qYRkfQEbHObCwqvNcjC1DoJmHIE=
7,91,xDvWTXVksK3mX2ucrk8Iba0jEZ8=,i5J45vN+M3Cs1C7ICeWBr2aEnTc=
6,91,xDvWTXVksK3mX2ucrk8Iba0jEZ8=,i5J45vN+M3Cs1C7ICeWBr2aEnTc=
10,89,xDvWTXVksK3mX2ucrk8Iba0jEZ8=,ay9wIYyA+JAEioiCdVGcf20jneE=
5,88,xDvWTXVksK3mX2ucrk8Iba0jEZ8=,i5J45vN+M3Cs1C7ICeWBr2aEnTc=
13,93,xDvWTXVksK3mX2ucrk8Iba0jEZ8=,ay9wIYyA+JAEioiCdVGcf20jneE=
6,88,xDvWTXVksK3mX2ucrk8Iba0jEZ8=,i5J45vN+M3Cs1C7ICeWBr2aEnTc=
11,86,xDvWTXVksK3mX2ucrk8Iba0jEZ8=,qYRkfQEbHObCwqvNcjC1DoJmHIE=
9,89,xDvWTXVksK3mX2ucrk8Iba0jEZ8=,ay9wIYyA+JAEioiCdVGcf20jneE=
8,95,xDvWTXVksK3mX2ucrk8Iba0jEZ8=,ay9wIYyA+JAEioiCdVGcf20jneE=
10,86,xDvWTXVksK3mX2ucrk8Iba0jEZ8=,qYRkfQEbHObCwqvNcjC1DoJmHIE=
9,86,xDvWTXVksK3mX2ucrk8Iba0jEZ8=,qYRkfQEbHObCwqvNcjC1DoJmHIE=
8,89,xDvWTXVksK3mX2ucrk8Iba0jEZ8=,ay9wIYyA+JAEioiCdVGcf20jneE=
5,91,xDvWTXVksK3mX2ucrk8Iba0jEZ8=,i5J45vN+M3Cs1C7ICeWBr2aEnTc=
6,95,xDvWTXVksK3mX2ucrk8Iba0jEZ8=,i5J45vN+M3Cs1C7ICeWBr2aEnTc=
8,94,xDvWTXVksK3mX2ucrk8Iba0jEZ8=,ay9wIYyA+JAEioiCdVGcf20jneE=
15,88,xDvWTXVksK3mX2ucrk8Iba0jEZ8=,ay9wIYyA+JAEioiCdVGcf20jneE=
12,94,xDvWTXVksK3mX2ucrk8Iba0jEZ8=,ay9wIYyA+JAEioiCdVGcf20jneE=
8,93,xDvWTXVksK3mX2ucrk8Iba0jEZ8=,ay9wIYyA+JAEioiCdVGcf20jneE=
12,86,xDvWTXVksK3mX2ucrk8Iba0jEZ8=,qYRkfQEbHObCwqvNcjC1DoJmHIE=
11,94,xDvWTXVksK3mX2ucrk8Iba0jEZ8=,ay9wIYyA+JAEioiCdVGcf20jneE=
11,89,xDvWTXVksK3mX2ucrk8Iba0jEZ8=,ay9wIYyA+JAEioiCdVGcf20jneE=
14,93,xDvWTXVksK3mX2ucrk8Iba0jEZ8=,ay9wIYyA+JAEioiCdVGcf20jneE=
14,92,xDvWTXVksK3mX2ucrk8Iba0jEZ8=,ay9wIYyA+JAEioiCdVGcf20jneE=
9,93,xDvWTXVksK3mX2ucrk8Iba0jEZ8=,ay9wIYyA+JAEioiCdVGcf20jneE=
9,94,xDvWTXVksK3mX2ucrk8Iba0jEZ8=,ay9wIYyA+JAEioiCdVGcf20jneE=
8,91,xDvWTXVksK3mX2ucrk8Iba0jEZ8=,ay9wIYyA+JAEioiCdVGcf20jneE=
13,87,xDvWTXVksK3mX2ucrk8Iba0jEZ8=,qYRkfQEbHObCwqvNcjC1DoJmHIE=
12,88,xDvWTXVksK3mX2ucrk8Iba0jEZ8=,ay9wIYyA+JAEioiCdVGcf20jneE=
14,88,xDvWTXVksK3mX2ucrk8Iba0jEZ8=,ay9wIYyA+JAEioiCdVGcf20jneE=
10,94,xDvWTXVksK3mX2ucrk8Iba0jEZ8=,ay9wIYyA+JAEioiCdVGcf20jneE=
10,92,xDvWTXVksK3mX2ucrk8Iba0jEZ8=,ay9wIYyA+JAEioiCdVGcf20jneE=
8,86,xDvWTXVksK3mX2ucrk8Iba0jEZ8=,qYRkfQEbHObCwqvNcjC1DoJmHIE=
15,92,xDvWTXVksK3mX2ucrk8Iba0jEZ8=,ay9wIYyA+JAEioiCdVGcf20jneE=
15,93,xDvWTXVksK3mX2ucrk8Iba0jEZ8=,ay9wIYyA+JAEioiCdVGcf20jneE=
14,85,xDvWTXVksK3mX2ucrk8Iba0jEZ8=,qYRkfQEbHObCwqvNcjC1DoJmHIE=
12,93,xDvWTXVksK3mX2ucrk8Iba0jEZ8=,ay9wIYyA+JAEioiCdVGcf20jneE=
9,92,xDvWTXVksK3mX2ucrk8Iba0jEZ8=,ay9wIYyA+JAEioiCdVGcf20jneE=
13,92,xDvWTXVksK3mX2ucrk8Iba0jEZ8=,ay9wIYyA+JAEioiCdVGcf20jneE=
8,92,xDvWTXVksK3mX2ucrk8Iba0jEZ8=,ay9wIYyA+JAEioiCdVGcf20jneE=
10,93,xDvWTXVksK3mX2ucrk8Iba0jEZ8=,ay9wIYyA+JAEioiCdVGcf20jneE=
7,95,xDvWTXVksK3mX2ucrk8Iba0jEZ8=,i5J45vN+M3Cs1C7ICeWBr2aEnTc=
15,85,xDvWTXVksK3mX2ucrk8Iba0jEZ8=,qYRkfQEbHObCwqvNcjC1DoJmHIE=
13,88,xDvWTXVksK3mX2ucrk8Iba0jEZ8=,ay9wIYyA+JAEioiCdVGcf20jneE=
11,92,xDvWTXVksK3mX2ucrk8Iba0jEZ8=,ay9wIYyA+JAEioiCdVGcf20jneE=
11,93,xDvWTXVksK3mX2ucrk8Iba0jEZ8=,ay9wIYyA+JAEioiCdVGcf20jneE=
12,87,xDvWTXVksK3mX2ucrk8Iba0jEZ8=,qYRkfQEbHObCwqvNcjC1DoJmHIE=
8,88,xDvWTXVksK3mX2ucrk8Iba0jEZ8=,ay9wIYyA+JAEioiCdVGcf20jneE=
15,90,xDvWTXVksK3mX2ucrk8Iba0jEZ8=,ay9wIYyA+JAEioiCdVGcf20jneE=
11,88,xDvWTXVksK3mX2ucrk8Iba0jEZ8=,ay9wIYyA+JAEioiCdVGcf20jneE=
13,85,xDvWTXVksK3mX2ucrk8Iba0jEZ8=,qYRkfQEbHObCwqvNcjC1DoJmHIE=
14,91,xDvWTXVksK3mX2ucrk8Iba0jEZ8=,ay9wIYyA+JAEioiCdVGcf20jneE=
15,94,xDvWTXVksK3mX2ucrk8Iba0jEZ8=,ay9wIYyA+JAEioiCdVGcf20jneE=
14,90,xDvWTXVksK3mX2ucrk8Iba0jEZ8=,ay9wIYyA+JAEioiCdVGcf20jneE=
9,88,xDvWTXVksK3mX2ucrk8Iba0jEZ8=,ay9wIYyA+JAEioiCdVGcf20jneE=
10,88,xDvWTXVksK3mX2ucrk8Iba0jEZ8=,ay9wIYyA+JAEioiCdVGcf20jneE=
12,92,xDvWTXVksK3mX2ucrk8Iba0jEZ8=,ay9wIYyA+JAEioiCdVGcf20jneE=
15,91,xDvWTXVksK3mX2ucrk8Iba0jEZ8=,ay9wIYyA+JAEioiCdVGcf20jneE=
13,91,xDvWTXVksK3mX2ucrk8Iba0jEZ8=,ay9wIYyA+JAEioiCdVGcf20jneE=
28,91,cjUdfgaqGdWPAHw4m11BK1DPovQ=,27R2a6BW+S+X+H5pMUr1CV1ycWc=
27,91,cjUdfgaqGdWPAHw4m11BK1DPovQ=,27R2a6BW+S+X+H5pMUr1CV1ycWc=
28,92,cjUdfgaqGdWPAHw4m11BK1DPovQ=,27R2a6BW+S+X+H5pMUr1CV1ycWc=
27,92,cjUdfgaqGdWPAHw4m11BK1DPovQ=,27R2a6BW+S+X+H5pMUr1CV1ycWc=
24,91,cjUdfgaqGdWPAHw4m11BK1DPovQ=,27R2a6BW+S+X+H5pMUr1CV1ycWc=
23,91,cjUdfgaqGdWPAHw4m11BK1DPovQ=,nhGoEchNTxvRbgRAb3zqzU5m3Ps=
20,94,cjUdfgaqGdWPAHw4m11BK1DPovQ=,nhGoEchNTxvRbgRAb3zqzU5m3Ps=
22,91,cjUdfgaqGdWPAHw4m11BK1DPovQ=,nhGoEchNTxvRbgRAb3zqzU5m3Ps=
21,91,cjUdfgaqGdWPAHw4m11BK1DPovQ=,nhGoEchNTxvRbgRAb3zqzU5m3Ps=
19,94,cjUdfgaqGdWPAHw4m11BK1DPovQ=,nhGoEchNTxvRbgRAb3zqzU5m3Ps=
20,93,cjUdfgaqGdWPAHw4m11BK1DPovQ=,nhGoEchNTxvRbgRAb3zqzU5m3Ps=
19,93,cjUdfgaqGdWPAHw4m11BK1DPovQ=,nhGoEchNTxvRbgRAb3zqzU5m3Ps=
20,95,cjUdfgaqGdWPAHw4m11BK1DPovQ=,nhGoEchNTxvRbgRAb3zqzU5m3Ps=
23,92,cjUdfgaqGdWPAHw4m11BK1DPovQ=,nhGoEchNTxvRbgRAb3zqzU5m3Ps=
22,92,cjUdfgaqGdWPAHw4m11BK1DPovQ=,nhGoEchNTxvRbgRAb3zqzU5m3Ps=
20,91,cjUdfgaqGdWPAHw4m11BK1DPovQ=,nhGoEchNTxvRbgRAb3zqzU5m3Ps=
21,92,cjUdfgaqGdWPAHw4m11BK1DPovQ=,nhGoEchNTxvRbgRAb3zqzU5m3Ps=
19,95,cjUdfgaqGdWPAHw4m11BK1DPovQ=,nhGoEchNTxvRbgRAb3zqzU5m3Ps=
20,92,cjUdfgaqGdWPAHw4m11BK1DPovQ=,nhGoEchNTxvRbgRAb3zqzU5m3Ps=
19,92,cjUdfgaqGdWPAHw4m11BK1DPovQ=,nhGoEchNTxvRbgRAb3zqzU5m3Ps=
19,91,cjUdfgaqGdWPAHw4m11BK1DPovQ=,nhGoEchNTxvRbgRAb3zqzU5m3Ps=
26,91,cjUdfgaqGdWPAHw4m11BK1DPovQ=,27R2a6BW+S+X+H5pMUr1CV1ycWc=
25,91,cjUdfgaqGdWPAHw4m11BK1DPovQ=,27R2a6BW+S+X+H5pMUr1CV1ycWc=
26,92,cjUdfgaqGdWPAHw4m11BK1DPovQ=,27R2a6BW+S+X+H5pMUr1CV1ycWc=
25,92,cjUdfgaqGdWPAHw4m11BK1DPovQ=,27R2a6BW+S+X+H5pMUr1CV1ycWc=
24,92,cjUdfgaqGdWPAHw4m11BK1DPovQ=,27R2a6BW+S+X+H5pMUr1CV1ycWc=
17,91,cjUdfgaqGdWPAHw4m11BK1DPovQ=,nhGoEchNTxvRbgRAb3zqzU5m3Ps=
18,92,cjUdfgaqGdWPAHw4m11BK1DPovQ=,nhGoEchNTxvRbgRAb3zqzU5m3Ps=
17,92,cjUdfgaqGdWPAHw4m11BK1DPovQ=,nhGoEchNTxvRbgRAb3zqzU5m3Ps=
18,91,cjUdfgaqGdWPAHw4m11BK1DPovQ=,nhGoEchNTxvRbgRAb3zqzU5m3Ps=
16,92,cjUdfgaqGdWPAHw4m11BK1DPovQ=,nhGoEchNTxvRbgRAb3zqzU5m3Ps=
16,91,cjUdfgaqGdWPAHw4m11BK1DPovQ=,nhGoEchNTxvRbgRAb3zqzU5m3Ps=
29,91,cjUdfgaqGdWPAHw4m11BK1DPovQ=,27R2a6BW+S+X+H5pMUr1CV1ycWc=
31,92,cjUdfgaqGdWPAHw4m11BK1DPovQ=,27R2a6BW+S+X+H5pMUr1CV1ycWc=
30,92,cjUdfgaqGdWPAHw4m11BK1DPovQ=,27R2a6BW+S+X+H5pMUr1CV1ycWc=
29,92,cjUdfgaqGdWPAHw4m11BK1DPovQ=,27R2a6BW+S+X+H5pMUr1CV1ycWc=
31,91,cjUdfgaqGdWPAHw4m11BK1DPovQ=,27R2a6BW+S+X+H5pMUr1CV1ycWc=
30,91,cjUdfgaqGdWPAHw4m11BK1DPovQ=,27R2a6BW+S+X+H5pMUr1CV1ycWc=
22,95,SlIS3AbZkeb7idhzrw46hqTjTNI=,nhGoEchNTxvRbgRAb3zqzU5m3Ps=
23,94,SlIS3AbZkeb7idhzrw46hqTjTNI=,nhGoEchNTxvRbgRAb3zqzU5m3Ps=
22,94,SlIS3AbZkeb7idhzrw46hqTjTNI=,nhGoEchNTxvRbgRAb3zqzU5m3Ps=
21,94,SlIS3AbZkeb7idhzrw46hqTjTNI=,nhGoEchNTxvRbgRAb3zqzU5m3Ps=
21,95,SlIS3AbZkeb7idhzrw46hqTjTNI=,nhGoEchNTxvRbgRAb3zqzU5m3Ps=
23,93,SlIS3AbZkeb7idhzrw46hqTjTNI=,nhGoEchNTxvRbgRAb3zqzU5m3Ps=
22,93,SlIS3AbZkeb7idhzrw46hqTjTNI=,nhGoEchNTxvRbgRAb3zqzU5m3Ps=
21,93,SlIS3AbZkeb7idhzrw46hqTjTNI=,nhGoEchNTxvRbgRAb3zqzU5m3Ps=
28,95,SlIS3AbZkeb7idhzrw46hqTjTNI=,27R2a6BW+S+X+H5pMUr1CV1ycWc=
27,95,SlIS3AbZkeb7idhzrw46hqTjTNI=,27R2a6BW+S+X+H5pMUr1CV1ycWc=
26,95,SlIS3AbZkeb7idhzrw46hqTjTNI=,27R2a6BW+S+X+H5pMUr1CV1ycWc=
25,95,SlIS3AbZkeb7idhzrw46hqTjTNI=,27R2a6BW+S+X+H5pMUr1CV1ycWc=
24,95,SlIS3AbZkeb7idhzrw46hqTjTNI=,27R2a6BW+S+X+H5pMUr1CV1ycWc=
28,94,SlIS3AbZkeb7idhzrw46hqTjTNI=,27R2a6BW+S+X+H5pMUr1CV1ycWc=
27,94,SlIS3AbZkeb7idhzrw46hqTjTNI=,27R2a6BW+S+X+H5pMUr1CV1ycWc=
26,94,SlIS3AbZkeb7idhzrw46hqTjTNI=,27R2a6BW+S+X+H5pMUr1CV1ycWc=
25,94,SlIS3AbZkeb7idhzrw46hqTjTNI=,27R2a6BW+S+X+H5pMUr1CV1ycWc=
24,94,SlIS3AbZkeb7idhzrw46hqTjTNI=,27R2a6BW+S+X+H5pMUr1CV1ycWc=
28,93,SlIS3AbZkeb7idhzrw46hqTjTNI=,27R2a6BW+S+X+H5pMUr1CV1ycWc=
27,93,SlIS3AbZkeb7idhzrw46hqTjTNI=,27R2a6BW+S+X+H5pMUr1CV1ycWc=
25,93,SlIS3AbZkeb7idhzrw46hqTjTNI=,27R2a6BW+S+X+H5pMUr1CV1ycWc=
26,93,SlIS3AbZkeb7idhzrw46hqTjTNI=,27R2a6BW+S+X+H5pMUr1CV1ycWc=
24,93,SlIS3AbZkeb7idhzrw46hqTjTNI=,27R2a6BW+S+X+H5pMUr1CV1ycWc=
23,95,SlIS3AbZkeb7idhzrw46hqTjTNI=,nhGoEchNTxvRbgRAb3zqzU5m3Ps=
16,95,SlIS3AbZkeb7idhzrw46hqTjTNI=,nhGoEchNTxvRbgRAb3zqzU5m3Ps=
17,95,SlIS3AbZkeb7idhzrw46hqTjTNI=,nhGoEchNTxvRbgRAb3zqzU5m3Ps=
18,94,SlIS3AbZkeb7idhzrw46hqTjTNI=,nhGoEchNTxvRbgRAb3zqzU5m3Ps=
17,94,SlIS3AbZkeb7idhzrw46hqTjTNI=,nhGoEchNTxvRbgRAb3zqzU5m3Ps=
18,95,SlIS3AbZkeb7idhzrw46hqTjTNI=,nhGoEchNTxvRbgRAb3zqzU5m3Ps=
16,94,SlIS3AbZkeb7idhzrw46hqTjTNI=,nhGoEchNTxvRbgRAb3zqzU5m3Ps=
18,93,SlIS3AbZkeb7idhzrw46hqTjTNI=,nhGoEchNTxvRbgRAb3zqzU5m3Ps=
17,93,SlIS3AbZkeb7idhzrw46hqTjTNI=,nhGoEchNTxvRbgRAb3zqzU5m3Ps=
16,93,SlIS3AbZkeb7idhzrw46hqTjTNI=,nhGoEchNTxvRbgRAb3zqzU5m3Ps=
29,93,SlIS3AbZkeb7idhzrw46hqTjTNI=,27R2a6BW+S+X+H5pMUr1CV1ycWc=
31,95,SlIS3AbZkeb7idhzrw46hqTjTNI=,27R2a6BW+S+X+H5pMUr1CV1ycWc=
30,95,SlIS3AbZkeb7idhzrw46hqTjTNI=,27R2a6BW+S+X+H5pMUr1CV1ycWc=
29,95,SlIS3AbZkeb7idhzrw46hqTjTNI=,27R2a6BW+S+X+H5pMUr1CV1ycWc=
31,94,SlIS3AbZkeb7idhzrw46hqTjTNI=,27R2a6BW+S+X+H5pMUr1CV1ycWc=
30,94,SlIS3AbZkeb7idhzrw46hqTjTNI=,27R2a6BW+S+X+H5pMUr1CV1ycWc=
29,94,SlIS3AbZkeb7idhzrw46hqTjTNI=,27R2a6BW+S+X+H5pMUr1CV1ycWc=
31,93,SlIS3AbZkeb7idhzrw46hqTjTNI=,27R2a6BW+S+X+H5pMUr1CV1ycWc=
30,93,SlIS3AbZkeb7idhzrw46hqTjTNI=,27R2a6BW+S+X+H5pMUr1CV1ycWc=
28,85,SlIS3AbZkeb7idhzrw46hqTjTNI=,6tUrPSi+lsRUIVKVVIH87ljJmBM=
29,90,SlIS3AbZkeb7idhzrw46hqTjTNI=,27R2a6BW+S+X+H5pMUr1CV1ycWc=
27,87,SlIS3AbZkeb7idhzrw46hqTjTNI=,6tUrPSi+lsRUIVKVVIH87ljJmBM=
31,87,SlIS3AbZkeb7idhzrw46hqTjTNI=,6tUrPSi+lsRUIVKVVIH87ljJmBM=
27,85,SlIS3AbZkeb7idhzrw46hqTjTNI=,6tUrPSi+lsRUIVKVVIH87ljJmBM=
28,90,SlIS3AbZkeb7idhzrw46hqTjTNI=,27R2a6BW+S+X+H5pMUr1CV1ycWc=
31,82,SlIS3AbZkeb7idhzrw46hqTjTNI=,6tUrPSi+lsRUIVKVVIH87ljJmBM=
30,82,SlIS3AbZkeb7idhzrw46hqTjTNI=,6tUrPSi+lsRUIVKVVIH87ljJmBM=
27,90,SlIS3AbZkeb7idhzrw46hqTjTNI=,27R2a6BW+S+X+H5pMUr1CV1ycWc=
29,82,SlIS3AbZkeb7idhzrw46hqTjTNI=,6tUrPSi+lsRUIVKVVIH87ljJmBM=
28,82,SlIS3AbZkeb7idhzrw46hqTjTNI=,6tUrPSi+lsRUIVKVVIH87ljJmBM=
31,84,SlIS3AbZkeb7idhzrw46hqTjTNI=,6tUrPSi+lsRUIVKVVIH87ljJmBM=
30,84,SlIS3AbZkeb7idhzrw46hqTjTNI=,6tUrPSi+lsRUIVKVVIH87ljJmBM=
29,84,SlIS3AbZkeb7idhzrw46hqTjTNI=,6tUrPSi+lsRUIVKVVIH87ljJmBM=
31,86,SlIS3AbZkeb7idhzrw46hqTjTNI=,6tUrPSi+lsRUIVKVVIH87ljJmBM=
28,84,SlIS3AbZkeb7idhzrw46hqTjTNI=,6tUrPSi+lsRUIVKVVIH87ljJmBM=
27,83,SlIS3AbZkeb7idhzrw46hqTjTNI=,6tUrPSi+lsRUIVKVVIH87ljJmBM=
27,82,SlIS3AbZkeb7idhzrw46hqTjTNI=,6tUrPSi+lsRUIVKVVIH87ljJmBM=
28,81,SlIS3AbZkeb7idhzrw46hqTjTNI=,6tUrPSi+lsRUIVKVVIH87ljJmBM=
29,81,SlIS3AbZkeb7idhzrw46hqTjTNI=,6tUrPSi+lsRUIVKVVIH87ljJmBM=
27,84,SlIS3AbZkeb7idhzrw46hqTjTNI=,6tUrPSi+lsRUIVKVVIH87ljJmBM=
31,81,SlIS3AbZkeb7idhzrw46hqTjTNI=,6tUrPSi+lsRUIVKVVIH87ljJmBM=
31,89,SlIS3AbZkeb7idhzrw46hqTjTNI=,27R2a6BW+S+X+H5pMUr1CV1ycWc=
30,89,SlIS3AbZkeb7idhzrw46hqTjTNI=,27R2a6BW+S+X+H5pMUr1CV1ycWc=
30,86,SlIS3AbZkeb7idhzrw46hqTjTNI=,6tUrPSi+lsRUIVKVVIH87ljJmBM=
31,83,SlIS3AbZkeb7idhzrw46hqTjTNI=,6tUrPSi+lsRUIVKVVIH87ljJmBM=
29,86,SlIS3AbZkeb7idhzrw46hqTjTNI=,6tUrPSi+lsRUIVKVVIH87ljJmBM=
29,89,SlIS3AbZkeb7idhzrw46hqTjTNI=,27R2a6BW+S+X+H5pMUr1CV1ycWc=
28,86,SlIS3AbZkeb7idhzrw46hqTjTNI=,6tUrPSi+lsRUIVKVVIH87ljJmBM=
28,89,SlIS3AbZkeb7idhzrw46hqTjTNI=,27R2a6BW+S+X+H5pMUr1CV1ycWc=
27,86,SlIS3AbZkeb7idhzrw46hqTjTNI=,6tUrPSi+lsRUIVKVVIH87ljJmBM=
27,89,SlIS3AbZkeb7idhzrw46hqTjTNI=,27R2a6BW+S+X+H5pMUr1CV1ycWc=
31,88,SlIS3AbZkeb7idhzrw46hqTjTNI=,27R2a6BW+S+X+H5pMUr1CV1ycWc=
30,87,SlIS3AbZkeb7idhzrw46hqTjTNI=,6tUrPSi+lsRUIVKVVIH87ljJmBM=
30,88,SlIS3AbZkeb7idhzrw46hqTjTNI=,27R2a6BW+S+X+H5pMUr1CV1ycWc=
29,87,SlIS3AbZkeb7idhzrw46hqTjTNI=,6tUrPSi+lsRUIVKVVIH87ljJmBM=
30,83,SlIS3AbZkeb7idhzrw46hqTjTNI=,6tUrPSi+lsRUIVKVVIH87ljJmBM=
29,88,SlIS3AbZkeb7idhzrw46hqTjTNI=,27R2a6BW+S+X+H5pMUr1CV1ycWc=
28,88,SlIS3AbZkeb7idhzrw46hqTjTNI=,27R2a6BW+S+X+H5pMUr1CV1ycWc=
29,83,SlIS3AbZkeb7idhzrw46hqTjTNI=,6tUrPSi+lsRUIVKVVIH87ljJmBM=
31,85,SlIS3AbZkeb7idhzrw46hqTjTNI=,6tUrPSi+lsRUIVKVVIH87ljJmBM=
28,83,SlIS3AbZkeb7idhzrw46hqTjTNI=,6tUrPSi+lsRUIVKVVIH87ljJmBM=
27,88,SlIS3AbZkeb7idhzrw46hqTjTNI=,27R2a6BW+S+X+H5pMUr1CV1ycWc=
31,90,SlIS3AbZkeb7idhzrw46hqTjTNI=,27R2a6BW+S+X+H5pMUr1CV1ycWc=
30,90,SlIS3AbZkeb7idhzrw46hqTjTNI=,27R2a6BW+S+X+H5pMUr1CV1ycWc=
28,87,SlIS3AbZkeb7idhzrw46hqTjTNI=,6tUrPSi+lsRUIVKVVIH87ljJmBM=
30,85,SlIS3AbZkeb7idhzrw46hqTjTNI=,6tUrPSi+lsRUIVKVVIH87ljJmBM=
29,85,SlIS3AbZkeb7idhzrw46hqTjTNI=,6tUrPSi+lsRUIVKVVIH87ljJmBM=
27,81,SlIS3AbZkeb7idhzrw46hqTjTNI=,6tUrPSi+lsRUIVKVVIH87ljJmBM=
30,81,SlIS3AbZkeb7idhzrw46hqTjTNI=,6tUrPSi+lsRUIVKVVIH87ljJmBM=
30,80,SlIS3AbZkeb7idhzrw46hqTjTNI=,6tUrPSi+lsRUIVKVVIH87ljJmBM=
29,80,SlIS3AbZkeb7idhzrw46hqTjTNI=,6tUrPSi+lsRUIVKVVIH87ljJmBM=
31,80,SlIS3AbZkeb7idhzrw46hqTjTNI=,6tUrPSi+lsRUIVKVVIH87ljJmBM=
28,80,SlIS3AbZkeb7idhzrw46hqTjTNI=,6tUrPSi+lsRUIVKVVIH87ljJmBM=
27,80,SlIS3AbZkeb7idhzrw46hqTjTNI=,6tUrPSi+lsRUIVKVVIH87ljJmBM=
26,87,SlIS3AbZkeb7idhzrw46hqTjTNI=,6tUrPSi+lsRUIVKVVIH87ljJmBM=
23,85,SlIS3AbZkeb7idhzrw46hqTjTNI=,CpdbHgNvgEIiszNIDpXSgmMxEzU=
23,81,SlIS3AbZkeb7idhzrw46hqTjTNI=,CpdbHgNvgEIiszNIDpXSgmMxEzU=
22,85,SlIS3AbZkeb7idhzrw46hqTjTNI=,CpdbHgNvgEIiszNIDpXSgmMxEzU=
18,88,SlIS3AbZkeb7idhzrw46hqTjTNI=,nhGoEchNTxvRbgRAb3zqzU5m3Ps=
24,83,SlIS3AbZkeb7idhzrw46hqTjTNI=,6tUrPSi+lsRUIVKVVIH87ljJmBM=
25,83,SlIS3AbZkeb7idhzrw46hqTjTNI=,6tUrPSi+lsRUIVKVVIH87ljJmBM=
23,84,SlIS3AbZkeb7idhzrw46hqTjTNI=,CpdbHgNvgEIiszNIDpXSgmMxEzU=
22,81,SlIS3AbZkeb7idhzrw46hqTjTNI=,CpdbHgNvgEIiszNIDpXSgmMxEzU=
21,81,SlIS3AbZkeb7idhzrw46hqTjTNI=,CpdbHgNvgEIiszNIDpXSgmMxEzU=
20,81,SlIS3AbZkeb7idhzrw46hqTjTNI=,CpdbHgNvgEIiszNIDpXSgmMxEzU=
23,90,SlIS3AbZkeb7idhzrw46hqTjTNI=,nhGoEchNTxvRbgRAb3zqzU5m3Ps=
22,90,SlIS3AbZkeb7idhzrw46hqTjTNI=,nhGoEchNTxvRbgRAb3zqzU5m3Ps=
25,87,SlIS3AbZkeb7idhzrw46hqTjTNI=,6tUrPSi+lsRUIVKVVIH87ljJmBM=
22,84,SlIS3AbZkeb7idhzrw46hqTjTNI=,CpdbHgNvgEIiszNIDpXSgmMxEzU=
21,84,SlIS3AbZkeb7idhzrw46hqTjTNI=,CpdbHgNvgEIiszNIDpXSgmMxEzU=
20,84,SlIS3AbZkeb7idhzrw46hqTjTNI=,CpdbHgNvgEIiszNIDpXSgmMxEzU=
19,81,SlIS3AbZkeb7idhzrw46hqTjTNI=,CpdbHgNvgEIiszNIDpXSgmMxEzU=
17,88,SlIS3AbZkeb7idhzrw46hqTjTNI=,nhGoEchNTxvRbgRAb3zqzU5m3Ps=
26,83,SlIS3AbZkeb7idhzrw46hqTjTNI=,6tUrPSi+lsRUIVKVVIH87ljJmBM=
21,85,SlIS3AbZkeb7idhzrw46hqTjTNI=,CpdbHgNvgEIiszNIDpXSgmMxEzU=
18,81,SlIS3AbZkeb7idhzrw46hqTjTNI=,CpdbHgNvgEIiszNIDpXSgmMxEzU=
17,87,SlIS3AbZkeb7idhzrw46hqTjTNI=,CpdbHgNvgEIiszNIDpXSgmMxEzU=
24,88,SlIS3AbZkeb7idhzrw46hqTjTNI=,27R2a6BW+S+X+H5pMUr1CV1ycWc=
19,88,SlIS3AbZkeb7idhzrw46hqTjTNI=,nhGoEchNTxvRbgRAb3zqzU5m3Ps=
26,88,SlIS3AbZkeb7idhzrw46hqTjTNI=,27R2a6BW+S+X+H5pMUr1CV1ycWc=
22,87,SlIS3AbZkeb7idhzrw46hqTjTNI=,CpdbHgNvgEIiszNIDpXSgmMxEzU=
21,90,SlIS3AbZkeb7idhzrw46hqTjTNI=,nhGoEchNTxvRbgRAb3zqzU5m3Ps=
25,88,SlIS3AbZkeb7idhzrw46hqTjTNI=,27R2a6BW+S+X+H5pMUr1CV1ycWc=
24,87,SlIS3AbZkeb7idhzrw46hqTjTNI=,6tUrPSi+lsRUIVKVVIH87ljJmBM=
26,85,SlIS3AbZkeb7idhzrw46hqTjTNI=,6tUrPSi+lsRUIVKVVIH87ljJmBM=
25,82,SlIS3AbZkeb7idhzrw46hqTjTNI=,6tUrPSi+lsRUIVKVVIH87ljJmBM=
24,82,SlIS3AbZkeb7idhzrw46hqTjTNI=,6tUrPSi+lsRUIVKVVIH87ljJmBM=
20,90,SlIS3AbZkeb7idhzrw46hqTjTNI=,nhGoEchNTxvRbgRAb3zqzU5m3Ps=
26,90,SlIS3AbZkeb7idhzrw46hqTjTNI=,27R2a6BW+S+X+H5pMUr1CV1ycWc=
24,85,SlIS3AbZkeb7idhzrw46hqTjTNI=,6tUrPSi+lsRUIVKVVIH87ljJmBM=
19,84,SlIS3AbZkeb7idhzrw46hqTjTNI=,CpdbHgNvgEIiszNIDpXSgmMxEzU=
17,85,SlIS3AbZkeb7idhzrw46hqTjTNI=,CpdbHgNvgEIiszNIDpXSgmMxEzU=
16,88,SlIS3AbZkeb7idhzrw46hqTjTNI=,nhGoEchNTxvRbgRAb3zqzU5m3Ps=
16,85,SlIS3AbZkeb7idhzrw46hqTjTNI=,CpdbHgNvgEIiszNIDpXSgmMxEzU=
21,87,SlIS3AbZkeb7idhzrw46hqTjTNI=,CpdbHgNvgEIiszNIDpXSgmMxEzU=
18,84,SlIS3AbZkeb7idhzrw46hqTjTNI=,CpdbHgNvgEIiszNIDpXSgmMxEzU=
23,87,SlIS3AbZkeb7idhzrw46hqTjTNI=,CpdbHgNvgEIiszNIDpXSgmMxEzU=
19,90,SlIS3AbZkeb7idhzrw46hqTjTNI=,nhGoEchNTxvRbgRAb3zqzU5m3Ps=
24,81,SlIS3AbZkeb7idhzrw46hqTjTNI=,6tUrPSi+lsRUIVKVVIH87ljJmBM=
25,90,SlIS3AbZkeb7idhzrw46hqTjTNI=,27R2a6BW+S+X+H5pMUr1CV1ycWc=
24,90,SlIS3AbZkeb7idhzrw46hqTjTNI=,27R2a6BW+S+X+H5pMUr1CV1ycWc=
16,82,SlIS3AbZkeb7idhzrw46hqTjTNI=,CpdbHgNvgEIiszNIDpXSgmMxEzU=
20,85,SlIS3AbZkeb7idhzrw46hqTjTNI=,CpdbHgNvgEIiszNIDpXSgmMxEzU=
25,85,SlIS3AbZkeb7idhzrw46hqTjTNI=,6tUrPSi+lsRUIVKVVIH87ljJmBM=
18,85,SlIS3AbZkeb7idhzrw46hqTjTNI=,CpdbHgNvgEIiszNIDpXSgmMxEzU=
24,80,SlIS3AbZkeb7idhzrw46hqTjTNI=,6tUrPSi+lsRUIVKVVIH87ljJmBM=
24,84,SlIS3AbZkeb7idhzrw46hqTjTNI=,6tUrPSi+lsRUIVKVVIH87ljJmBM=
26,82,SlIS3AbZkeb7idhzrw46hqTjTNI=,6tUrPSi+lsRUIVKVVIH87ljJmBM=
23,86,SlIS3AbZkeb7idhzrw46hqTjTNI=,CpdbHgNvgEIiszNIDpXSgmMxEzU=
23,83,SlIS3AbZkeb7idhzrw46hqTjTNI=,CpdbHgNvgEIiszNIDpXSgmMxEzU=
22,83,SlIS3AbZkeb7idhzrw46hqTjTNI=,CpdbHgNvgEIiszNIDpXSgmMxEzU=
21,83,SlIS3AbZkeb7idhzrw46hqTjTNI=,CpdbHgNvgEIiszNIDpXSgmMxEzU=
17,82,SlIS3AbZkeb7idhzrw46hqTjTNI=,CpdbHgNvgEIiszNIDpXSgmMxEzU=
20,83,SlIS3AbZkeb7idhzrw46hqTjTNI=,CpdbHgNvgEIiszNIDpXSgmMxEzU=
25,81,SlIS3AbZkeb7idhzrw46hqTjTNI=,6tUrPSi+lsRUIVKVVIH87ljJmBM=
18,90,SlIS3AbZkeb7idhzrw46hqTjTNI=,nhGoEchNTxvRbgRAb3zqzU5m3Ps=
19,83,SlIS3AbZkeb7idhzrw46hqTjTNI=,CpdbHgNvgEIiszNIDpXSgmMxEzU=
18,83,SlIS3AbZkeb7idhzrw46hqTjTNI=,CpdbHgNvgEIiszNIDpXSgmMxEzU=
17,90,SlIS3AbZkeb7idhzrw46hqTjTNI=,nhGoEchNTxvRbgRAb3zqzU5m3Ps=
23,89,SlIS3AbZkeb7idhzrw46hqTjTNI=,nhGoEchNTxvRbgRAb3zqzU5m3Ps=
25,84,SlIS3AbZkeb7idhzrw46hqTjTNI=,6tUrPSi+lsRUIVKVVIH87ljJmBM=
17,81,SlIS3AbZkeb7idhzrw46hqTjTNI=,CpdbHgNvgEIiszNIDpXSgmMxEzU=
22,86,SlIS3AbZkeb7idhzrw46hqTjTNI=,CpdbHgNvgEIiszNIDpXSgmMxEzU=
23,82,SlIS3AbZkeb7idhzrw46hqTjTNI=,CpdbHgNvgEIiszNIDpXSgmMxEzU=
22,89,SlIS3AbZkeb7idhzrw46hqTjTNI=,nhGoEchNTxvRbgRAb3zqzU5m3Ps=
23,80,SlIS3AbZkeb7idhzrw46hqTjTNI=,CpdbHgNvgEIiszNIDpXSgmMxEzU=
16,87,SlIS3AbZkeb7idhzrw46hqTjTNI=,CpdbHgNvgEIiszNIDpXSgmMxEzU=
17,83,SlIS3AbZkeb7idhzrw46hqTjTNI=,CpdbHgNvgEIiszNIDpXSgmMxEzU=
21,89,SlIS3AbZkeb7idhzrw46hqTjTNI=,nhGoEchNTxvRbgRAb3zqzU5m3Ps=
20,89,SlIS3AbZkeb7idhzrw46hqTjTNI=,nhGoEchNTxvRbgRAb3zqzU5m3Ps=
22,80,SlIS3AbZkeb7idhzrw46hqTjTNI=,CpdbHgNvgEIiszNIDpXSgmMxEzU=
19,89,SlIS3AbZkeb7idhzrw46hqTjTNI=,nhGoEchNTxvRbgRAb3zqzU5m3Ps=
20,87,SlIS3AbZkeb7idhzrw46hqTjTNI=,CpdbHgNvgEIiszNIDpXSgmMxEzU=
18,89,SlIS3AbZkeb7idhzrw46hqTjTNI=,nhGoEchNTxvRbgRAb3zqzU5m3Ps=
17,84,SlIS3AbZkeb7idhzrw46hqTjTNI=,CpdbHgNvgEIiszNIDpXSgmMxEzU=
25,80,SlIS3AbZkeb7idhzrw46hqTjTNI=,6tUrPSi+lsRUIVKVVIH87ljJmBM=
24,86,SlIS3AbZkeb7idhzrw46hqTjTNI=,6tUrPSi+lsRUIVKVVIH87ljJmBM=
21,80,SlIS3AbZkeb7idhzrw46hqTjTNI=,CpdbHgNvgEIiszNIDpXSgmMxEzU=
22,82,SlIS3AbZkeb7idhzrw46hqTjTNI=,CpdbHgNvgEIiszNIDpXSgmMxEzU=
26,80,SlIS3AbZkeb7idhzrw46hqTjTNI=,6tUrPSi+lsRUIVKVVIH87ljJmBM=
26,81,SlIS3AbZkeb7idhzrw46hqTjTNI=,6tUrPSi+lsRUIVKVVIH87ljJmBM=
21,82,SlIS3AbZkeb7idhzrw46hqTjTNI=,CpdbHgNvgEIiszNIDpXSgmMxEzU=
20,80,SlIS3AbZkeb7idhzrw46hqTjTNI=,CpdbHgNvgEIiszNIDpXSgmMxEzU=
19,80,SlIS3AbZkeb7idhzrw46hqTjTNI=,CpdbHgNvgEIiszNIDpXSgmMxEzU=
17,89,SlIS3AbZkeb7idhzrw46hqTjTNI=,nhGoEchNTxvRbgRAb3zqzU5m3Ps=
19,85,SlIS3AbZkeb7idhzrw46hqTjTNI=,CpdbHgNvgEIiszNIDpXSgmMxEzU=
20,82,SlIS3AbZkeb7idhzrw46hqTjTNI=,CpdbHgNvgEIiszNIDpXSgmMxEzU=
18,80,SlIS3AbZkeb7idhzrw46hqTjTNI=,CpdbHgNvgEIiszNIDpXSgmMxEzU=
19,82,SlIS3AbZkeb7idhzrw46hqTjTNI=,CpdbHgNvgEIiszNIDpXSgmMxEzU=
18,82,SlIS3AbZkeb7idhzrw46hqTjTNI=,CpdbHgNvgEIiszNIDpXSgmMxEzU=
23,88,SlIS3AbZkeb7idhzrw46hqTjTNI=,nhGoEchNTxvRbgRAb3zqzU5m3Ps=
26,84,SlIS3AbZkeb7idhzrw46hqTjTNI=,6tUrPSi+lsRUIVKVVIH87ljJmBM=
16,90,SlIS3AbZkeb7idhzrw46hqTjTNI=,nhGoEchNTxvRbgRAb3zqzU5m3Ps=
20,88,SlIS3AbZkeb7idhzrw46hqTjTNI=,nhGoEchNTxvRbgRAb3zqzU5m3Ps=
21,88,SlIS3AbZkeb7idhzrw46hqTjTNI=,nhGoEchNTxvRbgRAb3zqzU5m3Ps=
25,89,SlIS3AbZkeb7idhzrw46hqTjTNI=,27R2a6BW+S+X+H5pMUr1CV1ycWc=
26,89,SlIS3AbZkeb7idhzrw46hqTjTNI=,27R2a6BW+S+X+H5pMUr1CV1ycWc=
24,89,SlIS3AbZkeb7idhzrw46hqTjTNI=,27R2a6BW+S+X+H5pMUr1CV1ycWc=
22,88,SlIS3AbZkeb7idhzrw46hqTjTNI=,nhGoEchNTxvRbgRAb3zqzU5m3Ps=
16,81,SlIS3AbZkeb7idhzrw46hqTjTNI=,CpdbHgNvgEIiszNIDpXSgmMxEzU=
19,87,SlIS3AbZkeb7idhzrw46hqTjTNI=,CpdbHgNvgEIiszNIDpXSgmMxEzU=
18,87,SlIS3AbZkeb7idhzrw46hqTjTNI=,CpdbHgNvgEIiszNIDpXSgmMxEzU=
26,86,SlIS3AbZkeb7idhzrw46hqTjTNI=,6tUrPSi+lsRUIVKVVIH87ljJmBM=
20,86,SlIS3AbZkeb7idhzrw46hqTjTNI=,CpdbHgNvgEIiszNIDpXSgmMxEzU=
16,84,SlIS3AbZkeb7idhzrw46hqTjTNI=,CpdbHgNvgEIiszNIDpXSgmMxEzU=
16,83,SlIS3AbZkeb7idhzrw46hqTjTNI=,CpdbHgNvgEIiszNIDpXSgmMxEzU=
21,86,SlIS3AbZkeb7idhzrw46hqTjTNI=,CpdbHgNvgEIiszNIDpXSgmMxEzU=
17,80,SlIS3AbZkeb7idhzrw46hqTjTNI=,CpdbHgNvgEIiszNIDpXSgmMxEzU=
19,86,SlIS3AbZkeb7idhzrw46hqTjTNI=,CpdbHgNvgEIiszNIDpXSgmMxEzU=
16,89,SlIS3AbZkeb7idhzrw46hqTjTNI=,nhGoEchNTxvRbgRAb3zqzU5m3Ps=
17,86,SlIS3AbZkeb7idhzrw46hqTjTNI=,CpdbHgNvgEIiszNIDpXSgmMxEzU=
18,86,SlIS3AbZkeb7idhzrw46hqTjTNI=,CpdbHgNvgEIiszNIDpXSgmMxEzU=
25,86,SlIS3AbZkeb7idhzrw46hqTjTNI=,6tUrPSi+lsRUIVKVVIH87ljJmBM=
16,86,SlIS3AbZkeb7idhzrw46hqTjTNI=,CpdbHgNvgEIiszNIDpXSgmMxEzU=
16,80,SlIS3AbZkeb7idhzrw46hqTjTNI=,CpdbHgNvgEIiszNIDpXSgmMxEzU=
19,75,SlIS3AbZkeb7idhzrw46hqTjTNI=,zAHycChqZmL00PAcJtN4AaIKnNI=
20,76,SlIS3AbZkeb7idhzrw46hqTjTNI=,zAHycChqZmL00PAcJtN4AaIKnNI=
19,76,SlIS3AbZkeb7idhzrw46hqTjTNI=,zAHycChqZmL00PAcJtN4AaIKnNI=
20,75,SlIS3AbZkeb7idhzrw46hqTjTNI=,zAHycChqZmL00PAcJtN4AaIKnNI=
23,76,L2Gk6iM1rPwB88QQJiBpXKf15/0=,zAHycChqZmL00PAcJtN4AaIKnNI=
28,75,L2Gk6iM1rPwB88QQJiBpXKf15/0=,nml0NlkzWBwo6C7D2lrBF2RGZXg=
29,75,L2Gk6iM1rPwB88QQJiBpXKf15/0=,nml0NlkzWBwo6C7D2lrBF2RGZXg=
30,75,L2Gk6iM1rPwB88QQJiBpXKf15/0=,nml0NlkzWBwo6C7D2lrBF2RGZXg=
31,75,L2Gk6iM1rPwB88QQJiBpXKf15/0=,nml0NlkzWBwo6C7D2lrBF2RGZXg=
24,76,L2Gk6iM1rPwB88QQJiBpXKf15/0=,nml0NlkzWBwo6C7D2lrBF2RGZXg=
25,76,L2Gk6iM1rPwB88QQJiBpXKf15/0=,nml0NlkzWBwo6C7D2lrBF2RGZXg=
26,76,L2Gk6iM1rPwB88QQJiBpXKf15/0=,nml0NlkzWBwo6C7D2lrBF2RGZXg=
22,76,L2Gk6iM1rPwB88QQJiBpXKf15/0=,zAHycChqZmL00PAcJtN4AaIKnNI=
21,76,L2Gk6iM1rPwB88QQJiBpXKf15/0=,zAHycChqZmL00PAcJtN4AaIKnNI=
25,75,L2Gk6iM1rPwB88QQJiBpXKf15/0=,nml0NlkzWBwo6C7D2lrBF2RGZXg=
23,75,L2Gk6iM1rPwB88QQJiBpXKf15/0=,zAHycChqZmL00PAcJtN4AaIKnNI=
22,75,L2Gk6iM1rPwB88QQJiBpXKf15/0=,zAHycChqZmL00PAcJtN4AaIKnNI=
21,75,L2Gk6iM1rPwB88QQJiBpXKf15/0=,zAHycChqZmL00PAcJtN4AaIKnNI=
24,75,L2Gk6iM1rPwB88QQJiBpXKf15/0=,nml0NlkzWBwo6C7D2lrBF2RGZXg=
31,76,L2Gk6iM1rPwB88QQJiBpXKf15/0=,nml0NlkzWBwo6C7D2lrBF2RGZXg=
30,76,L2Gk6iM1rPwB88QQJiBpXKf15/0=,nml0NlkzWBwo6C7D2lrBF2RGZXg=
29,76,L2Gk6iM1rPwB88QQJiBpXKf15/0=,nml0NlkzWBwo6C7D2lrBF2RGZXg=
26,75,L2Gk6iM1rPwB88QQJiBpXKf15/0=,nml0NlkzWBwo6C7D2lrBF2RGZXg=
28,76,L2Gk6iM1rPwB88QQJiBpXKf15/0=,nml0NlkzWBwo6C7D2lrBF2RGZXg=
27,75,L2Gk6iM1rPwB88QQJiBpXKf15/0=,nml0NlkzWBwo6C7D2lrBF2RGZXg=
27,76,L2Gk6iM1rPwB88QQJiBpXKf15/0=,nml0NlkzWBwo6C7D2lrBF2RGZXg=
20,71,L2Gk6iM1rPwB88QQJiBpXKf15/0=,2LKkkW3P8D6V9jlHo6+PM6vqTDA=
19,74,L2Gk6iM1rPwB88QQJiBpXKf15/0=,zAHycChqZmL00PAcJtN4AaIKnNI=
19,71,L2Gk6iM1rPwB88QQJiBpXKf15/0=,2LKkkW3P8D6V9jlHo6+PM6vqTDA=
20,68,L2Gk6iM1rPwB88QQJiBpXKf15/0=,2LKkkW3P8D6V9jlHo6+PM6vqTDA=
20,69,L2Gk6iM1rPwB88QQJiBpXKf15/0=,2LKkkW3P8D6V9jlHo6+PM6vqTDA=
19,69,L2Gk6iM1rPwB88QQJiBpXKf15/0=,2LKkkW3P8D6V9jlHo6+PM6vqTDA=
19,68,L2Gk6iM1rPwB88QQJiBpXKf15/0=,2LKkkW3P8D6V9jlHo6+PM6vqTDA=
18,68,L2Gk6iM1rPwB88QQJiBpXKf15/0=,2LKkkW3P8D6V9jlHo6+PM6vqTDA=
16,68,L2Gk6iM1rPwB88QQJiBpXKf15/0=,2LKkkW3P8D6V9jlHo6+PM6vqTDA=
20,73,L2Gk6iM1rPwB88QQJiBpXKf15/0=,zAHycChqZmL00PAcJtN4AaIKnNI=
20,67,L2Gk6iM1rPwB88QQJiBpXKf15/0=,2LKkkW3P8D6V9jlHo6+PM6vqTDA=
17,68,L2Gk6iM1rPwB88QQJiBpXKf15/0=,2LKkkW3P8D6V9jlHo6+PM6vqTDA=
16,67,L2Gk6iM1rPwB88QQJiBpXKf15/0=,2LKkkW3P8D6V9jlHo6+PM6vqTDA=
20,74,L2Gk6iM1rPwB88QQJiBpXKf15/0=,zAHycChqZmL00PAcJtN4AaIKnNI=
20,70,L2Gk6iM1rPwB88QQJiBpXKf15/0=,2LKkkW3P8D6V9jlHo6+PM6vqTDA=
19,70,L2Gk6iM1rPwB88QQJiBpXKf15/0=,2LKkkW3P8D6V9jlHo6+PM6vqTDA=
19,73,L2Gk6iM1rPwB88QQJiBpXKf15/0=,zAHycChqZmL00PAcJtN4AaIKnNI=
20,72,L2Gk6iM1rPwB88QQJiBpXKf15/0=,zAHycChqZmL00PAcJtN4AaIKnNI=
19,72,L2Gk6iM1rPwB88QQJiBpXKf15/0=,zAHycChqZmL00PAcJtN4AaIKnNI=
17,67,L2Gk6iM1rPwB88QQJiBpXKf15/0=,2LKkkW3P8D6V9jlHo6+PM6vqTDA=
18,67,L2Gk6iM1rPwB88QQJiBpXKf15/0=,2LKkkW3P8D6V9jlHo6+PM6vqTDA=
19,67,L2Gk6iM1rPwB88QQJiBpXKf15/0=,2LKkkW3P8D6V9jlHo6+PM6vqTDA=
31,71,L2Gk6iM1rPwB88QQJiBpXKf15/0=,rP/pa2zIWhqVKdnqp47Lj+MdlYw=
31,73,L2Gk6iM1rPwB88QQJiBpXKf15/0=,nml0NlkzWBwo6C7D2lrBF2RGZXg=
25,73,L2Gk6iM1rPwB88QQJiBpXKf15/0=,nml0NlkzWBwo6C7D2lrBF2RGZXg=
24,73,L2Gk6iM1rPwB88QQJiBpXKf15/0=,nml0NlkzWBwo6C7D2lrBF2RGZXg=
25,71,L2Gk6iM1rPwB88QQJiBpXKf15/0=,rP/pa2zIWhqVKdnqp47Lj+MdlYw=
26,71,L2Gk6iM1rPwB88QQJiBpXKf15/0=,rP/pa2zIWhqVKdnqp47Lj+MdlYw=
30,73,L2Gk6iM1rPwB88QQJiBpXKf15/0=,nml0NlkzWBwo6C7D2lrBF2RGZXg=
27,69,L2Gk6iM1rPwB88QQJiBpXKf15/0=,rP/pa2zIWhqVKdnqp47Lj+MdlYw=
27,71,L2Gk6iM1rPwB88QQJiBpXKf15/0=,rP/pa2zIWhqVKdnqp47Lj+MdlYw=
31,72,L2Gk6iM1rPwB88QQJiBpXKf15/0=,nml0NlkzWBwo6C7D2lrBF2RGZXg=
30,72,L2Gk6iM1rPwB88QQJiBpXKf15/0=,nml0NlkzWBwo6C7D2lrBF2RGZXg=
23,68,L2Gk6iM1rPwB88QQJiBpXKf15/0=,2LKkkW3P8D6V9jlHo6+PM6vqTDA=
27,67,L2Gk6iM1rPwB88QQJiBpXKf15/0=,rP/pa2zIWhqVKdnqp47Lj+MdlYw=
24,71,L2Gk6iM1rPwB88QQJiBpXKf15/0=,rP/pa2zIWhqVKdnqp47Lj+MdlYw=
29,74,L2Gk6iM1rPwB88QQJiBpXKf15/0=,nml0NlkzWBwo6C7D2lrBF2RGZXg=
26,73,L2Gk6iM1rPwB88QQJiBpXKf15/0=,nml0NlkzWBwo6C7D2lrBF2RGZXg=
28,69,L2Gk6iM1rPwB88QQJiBpXKf15/0=,rP/pa2zIWhqVKdnqp47Lj+MdlYw=
24,67,L2Gk6iM1rPwB88QQJiBpXKf15/0=,rP/pa2zIWhqVKdnqp47Lj+MdlYw=
30,65,L2Gk6iM1rPwB88QQJiBpXKf15/0=,rP/pa2zIWhqVKdnqp47Lj+MdlYw=
25,69,L2Gk6iM1rPwB88QQJiBpXKf15/0=,rP/pa2zIWhqVKdnqp47Lj+MdlYw=
29,65,L2Gk6iM1rPwB88QQJiBpXKf15/0=,rP/pa2zIWhqVKdnqp47Lj+MdlYw=
31,65,L2Gk6iM1rPwB88QQJiBpXKf15/0=,rP/pa2zIWhqVKdnqp47Lj+MdlYw=
28,65,L2Gk6iM1rPwB88QQJiBpXKf15/0=,rP/pa2zIWhqVKdnqp47Lj+MdlYw=
25,67,L2Gk6iM1rPwB88QQJiBpXKf15/0=,rP/pa2zIWhqVKdnqp47Lj+MdlYw=
29,66,L2Gk6iM1rPwB88QQJiBpXKf15/0=,rP/pa2zIWhqVKdnqp47Lj+MdlYw=
29,69,L2Gk6iM1rPwB88QQJiBpXKf15/0=,rP/pa2zIWhqVKdnqp47Lj+MdlYw=
26,67,L2Gk6iM1rPwB88QQJiBpXKf15/0=,rP/pa2zIWhqVKdnqp47Lj+MdlYw=
21,71,L2Gk6iM1rPwB88QQJiBpXKf15/0=,2LKkkW3P8D6V9jlHo6+PM6vqTDA=
30,66,L2Gk6iM1rPwB88QQJiBpXKf15/0=,rP/pa2zIWhqVKdnqp47Lj+MdlYw=
28,66,L2Gk6iM1rPwB88QQJiBpXKf15/0=,rP/pa2zIWhqVKdnqp47Lj+MdlYw=
31,64,L2Gk6iM1rPwB88QQJiBpXKf15/0=,rP/pa2zIWhqVKdnqp47Lj+MdlYw=
22,68,L2Gk6iM1rPwB88QQJiBpXKf15/0=,2LKkkW3P8D6V9jlHo6+PM6vqTDA=
30,64,L2Gk6iM1rPwB88QQJiBpXKf15/0=,rP/pa2zIWhqVKdnqp47Lj+MdlYw=
31,66,L2Gk6iM1rPwB88QQJiBpXKf15/0=,rP/pa2zIWhqVKdnqp47Lj+MdlYw=
21,68,L2Gk6iM1rPwB88QQJiBpXKf15/0=,2LKkkW3P8D6V9jlHo6+PM6vqTDA=
29,64,L2Gk6iM1rPwB88QQJiBpXKf15/0=,rP/pa2zIWhqVKdnqp47Lj+MdlYw=
23,69,L2Gk6iM1rPwB88QQJiBpXKf15/0=,2LKkkW3P8D6V9jlHo6+PM6vqTDA=
22,69,L2Gk6iM1rPwB88QQJiBpXKf15/0=,2LKkkW3P8D6V9jlHo6+PM6vqTDA=
21,69,L2Gk6iM1rPwB88QQJiBpXKf15/0=,2LKkkW3P8D6V9jlHo6+PM6vqTDA=
30,71,L2Gk6iM1rPwB88QQJiBpXKf15/0=,rP/pa2zIWhqVKdnqp47Lj+MdlYw=
29,71,L2Gk6iM1rPwB88QQJiBpXKf15/0=,rP/pa2zIWhqVKdnqp47Lj+MdlYw=
26,69,L2Gk6iM1rPwB88QQJiBpXKf15/0=,rP/pa2zIWhqVKdnqp47Lj+MdlYw=
27,66,L2Gk6iM1rPwB88QQJiBpXKf15/0=,rP/pa2zIWhqVKdnqp47Lj+MdlYw=
29,72,L2Gk6iM1rPwB88QQJiBpXKf15/0=,nml0NlkzWBwo6C7D2lrBF2RGZXg=
30,69,L2Gk6iM1rPwB88QQJiBpXKf15/0=,rP/pa2zIWhqVKdnqp47Lj+MdlYw=
28,74,L2Gk6iM1rPwB88QQJiBpXKf15/0=,nml0NlkzWBwo6C7D2lrBF2RGZXg=
22,71,L2Gk6iM1rPwB88QQJiBpXKf15/0=,2LKkkW3P8D6V9jlHo6+PM6vqTDA=
23,71,L2Gk6iM1rPwB88QQJiBpXKf15/0=,2LKkkW3P8D6V9jlHo6+PM6vqTDA=
27,65,L2Gk6iM1rPwB88QQJiBpXKf15/0=,rP/pa2zIWhqVKdnqp47Lj+MdlYw=
28,72,L2Gk6iM1rPwB88QQJiBpXKf15/0=,nml0NlkzWBwo6C7D2lrBF2RGZXg=
25,74,L2Gk6iM1rPwB88QQJiBpXKf15/0=,nml0NlkzWBwo6C7D2lrBF2RGZXg=
27,64,L2Gk6iM1rPwB88QQJiBpXKf15/0=,rP/pa2zIWhqVKdnqp47Lj+MdlYw=
28,64,L2Gk6iM1rPwB88QQJiBpXKf15/0=,rP/pa2zIWhqVKdnqp47Lj+MdlYw=
24,69,L2Gk6iM1rPwB88QQJiBpXKf15/0=,rP/pa2zIWhqVKdnqp47Lj+MdlYw=
28,67,L2Gk6iM1rPwB88QQJiBpXKf15/0=,rP/pa2zIWhqVKdnqp47Lj+MdlYw=
26,74,L2Gk6iM1rPwB88QQJiBpXKf15/0=,nml0NlkzWBwo6C7D2lrBF2RGZXg=
23,70,L2Gk6iM1rPwB88QQJiBpXKf15/0=,2LKkkW3P8D6V9jlHo6+PM6vqTDA=
25,72,L2Gk6iM1rPwB88QQJiBpXKf15/0=,nml0NlkzWBwo6C7D2lrBF2RGZXg=
24,74,L2Gk6iM1rPwB88QQJiBpXKf15/0=,nml0NlkzWBwo6C7D2lrBF2RGZXg=
24,72,L2Gk6iM1rPwB88QQJiBpXKf15/0=,nml0NlkzWBwo6C7D2lrBF2RGZXg=
23,73,L2Gk6iM1rPwB88QQJiBpXKf15/0=,zAHycChqZmL00PAcJtN4AaIKnNI=
29,73,L2Gk6iM1rPwB88QQJiBpXKf15/0=,nml0NlkzWBwo6C7D2lrBF2RGZXg=
22,73,L2Gk6iM1rPwB88QQJiBpXKf15/0=,zAHycChqZmL00PAcJtN4AaIKnNI=
23,67,L2Gk6iM1rPwB88QQJiBpXKf15/0=,2LKkkW3P8D6V9jlHo6+PM6vqTDA=
22,67,L2Gk6iM1rPwB88QQJiBpXKf15/0=,2LKkkW3P8D6V9jlHo6+PM6vqTDA=
21,73,L2Gk6iM1rPwB88QQJiBpXKf15/0=,zAHycChqZmL00PAcJtN4AaIKnNI=
31,70,L2Gk6iM1rPwB88QQJiBpXKf15/0=,rP/pa2zIWhqVKdnqp47Lj+MdlYw=
21,67,L2Gk6iM1rPwB88QQJiBpXKf15/0=,2LKkkW3P8D6V9jlHo6+PM6vqTDA=
23,74,L2Gk6iM1rPwB88QQJiBpXKf15/0=,zAHycChqZmL00PAcJtN4AaIKnNI=
30,70,L2Gk6iM1rPwB88QQJiBpXKf15/0=,rP/pa2zIWhqVKdnqp47Lj+MdlYw=
27,72,L2Gk6iM1rPwB88QQJiBpXKf15/0=,nml0NlkzWBwo6C7D2lrBF2RGZXg=
22,74,L2Gk6iM1rPwB88QQJiBpXKf15/0=,zAHycChqZmL00PAcJtN4AaIKnNI=
21,74,L2Gk6iM1rPwB88QQJiBpXKf15/0=,zAHycChqZmL00PAcJtN4AaIKnNI=
29,70,L2Gk6iM1rPwB88QQJiBpXKf15/0=,rP/pa2zIWhqVKdnqp47Lj+MdlYw=
22,70,L2Gk6iM1rPwB88QQJiBpXKf15/0=,2LKkkW3P8D6V9jlHo6+PM6vqTDA=
21,70,L2Gk6iM1rPwB88QQJiBpXKf15/0=,2LKkkW3P8D6V9jlHo6+PM6vqTDA=
28,70,L2Gk6iM1rPwB88QQJiBpXKf15/0=,rP/pa2zIWhqVKdnqp47Lj+MdlYw=
28,73,L2Gk6iM1rPwB88QQJiBpXKf15/0=,nml0NlkzWBwo6C7D2lrBF2RGZXg=
25,68,L2Gk6iM1rPwB88QQJiBpXKf15/0=,rP/pa2zIWhqVKdnqp47Lj+MdlYw=
24,68,L2Gk6iM1rPwB88QQJiBpXKf15/0=,rP/pa2zIWhqVKdnqp47Lj+MdlYw=
31,68,L2Gk6iM1rPwB88QQJiBpXKf15/0=,rP/pa2zIWhqVKdnqp47Lj+MdlYw=
29,67,L2Gk6iM1rPwB88QQJiBpXKf15/0=,rP/pa2zIWhqVKdnqp47Lj+MdlYw=
27,74,L2Gk6iM1rPwB88QQJiBpXKf15/0=,nml0NlkzWBwo6C7D2lrBF2RGZXg=
23,72,L2Gk6iM1rPwB88QQJiBpXKf15/0=,zAHycChqZmL00PAcJtN4AaIKnNI=
26,72,L2Gk6iM1rPwB88QQJiBpXKf15/0=,nml0NlkzWBwo6C7D2lrBF2RGZXg=
22,72,L2Gk6iM1rPwB88QQJiBpXKf15/0=,zAHycChqZmL00PAcJtN4AaIKnNI=
30,68,L2Gk6iM1rPwB88QQJiBpXKf15/0=,rP/pa2zIWhqVKdnqp47Lj+MdlYw=
25,70,L2Gk6iM1rPwB88QQJiBpXKf15/0=,rP/pa2zIWhqVKdnqp47Lj+MdlYw=
21,72,L2Gk6iM1rPwB88QQJiBpXKf15/0=,zAHycChqZmL00PAcJtN4AaIKnNI=
31,74,L2Gk6iM1rPwB88QQJiBpXKf15/0=,nml0NlkzWBwo6C7D2lrBF2RGZXg=
27,70,L2Gk6iM1rPwB88QQJiBpXKf15/0=,rP/pa2zIWhqVKdnqp47Lj+MdlYw=
27,68,L2Gk6iM1rPwB88QQJiBpXKf15/0=,rP/pa2zIWhqVKdnqp47Lj+MdlYw=
29,68,L2Gk6iM1rPwB88QQJiBpXKf15/0=,rP/pa2zIWhqVKdnqp47Lj+MdlYw=
28,68,L2Gk6iM1rPwB88QQJiBpXKf15/0=,rP/pa2zIWhqVKdnqp47Lj+MdlYw=
30,74,L2Gk6iM1rPwB88QQJiBpXKf15/0=,nml0NlkzWBwo6C7D2lrBF2RGZXg=
24,70,L2Gk6iM1rPwB88QQJiBpXKf15/0=,rP/pa2zIWhqVKdnqp47Lj+MdlYw=
28,71,L2Gk6iM1rPwB88QQJiBpXKf15/0=,rP/pa2zIWhqVKdnqp47Lj+MdlYw=
26,68,L2Gk6iM1rPwB88QQJiBpXKf15/0=,rP/pa2zIWhqVKdnqp47Lj+MdlYw=
31,67,L2Gk6iM1rPwB88QQJiBpXKf15/0=,rP/pa2zIWhqVKdnqp47Lj+MdlYw=
26,70,L2Gk6iM1rPwB88QQJiBpXKf15/0=,rP/pa2zIWhqVKdnqp47Lj+MdlYw=
30,67,L2Gk6iM1rPwB88QQJiBpXKf15/0=,rP/pa2zIWhqVKdnqp47Lj+MdlYw=
31,69,L2Gk6iM1rPwB88QQJiBpXKf15/0=,rP/pa2zIWhqVKdnqp47Lj+MdlYw=
27,73,L2Gk6iM1rPwB88QQJiBpXKf15/0=,nml0NlkzWBwo6C7D2lrBF2RGZXg=
19,78,L2Gk6iM1rPwB88QQJiBpXKf15/0=,zAHycChqZmL00PAcJtN4AaIKnNI=
20,78,L2Gk6iM1rPwB88QQJiBpXKf15/0=,zAHycChqZmL00PAcJtN4AaIKnNI=
20,77,L2Gk6iM1rPwB88QQJiBpXKf15/0=,zAHycChqZmL00PAcJtN4AaIKnNI=
20,79,L2Gk6iM1rPwB88QQJiBpXKf15/0=,zAHycChqZmL00PAcJtN4AaIKnNI=
19,79,L2Gk6iM1rPwB88QQJiBpXKf15/0=,zAHycChqZmL00PAcJtN4AaIKnNI=
19,77,L2Gk6iM1rPwB88QQJiBpXKf15/0=,zAHycChqZmL00PAcJtN4AaIKnNI=
26,66,L2Gk6iM1rPwB88QQJiBpXKf15/0=,rP/pa2zIWhqVKdnqp47Lj+MdlYw=
25,66,L2Gk6iM1rPwB88QQJiBpXKf15/0=,rP/pa2zIWhqVKdnqp47Lj+MdlYw=
20,66,L2Gk6iM1rPwB88QQJiBpXKf15/0=,2LKkkW3P8D6V9jlHo6+PM6vqTDA=
19,66,L2Gk6iM1rPwB88QQJiBpXKf15/0=,2LKkkW3P8D6V9jlHo6+PM6vqTDA=
21,66,L2Gk6iM1rPwB88QQJiBpXKf15/0=,2LKkkW3P8D6V9jlHo6+PM6vqTDA=
24,66,L2Gk6iM1rPwB88QQJiBpXKf15/0=,rP/pa2zIWhqVKdnqp47Lj+MdlYw=
25,65,L2Gk6iM1rPwB88QQJiBpXKf15/0=,rP/pa2zIWhqVKdnqp47Lj+MdlYw=
23,65,L2Gk6iM1rPwB88QQJiBpXKf15/0=,2LKkkW3P8D6V9jlHo6+PM6vqTDA=
24,65,L2Gk6iM1rPwB88QQJiBpXKf15/0=,rP/pa2zIWhqVKdnqp47Lj+MdlYw=
26,64,L2Gk6iM1rPwB88QQJiBpXKf15/0=,rP/pa2zIWhqVKdnqp47Lj+MdlYw=
26,65,L2Gk6iM1rPwB88QQJiBpXKf15/0=,rP/pa2zIWhqVKdnqp47Lj+MdlYw=
22,66,L2Gk6iM1rPwB88QQJiBpXKf15/0=,2LKkkW3P8D6V9jlHo6+PM6vqTDA=
24,64,L2Gk6iM1rPwB88QQJiBpXKf15/0=,rP/pa2zIWhqVKdnqp47Lj+MdlYw=
23,64,L2Gk6iM1rPwB88QQJiBpXKf15/0=,2LKkkW3P8D6V9jlHo6+PM6vqTDA=
20,65,L2Gk6iM1rPwB88QQJiBpXKf15/0=,2LKkkW3P8D6V9jlHo6+PM6vqTDA=
18,71,L2Gk6iM1rPwB88QQJiBpXKf15/0=,2LKkkW3P8D6V9jlHo6+PM6vqTDA=
18,74,L2Gk6iM1rPwB88QQJiBpXKf15/0=,zAHycChqZmL00PAcJtN4AaIKnNI=
18,70,L2Gk6iM1rPwB88QQJiBpXKf15/0=,2LKkkW3P8D6V9jlHo6+PM6vqTDA=
17,72,L2Gk6iM1rPwB88QQJiBpXKf15/0=,zAHycChqZmL00PAcJtN4AaIKnNI=
16,72,L2Gk6iM1rPwB88QQJiBpXKf15/0=,zAHycChqZmL00PAcJtN4AaIKnNI=
18,72,L2Gk6iM1rPwB88QQJiBpXKf15/0=,zAHycChqZmL00PAcJtN4AaIKnNI=
16,73,L2Gk6iM1rPwB88QQJiBpXKf15/0=,zAHycChqZmL00PAcJtN4AaIKnNI=
22,65,L2Gk6iM1rPwB88QQJiBpXKf15/0=,2LKkkW3P8D6V9jlHo6+PM6vqTDA=
17,73,L2Gk6iM1rPwB88QQJiBpXKf15/0=,zAHycChqZmL00PAcJtN4AaIKnNI=
18,73,L2Gk6iM1rPwB88QQJiBpXKf15/0=,zAHycChqZmL00PAcJtN4AaIKnNI=
16,75,L2Gk6iM1rPwB88QQJiBpXKf15/0=,zAHycChqZmL00PAcJtN4AaIKnNI=
17,75,L2Gk6iM1rPwB88QQJiBpXKf15/0=,zAHycChqZmL00PAcJtN4AaIKnNI=
16,74,L2Gk6iM1rPwB88QQJiBpXKf15/0=,zAHycChqZmL00PAcJtN4AaIKnNI=
18,75,L2Gk6iM1rPwB88QQJiBpXKf15/0=,zAHycChqZmL00PAcJtN4AaIKnNI=
25,64,L2Gk6iM1rPwB88QQJiBpXKf15/0=,rP/pa2zIWhqVKdnqp47Lj+MdlYw=
17,71,L2Gk6iM1rPwB88QQJiBpXKf15/0=,2LKkkW3P8D6V9jlHo6+PM6vqTDA=
21,64,L2Gk6iM1rPwB88QQJiBpXKf15/0=,2LKkkW3P8D6V9jlHo6+PM6vqTDA=
17,74,L2Gk6iM1rPwB88QQJiBpXKf15/0=,zAHycChqZmL00PAcJtN4AaIKnNI=
18,76,L2Gk6iM1rPwB88QQJiBpXKf15/0=,zAHycChqZmL00PAcJtN4AaIKnNI=
17,76,L2Gk6iM1rPwB88QQJiBpXKf15/0=,zAHycChqZmL00PAcJtN4AaIKnNI=
16,76,L2Gk6iM1rPwB88QQJiBpXKf15/0=,zAHycChqZmL00PAcJtN4AaIKnNI=
20,64,L2Gk6iM1rPwB88QQJiBpXKf15/0=,2LKkkW3P8D6V9jlHo6+PM6vqTDA=
19,64,L2Gk6iM1rPwB88QQJiBpXKf15/0=,2LKkkW3P8D6V9jlHo6+PM6vqTDA=
19,65,L2Gk6iM1rPwB88QQJiBpXKf15/0=,2LKkkW3P8D6V9jlHo6+PM6vqTDA=
21,65,L2Gk6iM1rPwB88QQJiBpXKf15/0=,2LKkkW3P8D6V9jlHo6+PM6vqTDA=
18,69,L2Gk6iM1rPwB88QQJiBpXKf15/0=,2LKkkW3P8D6V9jlHo6+PM6vqTDA=
23,66,L2Gk6iM1rPwB88QQJiBpXKf15/0=,2LKkkW3P8D6V9jlHo6+PM6vqTDA=
16,69,L2Gk6iM1rPwB88QQJiBpXKf15/0=,2LKkkW3P8D6V9jlHo6+PM6vqTDA=
17,69,L2Gk6iM1rPwB88QQJiBpXKf15/0=,2LKkkW3P8D6V9jlHo6+PM6vqTDA=
17,70,L2Gk6iM1rPwB88QQJiBpXKf15/0=,2LKkkW3P8D6V9jlHo6+PM6vqTDA=
22,64,L2Gk6iM1rPwB88QQJiBpXKf15/0=,2LKkkW3P8D6V9jlHo6+PM6vqTDA=
16,70,L2Gk6iM1rPwB88QQJiBpXKf15/0=,2LKkkW3P8D6V9jlHo6+PM6vqTDA=
16,71,L2Gk6iM1rPwB88QQJiBpXKf15/0=,2LKkkW3P8D6V9jlHo6+PM6vqTDA=
18,78,L2Gk6iM1rPwB88QQJiBpXKf15/0=,zAHycChqZmL00PAcJtN4AaIKnNI=
18,77,L2Gk6iM1rPwB88QQJiBpXKf15/0=,zAHycChqZmL00PAcJtN4AaIKnNI=
17,78,L2Gk6iM1rPwB88QQJiBpXKf15/0=,zAHycChqZmL00PAcJtN4AaIKnNI=
17,77,L2Gk6iM1rPwB88QQJiBpXKf15/0=,zAHycChqZmL00PAcJtN4AaIKnNI=
18,79,L2Gk6iM1rPwB88QQJiBpXKf15/0=,zAHycChqZmL00PAcJtN4AaIKnNI=
16,77,L2Gk6iM1rPwB88QQJiBpXKf15/0=,zAHycChqZmL00PAcJtN4AaIKnNI=
16,78,L2Gk6iM1rPwB88QQJiBpXKf15/0=,zAHycChqZmL00PAcJtN4AaIKnNI=
17,79,L2Gk6iM1rPwB88QQJiBpXKf15/0=,zAHycChqZmL00PAcJtN4AaIKnNI=
16,79,L2Gk6iM1rPwB88QQJiBpXKf15/0=,zAHycChqZmL00PAcJtN4AaIKnNI=
17,66,L2Gk6iM1rPwB88QQJiBpXKf15/0=,2LKkkW3P8D6V9jlHo6+PM6vqTDA=
16,66,L2Gk6iM1rPwB88QQJiBpXKf15/0=,2LKkkW3P8D6V9jlHo6+PM6vqTDA=
18,66,L2Gk6iM1rPwB88QQJiBpXKf15/0=,2LKkkW3P8D6V9jlHo6+PM6vqTDA=
16,65,L2Gk6iM1rPwB88QQJiBpXKf15/0=,2LKkkW3P8D6V9jlHo6+PM6vqTDA=
18,65,L2Gk6iM1rPwB88QQJiBpXKf15/0=,2LKkkW3P8D6V9jlHo6+PM6vqTDA=
17,64,L2Gk6iM1rPwB88QQJiBpXKf15/0=,2LKkkW3P8D6V9jlHo6+PM6vqTDA=
16,64,L2Gk6iM1rPwB88QQJiBpXKf15/0=,2LKkkW3P8D6V9jlHo6+PM6vqTDA=
17,65,L2Gk6iM1rPwB88QQJiBpXKf15/0=,2LKkkW3P8D6V9jlHo6+PM6vqTDA=
18,64,L2Gk6iM1rPwB88QQJiBpXKf15/0=,2LKkkW3P8D6V9jlHo6+PM6vqTDA=
24,77,Z3g2FH/LjS/vDSfgeCtZm7y2BYY=,nml0NlkzWBwo6C7D2lrBF2RGZXg=
23,79,Z3g2FH/LjS/vDSfgeCtZm7y2BYY=,zAHycChqZmL00PAcJtN4AaIKnNI=
22,79,Z3g2FH/LjS/vDSfgeCtZm7y2BYY=,zAHycChqZmL00PAcJtN4AaIKnNI=
24,79,Z3g2FH/LjS/vDSfgeCtZm7y2BYY=,nml0NlkzWBwo6C7D2lrBF2RGZXg=
21,79,Z3g2FH/LjS/vDSfgeCtZm7y2BYY=,zAHycChqZmL00PAcJtN4AaIKnNI=
27,78,Z3g2FH/LjS/vDSfgeCtZm7y2BYY=,nml0NlkzWBwo6C7D2lrBF2RGZXg=
26,78,Z3g2FH/LjS/vDSfgeCtZm7y2BYY=,nml0NlkzWBwo6C7D2lrBF2RGZXg=
24,78,Z3g2FH/LjS/vDSfgeCtZm7y2BYY=,nml0NlkzWBwo6C7D2lrBF2RGZXg=
25,78,Z3g2FH/LjS/vDSfgeCtZm7y2BYY=,nml0NlkzWBwo6C7D2lrBF2RGZXg=
29,79,Z3g2FH/LjS/vDSfgeCtZm7y2BYY=,nml0NlkzWBwo6C7D2lrBF2RGZXg=
25,79,Z3g2FH/LjS/vDSfgeCtZm7y2BYY=,nml0NlkzWBwo6C7D2lrBF2RGZXg=
28,78,Z3g2FH/LjS/vDSfgeCtZm7y2BYY=,nml0NlkzWBwo6C7D2lrBF2RGZXg=
23,77,Z3g2FH/LjS/vDSfgeCtZm7y2BYY=,zAHycChqZmL00PAcJtN4AaIKnNI=
23,78,Z3g2FH/LjS/vDSfgeCtZm7y2BYY=,zAHycChqZmL00PAcJtN4AaIKnNI=
22,78,Z3g2FH/LjS/vDSfgeCtZm7y2BYY=,zAHycChqZmL00PAcJtN4AaIKnNI=
21,78,Z3g2FH/LjS/vDSfgeCtZm7y2BYY=,zAHycChqZmL00PAcJtN4AaIKnNI=
22,77,Z3g2FH/LjS/vDSfgeCtZm7y2BYY=,zAHycChqZmL00PAcJtN4AaIKnNI=
21,77,Z3g2FH/LjS/vDSfgeCtZm7y2BYY=,zAHycChqZmL00PAcJtN4AaIKnNI=
25,77,Z3g2FH/LjS/vDSfgeCtZm7y2BYY=,nml0NlkzWBwo6C7D2lrBF2RGZXg=
26,77,Z3g2FH/LjS/vDSfgeCtZm7y2BYY=,nml0NlkzWBwo6C7D2lrBF2RGZXg=
28,79,Z3g2FH/LjS/vDSfgeCtZm7y2BYY=,nml0NlkzWBwo6C7D2lrBF2RGZXg=
31,77,Z3g2FH/LjS/vDSfgeCtZm7y2BYY=,nml0NlkzWBwo6C7D2lrBF2RGZXg=
27,79,Z3g2FH/LjS/vDSfgeCtZm7y2BYY=,nml0NlkzWBwo6C7D2lrBF2RGZXg=
30,79,Z3g2FH/LjS/vDSfgeCtZm7y2BYY=,nml0NlkzWBwo6C7D2lrBF2RGZXg=
26,79,Z3g2FH/LjS/vDSfgeCtZm7y2BYY=,nml0NlkzWBwo6C7D2lrBF2RGZXg=
31,79,Z3g2FH/LjS/vDSfgeCtZm7y2BYY=,nml0NlkzWBwo6C7D2lrBF2RGZXg=
30,77,Z3g2FH/LjS/vDSfgeCtZm7y2BYY=,nml0NlkzWBwo6C7D2lrBF2RGZXg=
31,78,Z3g2FH/LjS/vDSfgeCtZm7y2BYY=,nml0NlkzWBwo6C7D2lrBF2RGZXg=
30,78,Z3g2FH/LjS/vDSfgeCtZm7y2BYY=,nml0NlkzWBwo6C7D2lrBF2RGZXg=
27,77,Z3g2FH/LjS/vDSfgeCtZm7y2BYY=,nml0NlkzWBwo6C7D2lrBF2RGZXg=
29,77,Z3g2FH/LjS/vDSfgeCtZm7y2BYY=,nml0NlkzWBwo6C7D2lrBF2RGZXg=
29,78,Z3g2FH/LjS/vDSfgeCtZm7y2BYY=,nml0NlkzWBwo6C7D2lrBF2RGZXg=
28,77,Z3g2FH/LjS/vDSfgeCtZm7y2BYY=,nml0NlkzWBwo6C7D2lrBF2RGZXg=
